Date,Close,Returns
2006-02-07,0.10252228708262869,0.5038415634846789
2006-02-08,0.10449219566077576,0.5765627423210262
2006-02-09,0.1042127117609778,0.5349073221130448
2006-02-10,0.10471805396227829,0.5493913503597156
2006-02-13,0.10392528137683027,0.5254297339913139
2006-02-14,0.10623128719585043,0.5825080288368083
2006-02-15,0.10701077140343364,0.5543205797885653
2006-02-16,0.10873813685942166,0.5714896366354904
2006-02-17,0.10840082069959103,0.5339482718445246
2006-02-21,0.10763363125724046,0.52611901020436
2006-02-22,0.10939926205453153,0.5721004585261352
2006-02-23,0.10848462360474294,0.5235018064503372
2006-02-24,0.10884087861516532,0.5465263596983887
2006-02-27,0.10964833029091943,0.554672277622416
2006-02-28,0.10726455740098227,0.49680735255961067
2006-03-01,0.10917938690300831,0.5748497424918532
2006-03-02,0.10881983536344814,0.5335565258135568
2006-03-03,0.10845192573947578,0.5333951732674632
2006-03-06,0.10674586605884835,0.5089960353949706
2006-03-07,0.10630783534780994,0.5320537507939327
2006-03-08,0.10673319276794159,0.5478482115330588
2006-03-09,0.1056124797486995,0.5195348683087051
2006-03-10,0.10726054262593755,0.5702268481786448
2006-03-13,0.10778819215584624,0.5496792885739806
2006-03-14,0.1102548866807458,0.5847266873136783
2006-03-15,0.11124273856935434,0.5578252910739941
2006-03-16,0.11170006608010799,0.5482638382498725
2006-03-17,0.11202311778784364,0.5458478903085935
2006-03-20,0.11161548458037363,0.5327708364358109
2006-03-21,0.11016897585297827,0.5140783165107322
2006-03-22,0.11158941975265323,0.5655883468799754
2006-03-23,0.11098436503673423,0.5292137404856665
2006-03-24,0.11126136359302372,0.5450387394036895
2006-03-27,0.11105241217320794,0.5363167779993406
2006-03-28,0.10951745500457391,0.5124204517912387
2006-03-29,0.11129524868383643,0.5720709892995118
2006-03-30,0.11085425950672127,0.5321497704279663
2006-03-31,0.10987718034003366,0.5224743461837861
2006-04-03,0.11042014289753654,0.5498516233587541
2006-04-04,0.11188886366615765,0.5664260364150046
2006-04-05,0.1129285665981867,0.5586311418432365
2006-04-06,0.11250278542539865,0.5324737858126453
2006-04-07,0.11000373261736714,0.49523396963816
2006-04-10,0.11025092320898015,0.5445218521916648
2006-04-11,0.10842550344597372,0.5070605515106458
2006-04-12,0.10871434698343144,0.5453060746506405
2006-04-13,0.10889052769146673,0.5432594355903466
2006-04-17,0.10827975600879962,0.5289888182680393
2006-04-18,0.11228595021756901,0.6122249692228499
2006-04-19,0.11284727299648657,0.5500830100729629
2006-04-20,0.11300521853053434,0.5428810506103573
2006-04-21,0.11306915125450477,0.5412054290495523
2006-04-24,0.11244620094673351,0.5289595361522452
2006-04-25,0.11131649880584178,0.5198520826350237
2006-04-26,0.11199904743551484,0.552291349925613
2006-04-27,0.11275624841253078,0.5535886476966508
2006-04-28,0.11302022953855567,0.5447711059853745
2006-05-01,0.11202661718243755,0.5223337003290339
2006-05-02,0.11354359175769625,0.5671116479733649
2006-05-03,0.11260081991540347,0.5232785385582855
2006-05-04,0.1133730745726163,0.553823352974608
2006-05-05,0.11585618455869512,0.5840095769829218
2006-05-08,0.11564368699822905,0.5363234717268746
2006-05-09,0.11581614783876322,0.5431050852878216
2006-05-10,0.11543957279404608,0.5334298531927018
2006-05-11,0.11240273291435203,0.4861738561969705
2006-05-12,0.10973336923913805,0.4921422490462367
2006-05-15,0.1101657948425295,0.5478659937964114
2006-05-16,0.10980271863650443,0.5335193145066276
2006-05-17,0.10582914896314709,0.46776394877808025
2006-05-18,0.10428902072779767,0.5117191135559627
2006-05-19,0.10514768654058443,0.5558940341194366
2006-05-22,0.10424689113789462,0.5234615403576249
2006-05-23,0.10328772088948313,0.5223160910378521
2006-05-24,0.10354557434633212,0.5448457770237407
2006-05-25,0.10617141081431906,0.5884391157611161
2006-05-26,0.107536565107997,0.5650060727846064
2006-05-30,0.10384675746171157,0.47233065764415133
2006-05-31,0.1056398665852773,0.5731146844153702
2006-06-01,0.10839284873622401,0.5903259924205521
2006-06-02,0.10894176654797978,0.5500195079864895
2006-06-05,0.10476209392610064,0.4637082098425234
2006-06-06,0.10448396794055048,0.5349382295621127
2006-06-07,0.10305650253462348,0.5136499564432601
2006-06-08,0.10334121515690804,0.5453484365665769
2006-06-09,0.10231521565524793,0.5210038064458423
2006-06-12,0.09958302983741021,0.48889526355546914
2006-06-13,0.09694258574465398,0.4900398078874441
2006-06-14,0.09805828657853358,0.5612749834795377
2006-06-15,0.10284569508231592,0.6299237404773769
2006-06-16,0.10202029582094223,0.5247052390096433
2006-06-19,0.09987801029658674,0.49994377836235865
2006-06-20,0.09991982039756349,0.5408533825234997
2006-06-21,0.10215588175641921,0.581930323201428
2006-06-22,0.10091360592814183,0.5168582530766943
2006-06-23,0.10072548350153056,0.5365415122570839
2006-06-26,0.10182383864842263,0.5606093161353405
2006-06-27,0.09976498447747653,0.501480899843793
2006-06-28,0.10098170823462894,0.56291095138675
2006-06-29,0.10595380743827994,0.6322017058418858
2006-06-30,0.10553506807209931,0.5323815806704951
2006-07-03,0.10740665685048509,0.5743125718748746
2006-07-05,0.10571482309270669,0.509121754806967
2006-07-06,0.10631798234925322,0.5511241343711722
2006-07-07,0.1047636005024748,0.5115144643069535
2006-07-10,0.10507836151745428,0.5458636445556336
2006-07-11,0.10609091079079708,0.5586627926709515
2006-07-12,0.10363913405800128,0.49490224772568303
2006-07-13,0.10071251613166618,0.4855391908914435
2006-07-14,0.09963435334778616,0.5198068196560193
2006-07-17,0.09922539799336105,0.5323574913524112
2006-07-18,0.09960733937487862,0.5472672738030249
2006-07-19,0.10382831866273082,0.6188648096699713
2006-07-20,0.10183931960276607,0.5031120667233856
2006-07-21,0.1002034216099155,0.5094374789718406
2006-07-24,0.10392760376510511,0.6094873863787401
2006-07-25,0.10537364503193614,0.566728390033787
2006-07-26,0.10530169111278444,0.5387439598791655
2006-07-27,0.1044173451432971,0.5237758749547592
2006-07-28,0.10721361455679407,0.5913726710999317
2006-07-31,0.10687339178655637,0.5338563652884123
2006-08-01,0.10589465365273161,0.522151714764501
2006-08-02,0.10709779633403801,0.5620791497870374
2006-08-03,0.10758648078182256,0.5489761809353373
2006-08-04,0.10744571715094274,0.5375023385914994
2006-08-07,0.10681665222422398,0.52858801944383
2006-08-08,0.1060099606379665,0.5253027108389121
2006-08-09,0.10503898421382805,0.5222298177334586
2006-08-10,0.10603658393260632,0.5583918297360678
2006-08-11,0.10508145186679216,0.522523419438832
2006-08-14,0.10531698964012483,0.5443995556336962
2006-08-15,0.1084683378172624,0.5976284968883926
2006-08-16,0.11028093341767328,0.5728362412284436
2006-08-17,0.11058817964157475,0.5455972400931131
2006-08-18,0.11146916645463757,0.5558860446456318
2006-08-21,0.1106753144288642,0.5258147102630784
2006-08-22,0.11089653299438149,0.5440430064887243
2006-08-23,0.10982313616774401,0.5207396606931008
2006-08-24,0.11038600474276991,0.5502121911431151
2006-08-25,0.11021698508866776,0.5370227752941793
2006-08-28,0.11138296396462136,0.561023076237037
2006-08-29,0.11183457844441007,0.5481568985540046
2006-08-30,0.11206944271547617,0.5442682035421587
2006-08-31,0.11182835997602551,0.5357540954062961
2006-09-01,0.1131237066643157,0.563189455243339
2006-09-05,0.11356473602784858,0.5479116871662099
2006-09-06,0.11119272456999794,0.49770807229986713
2006-09-07,0.11000073555299565,0.5186251784292178
2006-09-08,0.11086768225360508,0.5556719057454662
2006-09-11,0.11088120325697093,0.5403097368992854
2006-09-12,0.11331458034147138,0.5835711229227445
2006-09-13,0.11424629422113543,0.5566105820613417
2006-09-14,0.11385774238103781,0.5331751384326562
2006-09-15,0.11447322036276017,0.5509783921529797
2006-09-18,0.11478547801248708,0.545592344142669
2006-09-19,0.11410109503165417,0.5279472133778074
2006-09-20,0.11548083865216192,0.5644661687404583
2006-09-21,0.11425001526246663,0.5183074712355652
2006-09-22,0.11367734216818334,0.5299057887650009
2006-09-25,0.11578903802608262,0.5774188329867165
2006-09-26,0.11760652932648356,0.5719621950917627
2006-09-27,0.11769661560591818,0.5416417171969735
2006-09-28,0.11811789500227889,0.5474242580860554
2006-09-29,0.11755469706434425,0.530228008941663
2006-10-02,0.116721255478848,0.5254663791389077
2006-10-03,0.11713961176213183,0.5474017304102581
2006-10-04,0.12005443607962664,0.590834086803712
2006-10-05,0.12060563795755781,0.5496013386822209
2006-10-06,0.1199308566995749,0.5283917654323668
2006-10-09,0.12016473882011412,0.5441169327476783
2006-10-10,0.12061363691901653,0.5478299038289516
2006-10-11,0.1199648678044983,0.5288427565493217
2006-10-12,0.12233223717870352,0.5808854589367932
2006-10-13,0.12287598799762477,0.54938886567724
2006-10-16,0.12353652330859857,0.5513644374880516
2006-10-17,0.12262074161736776,0.5243956767282635
2006-10-18,0.12293120240944834,0.545385765795865
2006-10-19,0.12317961281765366,0.5443180482601349
2006-10-20,0.12344170918687444,0.5445478054530418
2006-10-23,0.12491238693737353,0.5651261322102294
2006-10-24,0.12500425143127095,0.5416273647888552
2006-10-25,0.1259293066562731,0.5557505094382243
2006-10-26,0.12720622952917818,0.5616244914871105
2006-10-27,0.1250996599943538,0.5044455757505582
2006-10-30,0.12521809226763342,0.5420771294535605
2006-10-31,0.12525067095462372,0.5406196433442766
2006-11-01,0.12347753441165113,0.5098756695357723
2006-11-02,0.12340053260889289,0.538750970996311
2006-11-03,0.12284058307306299,0.5304863522123505
2006-11-06,0.1256404870787587,0.5877638104692328
2006-11-07,0.12621355444184884,0.5497655258005786
2006-11-08,0.12671711152380374,0.5485714548112863
2006-11-09,0.12545773292231507,0.5187659202371175
2006-11-10,0.12590424503897216,0.5476308527115826
2006-11-13,0.12651772978818188,0.55043819820453
2006-11-14,0.12810109771143918,0.5667220135709389
2006-11-15,0.12870888392993785,0.5502557155939284
2006-11-16,0.12924312541334076,0.5490033124543346
2006-11-17,0.12954585826061185,0.5451226868546315
2006-11-20,0.1294204867872829,0.5379736959231224
2006-11-21,0.12987164264475726,0.5475942663325336
2006-11-22,0.1304850383209791,0.5502805397537395
2006-11-24,0.12960280448608594,0.525369083888239
2006-11-27,0.12617168751368682,0.482432778381269
2006-11-28,0.12704745927593097,0.5548496499614577
2006-11-29,0.12934243205894927,0.5785708194432116
2006-11-30,0.12962123948738113,0.5447215646672044
2006-12-01,0.12891335649753718,0.5282388298672334
2006-12-04,0.13116234669701138,0.5775352582131499
2006-12-05,0.1321706351052871,0.5567616719722124
2006-12-06,0.13177833356859475,0.5335787583449482
2006-12-07,0.1307560404008655,0.5231144871692829
2006-12-08,0.13117392563304597,0.5470043508061587
2006-12-11,0.13177192542308022,0.5499754924320615
2006-12-12,0.13151853590390092,0.5358709328166283
2006-12-13,0.1317966545012264,0.5446719335670525
2006-12-14,0.13400625862787327,0.576483052034351
2006-12-15,0.13425762377351863,0.5441904342897291
2006-12-18,0.13341501139890677,0.5262284586949615
2006-12-19,0.13401141733484848,0.549866164962743
2006-12-20,0.13363828230273328,0.5339384902303066
2006-12-21,0.1326878274664179,0.5244179020904535
2006-12-22,0.13133295185029795,0.5176623141998548
2006-12-26,0.13244286052325596,0.5584289235579744
2006-12-27,0.13423163462331353,0.5694991526230033
2006-12-28,0.1338716431046225,0.5341593727536733
2006-12-29,0.13272141454248967,0.5211381726576828
2007-01-03,0.13236948454349534,0.5342589401748868
2007-01-04,0.13265595563227794,0.5447949752316246
2007-01-05,0.1310334605002488,0.5132201152360576
2007-01-08,0.13161864489688874,0.5497685265405262
2007-01-09,0.1314938291975749,0.5379992857203334
2007-01-10,0.13196314986828123,0.5478358136570803
2007-01-11,0.13357539925904333,0.5666512406933637
2007-01-12,0.13488924495689206,0.5616123491329125
2007-01-16,0.13508582607205763,0.5432814189066894
2007-01-17,0.13488070879555297,0.5367125325623332
2007-01-18,0.1340991594756274,0.5272626370494841
2007-01-19,0.13488133589700718,0.5528812154932538
2007-01-22,0.13350832446816294,0.517547834783196
2007-01-23,0.1344855461516311,0.5561062024267018
2007-01-24,0.1366786392535211,0.5758505722591493
2007-01-25,0.13371658319013807,0.49166674339385374
2007-01-26,0.13341742320541364,0.5351486966976043
2007-01-29,0.13309782380097124,0.5348065802657235
2007-01-30,0.13462722164133115,0.5651818905118867
2007-01-31,0.1363670136077152,0.568463165000381
2007-02-01,0.13777548803118544,0.5629216217990312
2007-02-02,0.13820317460637713,0.5469832174272383
2007-02-05,0.13795848482521006,0.5361110809671088
2007-02-06,0.13816699612779734,0.5434378670964644
2007-02-07,0.1385255801551821,0.54585809076004
2007-02-08,0.1382687774143461,0.5359200938380938
2007-02-09,0.13642525567254096,0.5101830435184261
2007-02-12,0.13553974754223258,0.5256398860554253
2007-02-13,0.13752982141625122,0.5724233112478175
2007-02-14,0.1395612348925338,0.5728511426090581
2007-02-15,0.1398448149759445,0.5446239811651513
2007-02-16,0.1396302921443096,0.536619811440338
2007-02-20,0.14033659426124068,0.5514055603908974
2007-02-21,0.1400545517571279,0.5355424847579282
2007-02-22,0.1398187897822513,0.5362812983756583
2007-02-23,0.1389199623402031,0.5256047866892022
2007-02-26,0.13862026943662556,0.5352341616688591
2007-02-27,0.12942402001580242,0.3891257656016264
2007-02-28,0.13087811852130277,0.5642817649731727
2007-03-01,0.13018708040729823,0.528575667772553
2007-03-02,0.12722086325440432,0.49039741615647
2007-03-05,0.12481543354486592,0.499370761214056
2007-03-06,0.1287158202989853,0.6058662125604714
2007-03-07,0.1281139613699642,0.5299776248620123
2007-03-08,0.1299116072777129,0.5701327800159328
2007-03-09,0.13004750013522953,0.5423312766768269
2007-03-12,0.13074504354644942,0.5516720982429791
2007-03-13,0.12554630503000444,0.4528259437385985
2007-03-14,0.12721710520290141,0.5682943907821127
2007-03-15,0.12813198967366354,0.555446843757781
2007-03-16,0.1271928286707727,0.5242779039105901
2007-03-19,0.12993143616769529,0.5859496166528684
2007-03-20,0.13156518121809452,0.5672118799210588
2007-03-21,0.13595682034590495,0.6122131938945378
2007-03-22,0.1358642920165769,0.5385589015769182
2007-03-23,0.13611783544559342,0.5441974524309603
2007-03-26,0.136393964539043,0.5445609915151711
2007-03-27,0.1347831326516672,0.5137842303475371
2007-03-28,0.1327463943369297,0.5066080683209115
2007-03-29,0.13369603563995575,0.5556988849291825
2007-03-30,0.13338545442671942,0.5349604326372319
2007-04-02,0.13405795900675146,0.5511161689017118
2007-04-03,0.13644075817011872,0.5789941391276573
2007-04-04,0.13678133329652478,0.5456026023050968
2007-04-05,0.1375735782798795,0.5529172129611927
2007-04-09,0.1376834692822067,0.5418462880105248
2007-04-10,0.13841064278832257,0.5518239341661009
2007-04-11,0.136679533988232,0.5120258090144162
2007-04-12,0.1383048525958795,0.5663992976259693
2007-04-13,0.1392437991331111,0.5552073618883632
2007-04-16,0.1420726702268581,0.5853691627940002
2007-04-17,0.1426388689578009,0.5490781513216427
2007-04-18,0.14284707830986407,0.5433759102275801
2007-04-19,0.14249125761656864,0.5344101535520536
2007-04-20,0.1450063959014312,0.5798955364008398
2007-04-23,0.14438295299932224,0.5302278558177335
2007-04-24,0.14426216982060186,0.5381580879628782
2007-04-25,0.1470026172616393,0.5831704347123524
2007-04-26,0.14673637955087243,0.5358977518663162
2007-04-27,0.1467314492574197,0.5399895554783074
2007-04-30,0.14461123781473195,0.506723420358265
2007-05-01,0.14530595146689018,0.5510201079312713
2007-05-02,0.14704199380572835,0.5673194139840362
2007-05-03,0.14823978748149014,0.5587717016254089
2007-05-04,0.14885654279747834,0.5496671142097802
2007-05-07,0.14956012321676326,0.5509930282241224
2007-05-08,0.1492162836689244,0.5347305505064519
2007-05-09,0.15006881345762701,0.5532858177825074
2007-05-10,0.14620305296443817,0.47980390365131775
2007-05-11,0.1488207349039574,0.5809638780728414
2007-05-14,0.14832440744142159,0.53234171078434
2007-05-15,0.14798408102889332,0.5347619157085958
2007-05-16,0.15028778641716595,0.5758514726277328
2007-05-17,0.15001219404025504,0.5358012136489214
2007-05-18,0.15181922672185275,0.5679605512362054
2007-05-21,0.15227035779079787,0.5470029774400976
2007-05-22,0.15205197443919974,0.5367105026668192
2007-05-23,0.15172978984664384,0.5351105069447502
2007-05-24,0.149025997390147,0.49825115554276816
2007-05-25,0.15052699689765034,0.563329780005813
2007-05-29,0.15093910467630955,0.5464322540638926
2007-05-30,0.1531351848304909,0.5738327905590935
2007-05-31,0.153228441417806,0.541494933986685
2007-06-01,0.1542956285452601,0.5563767506694342
2007-06-04,0.15482799369581576,0.5481803867668372
2007-06-05,0.15331117952098414,0.5169099204405232
2007-06-06,0.1508586219149945,0.5023635795799305
2007-06-07,0.14595177834180614,0.4636469669603174
2007-06-08,0.14896055891838825,0.5870836069660169
2007-06-11,0.14925975701806563,0.5447147982496117
2007-06-12,0.1462809671784072,0.4935706835572119
2007-06-13,0.15041960463430418,0.6045345808030369
2007-06-14,0.15176323419878848,0.5607945125053772
2007-06-15,0.15359876077682041,0.56822548825636
2007-06-18,0.1532701904105701,0.5350394834759445
2007-06-19,0.15378095619014934,0.5478793226282829
2007-06-20,0.14995898963980928,0.4812668255577147
2007-06-21,0.1516346502977941,0.56594347651891
2007-06-22,0.14810234986359755,0.4853392511186148
2007-06-25,0.14721993021830865,0.5262878174641494
2007-06-26,0.14629593503091112,0.525592080488141
2007-06-27,0.1487432165469183,0.5783005639485982
2007-06-28,0.14864363487982854,0.5385175232104472
2007-06-29,0.14822836866968725,0.5336002554887543
2007-07-02,0.15118775889592584,0.5859437998146201
2007-07-03,0.15215613832460118,0.5549752092582237
2007-07-05,0.15222144304878035,0.5410703561651072
2007-07-06,0.1531490222846347,0.5542964812235457
2007-07-09,0.15342854768277817,0.5443458684980215
2007-07-10,0.14953634977439403,0.4801048114521773
2007-07-11,0.15108179173133707,0.5639735873556109
2007-07-12,0.1563368337667668,0.6203971646168855
2007-07-13,0.1572149661012876,0.5533479531577365
2007-07-16,0.15666652886937343,0.5317767706790468
2007-07-17,0.15662041315968922,0.5393690099578948
2007-07-18,0.15609787310494153,0.532152365389914
2007-07-19,0.15736547196938203,0.5592413099161181
2007-07-20,0.1539650623916905,0.4884396769221947
2007-07-23,0.1553056991037818,0.5604937795075775
2007-07-24,0.14978633297679936,0.4553522406904392
2007-07-25,0.15104492152160012,0.5595288584180214
2007-07-26,0.14460056576600197,0.43949173298257527
2007-07-27,0.14030135222286372,0.4716647821043294
2007-07-30,0.14300994226096625,0.5832855572621942
2007-07-31,0.13966298344993816,0.48659980775727796
2007-08-01,0.14155987696654762,0.5704492447093235
2007-08-02,0.14271304017291153,0.5584346380413093
2007-08-03,0.1356763260546095,0.42676825160613135
2007-08-06,0.14191356425820997,0.6406392918563152
2007-08-07,0.14354815198050383,0.5660468453916183
2007-08-08,0.14731102302250634,0.599295303128255
2007-08-09,0.1392285394112119,0.4118458208661159
2007-08-10,0.13934972272788954,0.5420171920603574
2007-08-13,0.13921432253375934,0.5378875300536228
2007-08-14,0.13446028664038961,0.462856080439094
2007-08-15,0.13087746048597365,0.48096641986866073
2007-08-16,0.13163493910832624,0.5526282994605295
2007-08-17,0.13793598215746802,0.6431879587971951
2007-08-20,0.13786571620596122,0.5389301061781597
2007-08-21,0.13817653957343665,0.5450927506721209
2007-08-22,0.14125321551716893,0.5895079197534873
2007-08-23,0.14097596196355833,0.53563420076757
2007-08-24,0.14405149853258278,0.5889880552300544
2007-08-27,0.14178999461404299,0.5041471915472122
2007-08-28,0.1355613915187519,0.43958950879139214
2007-08-29,0.14125679417981712,0.632032212578767
2007-08-30,0.14015432779666787,0.5224147615477873
2007-08-31,0.14314403149405144,0.5877722649232195
2007-09-04,0.1459719095275567,0.5847176272145732
2007-09-05,0.14289785025820345,0.49150729427871476
2007-09-06,0.14407369206872267,0.558704562012229
2007-09-07,0.13961303670414005,0.46893933861249437
2007-09-10,0.13930750731029345,0.5351525130537569
2007-09-11,0.14291238400072692,0.5977016258177099
2007-09-12,0.14292233455825504,0.5402248432201641
2007-09-13,0.1451263682397664,0.5749342733350916
2007-09-14,0.1451825625235056,0.5409521690731967
2007-09-17,0.14385440514416362,0.5190929927104538
2007-09-18,0.15170432746994617,0.6625996088899104
2007-09-19,0.1533745668282636,0.5657025021850942
2007-09-20,0.15152726093449875,0.5117045788502166
2007-09-21,0.15280512218097383,0.5597057010257632
2007-09-24,0.1513503900834294,0.5177027004489168
2007-09-25,0.15125718189934265,0.5386299815729885
2007-09-26,0.15272605526587327,0.5626551110800536
2007-09-27,0.15386309550189264,0.5574726725198537
2007-09-28,0.15306133289716017,0.5278005532785454
2007-10-01,0.15671742855804421,0.5957254570324725
2007-10-02,0.15659480833525977,0.5382114843418678
2007-10-03,0.15530837460776215,0.5205548924191499
2007-10-04,0.15594070996316178,0.5496685493468378
2007-10-05,0.15858078271132192,0.5799297204637801
2007-10-08,0.15767557419089973,0.5264396606043901
2007-10-09,0.1599632295934388,0.574424137473535
2007-10-10,0.1595060721499481,0.5332224190949637
2007-10-11,0.15808105480116252,0.5186632303964489
2007-10-12,0.15943490290167572,0.5604038846538862
2007-10-15,0.15710195215857573,0.5049629637221711
2007-10-16,0.15526991157966508,0.5123018820462821
2007-10-17,0.15575554814314088,0.5474438422677191
2007-10-18,0.15563425310545992,0.538225430683691
2007-10-19,0.14851016321945937,0.4305381340040392
2007-10-22,0.14949768926664941,0.5554136657445053
2007-10-23,0.15191263093556165,0.5773721045667727
2007-10-24,0.15128326619883248,0.5303750781175933
2007-10-25,0.15103728113070436,0.5362729943655155
2007-10-26,0.15488464059462126,0.5990318423683043
2007-10-29,0.15594683238462678,0.5562074196844572
2007-10-30,0.15410391419862568,0.5120246015771782
2007-10-31,0.15748049923781537,0.5913096777766889
2007-11-01,0.15004935708607067,0.42649065782597717
2007-11-02,0.1503641148557553,0.544937601898918
2007-11-05,0.14899531996263066,0.5188455170191327
2007-11-06,0.15234818859378293,0.5918673069478814
2007-11-07,0.14429197281376266,0.4145549170496327
2007-11-08,0.14414186073113333,0.5376937069204515
2007-11-09,0.14034878020552063,0.4796727676367374
2007-11-12,0.13755029777709205,0.49496980296391124
2007-11-13,0.14514179008831332,0.6613413394978966
2007-11-14,0.14330636162866572,0.5110515428824987
2007-11-15,0.13972403207341944,0.4828769265276921
2007-11-16,0.14108909853698837,0.5619473211764182
2007-11-19,0.13648174631384913,0.46577431487536036
2007-11-20,0.13773572053263325,0.5604117705030405
2007-11-21,0.13363278021593736,0.47314534959724364
2007-11-23,0.13800752882663325,0.6113857548232972
2007-11-26,0.13199747687159194,0.44178790156671577
2007-11-27,0.13572196726074895,0.6012301925604763
2007-11-28,0.14305818867937928,0.6581036443016011
2007-11-29,0.14315925848680616,0.5416709940921814
2007-11-30,0.14519379283200853,0.5722351422583388
2007-12-03,0.14369208709309422,0.5163459137517482
2007-12-04,0.14196819762414742,0.5126772342933562
2007-12-05,0.14594284397587698,0.6029614523314836
2007-12-06,0.15002102069001275,0.603675944167275
2007-12-07,0.14946697013364107,0.5314789707476083
2007-12-10,0.15154929041062376,0.5722561501303327
2007-12-11,0.14461327005983232,0.4319171995346936
2007-12-12,0.14631046476860257,0.5667776379812746
2007-12-13,0.1465319542817202,0.5435406835690092
2007-12-14,0.14280419629488428,0.4812302375506738
2007-12-17,0.13880404938245527,0.47604080739338606
2007-12-18,0.14051885264710057,0.5676282875231898
2007-12-19,0.14018291076609002,0.5346809301781711
2007-12-20,0.14144109703241992,0.560204311257497
2007-12-21,0.14588092153947965,0.6103974263837318
2007-12-24,0.14806177974147075,0.5742048490695587
2007-12-26,0.14832195268654377,0.5441217333959009
2007-12-27,0.1444912453831878,0.4799811272368689
2007-12-28,0.14497766123173436,0.5477421289567485
2007-12-31,0.14312772968724286,0.5108041985985526
2008-01-02,0.13943597983552855,0.4810799529236439
2008-01-03,0.13948726481665857,0.5408916853336507
2008-01-04,0.13304804587955718,0.43526358798701115
2008-01-07,0.13384879878328038,0.5532367944654961
2008-01-08,0.1292433224096465,0.4637744762456672
2008-01-09,0.1326375026092387,0.5964215445938569
2008-01-10,0.13470781854035854,0.5740888644518519
2008-01-11,0.13126253668427418,0.4833028528880012
2008-01-14,0.13407175820784462,0.5864062378993666
2008-01-15,0.12763799233287135,0.43320635096688376
2008-01-16,0.12615871724377167,0.5151245980935684
2008-01-17,0.11894831508011858,0.4164190138445752
2008-01-18,0.11752511702984843,0.5152437591724126
2008-01-22,0.11490038769076667,0.4939153037513326
2008-01-23,0.11993776061567323,0.6282165737188035
2008-01-24,0.12246175026977384,0.5835772242514301
2008-01-25,0.11861896280494211,0.47364912783350827
2008-01-28,0.12291581943539151,0.6142664557731816
2008-01-29,0.12439104646791149,0.5652548752147795
2008-01-30,0.12325106820426847,0.5206154790506473
2008-01-31,0.12737790846078614,0.6100773173815898
2008-02-01,0.13033258872838158,0.5895144359265123
2008-02-04,0.12769429005175453,0.49594064083852396
2008-02-05,0.11965874583361143,0.4028691531186501
2008-02-06,0.11785028149361773,0.5085887984940243
2008-02-07,0.11972817677764343,0.5727488145895215
2008-02-08,0.11881516594682417,0.5242075887033192
2008-02-11,0.12026761135433771,0.5652692351044288
2008-02-12,0.12193257807511412,0.5687798539630999
2008-02-13,0.12522610780081078,0.596317475494084
2008-02-14,0.1219141035088406,0.48349854533409853
2008-02-15,0.12209007817517366,0.5430908214802798
2008-02-19,0.12196088547066444,0.5378468970847549
2008-02-20,0.1240523342098312,0.5758664881275983
2008-02-21,0.12093404592096506,0.48658300919389263
2008-02-22,0.12283339868062614,0.572721384657995
2008-02-25,0.12617969268954,0.5970131079473527
2008-02-26,0.12798864140706082,0.5705459280829167
2008-02-27,0.12780982690053722,0.5370633499196349
2008-02-28,0.1256712492291868,0.5039860432621854
2008-02-29,0.11897890412513532,0.4252014082422483
2008-03-03,0.11916116582533894,0.543235250792086
2008-03-04,0.11822251205513731,0.5237246452673289
2008-03-05,0.11955422275620764,0.563234107004577
2008-03-06,0.11419445028974419,0.44607063279041526
2008-03-07,0.11220270205069982,0.5046170938491015
2008-03-10,0.10863223936510012,0.47579269128759705
2008-03-11,0.11717183698817255,0.6922544952066269
2008-03-12,0.11514051244678018,0.5043413694358523
2008-03-13,0.11637524731447385,0.5618170503307354
2008-03-14,0.11146689840779021,0.4529595352514087
2008-03-17,0.1093753393976454,0.5024163563946347
2008-03-18,0.1190883407861755,0.7122410659291486
2008-03-19,0.11308212849835159,0.43439942180147334
2008-03-20,0.1185744468185008,0.6367921338380159
2008-03-24,0.12223792531815293,0.603418717473615
2008-03-25,0.12291988779232664,0.5517595217939714
2008-03-26,0.12082560114633653,0.5040592267616276
2008-03-27,0.11804663067377065,0.49182641646456543
2008-03-28,0.11607048601978791,0.5054371190772942
2008-03-31,0.11733317406254513,0.5622254692553155
2008-04-01,0.1257463514296429,0.6849179204548385
2008-04-02,0.12539027049131535,0.5340320484433305
2008-04-03,0.12574545303534412,0.5460863299918945
2008-04-04,0.12601555568519934,0.5446388976374678
2008-04-07,0.126448009667659,0.5473771552262439
2008-04-08,0.12515527737513654,0.5181776629224022
2008-04-09,0.12327498347293002,0.5080325675626074
2008-04-10,0.12432645253236589,0.558009307298767
2008-04-11,0.11930188878645923,0.4536561292468717
2008-04-14,0.11847876571969458,0.5257473415959582
2008-04-15,0.11958231540990338,0.5592540374148015
2008-04-16,0.12510835013457897,0.6349047465519609
2008-04-17,0.1252295780567993,0.5421245039738827
2008-04-18,0.12966150800422802,0.6146387605147664
2008-04-21,0.1292593750882843,0.5333525282632343
2008-04-22,0.1270638290958349,0.5032262344903002
2008-04-23,0.12772986897936245,0.5512754601315201
2008-04-24,0.1292210250931184,0.5650578428077221
2008-04-25,0.1308706641479491,0.5675490809058101
2008-04-28,0.13063926025888914,0.5362220721987546
2008-04-29,0.1295690466522629,0.5222414747251941
2008-04-30,0.12867021541252927,0.5250398319560787
2008-05-01,0.13283380642431175,0.6092461467892486
2008-05-02,0.13369847133735704,0.5542976833737504
2008-05-05,0.13262666822671446,0.5224199094778162
2008-05-06,0.1345829763262949,0.5722234968363594
2008-05-07,0.12992512855727403,0.46311260481269173
2008-05-08,0.13093882486974454,0.5569297847467071
2008-05-09,0.12926585062545481,0.5122017338069232
2008-05-12,0.13198615610912454,0.5852865559164846
2008-05-13,0.13179857778727652,0.5369635918984732
2008-05-14,0.13279874108188516,0.5565877208532233
2008-05-15,0.1356128297882797,0.5862195130375496
2008-05-16,0.13601239947363705,0.5465807870725756
2008-05-19,0.13626782489750455,0.5442258112997739
2008-05-20,0.13395991823330333,0.5023439418124025
2008-05-21,0.12991923772557748,0.4732303435220575
2008-05-22,0.13048284905884425,0.5494507639575238
2008-05-23,0.12718631798774888,0.4848936689445401
2008-05-27,0.12876471315252433,0.5665705537984839
2008-05-28,0.1297271505152729,0.5561494119392733
2008-05-29,0.1309211112215536,0.5599366446313327
2008-05-30,0.13137135459876828,0.5475364239303332
2008-06-02,0.1287691324156024,0.4967186890034001
2008-06-03,0.127260898040969,0.5147449858251164
2008-06-04,0.1271282461282837,0.5378326897214826
2008-06-05,0.13200294988883135,0.6214277263337965
2008-06-06,0.12431744884141362,0.41109731590310233
2008-06-09,0.12445334563471346,0.5423805059889415
2008-06-10,0.12372318700967333,0.5276211309183791
2008-06-11,0.11967960824644862,0.47049679769727654
2008-06-12,0.12037907922474586,0.5521804226769984
2008-06-13,0.12401101373409257,0.6024334375598885
2008-06-16,0.12407978222367044,0.5412391608071746
2008-06-17,0.1224579284171541,0.512333682151979
2008-06-18,0.12016728437420046,0.5005965162818081
2008-06-19,0.12101435951265194,0.5547042315667774
2008-06-20,0.11655596535908277,0.46247205896949695
2008-06-23,0.11650221775150858,0.5391229401184555
2008-06-24,0.11585818773423891,0.5287412224635418
2008-06-25,0.11724455658977591,0.5644105824382311
2008-06-26,0.11038754052679833,0.41832148452286533
2008-06-27,0.10957511008531434,0.5254157623336796
2008-06-30,0.10984394216768889,0.5449202220110859
2008-07-01,0.11077959507583351,0.5569170910032154
2008-07-02,0.10658330557734445,0.46398428672275766
2008-07-03,0.10679431686179172,0.5439242926591318
2008-07-07,0.10485136750083184,0.5044189232443361
2008-07-08,0.10868427704750225,0.6101146107078581
2008-07-09,0.10348176894840012,0.44471534412732594
2008-07-10,0.10517347365391935,0.5713002801580949
2008-07-11,0.10269768843654445,0.4942812858081473
2008-07-14,0.10071010757045416,0.5029608506781047
2008-07-15,0.09827663851291511,0.49420505476813
2008-07-16,0.1036526099724825,0.6407508175230879
2008-07-17,0.10629077538487193,0.588643149673872
2008-07-18,0.10629232732632596,0.5400952149223527
2008-07-21,0.10625455526984892,0.5393750889375003
2008-07-22,0.10920522462913398,0.593775631480015
2008-07-23,0.11003330788749381,0.5550223667597889
2008-07-24,0.1047414104187763,0.4436025614583331
2008-07-25,0.10564903751249055,0.5567630555430542
2008-07-28,0.10145327734231553,0.4623459505237543
2008-07-29,0.10660802906253564,0.6353600096506966
2008-07-30,0.11041333261164882,0.6091088002651542
2008-07-31,0.1074019777566679,0.48551987761913634
2008-08-01,0.10608180366470076,0.5159379811990445
2008-08-04,0.10392391331240465,0.5003390457186745
2008-08-05,0.11032215612027178,0.6568286528669339
2008-08-06,0.1111023491831213,0.5540943277188738
2008-08-07,0.10693927299939901,0.46469222116927594
2008-08-08,0.11231117589488492,0.6370873493589495
2008-08-11,0.11380261614456735,0.5666270790299947
2008-08-12,0.11095174443710545,0.4891562213713559
2008-08-13,0.1103356083510051,0.52898582809706
2008-08-14,0.111546737219737,0.5618219809915973
2008-08-15,0.11244209627011502,0.5560808164320916
2008-08-18,0.10895475097290468,0.47736128197913613
2008-08-19,0.10687061084501598,0.5021597347128091
2008-08-20,0.10829830570019791,0.5660695035980937
2008-08-21,0.1090074250093039,0.552924974912259
2008-08-22,0.1115347547623526,0.5855897593307358
2008-08-25,0.10695309906048621,0.4571895157077246
2008-08-26,0.1078017775127196,0.5555371039702075
2008-08-27,0.10966304211036981,0.5738054164001158
2008-08-28,0.11311791194858745,0.6020126438552813
2008-08-29,0.10986350701495368,0.48173929109047464
2008-09-02,0.10881451922514551,0.5210996937578027
2008-09-03,0.10832477833029534,0.5311834680915865
2008-09-04,0.10141017727113749,0.4126853769726381
2008-09-05,0.10239189037370879,0.5583788548014667
2008-09-08,0.10703991201118919,0.625744317319697
2008-09-09,0.09911018967890113,0.39287346253332744
2008-09-10,0.10038780007098475,0.5641183786240334
2008-09-11,0.10340760670963714,0.5963972426637542
2008-09-12,0.10395598828819605,0.5502189712185982
2008-09-15,0.0933344413874929,0.3391252568225071
2008-09-16,0.09699879894777194,0.6104349532871043
2008-09-17,0.08700443339081346,0.3454168734262542
2008-09-18,0.09596307923547331,0.7149415318883694
2008-09-19,0.10493454116401574,0.7084731329316416
2008-09-22,0.09629358545466032,0.37798056655421036
2008-09-23,0.09282575515146109,0.47329538064356236
2008-09-24,0.09234123193128506,0.5306560891526467
2008-09-25,0.09655787819804522,0.6212963158372846
2008-09-26,0.0972580259239039,0.5534100371886456
2008-09-29,0.07792500526506807,0.1558373209271701
2008-09-30,0.08866273993785377,0.7576114575598877
2008-10-01,0.08766365490974037,0.5202745968097928
2008-10-02,0.07903326947114274,0.3652734214675065
2008-10-03,0.07634624379626101,0.48419278443478514
2008-10-06,0.0687051299592207,0.37717428763514727
2008-10-07,0.0577055577122209,0.294420551136273
2008-10-08,0.05562091925894184,0.4919206379979109
2008-10-09,0.042030523133077154,0.21253029047054625
2008-10-10,0.0393697841397996,0.4729765221372002
2008-10-13,0.05845411260216382,1.0
2008-10-14,0.0576102533438192,0.5207169015710873
2008-10-15,0.041391120837296784,0.1505447030682321
2008-10-16,0.04811248343504379,0.7057049441462026
2008-10-17,0.04700538753513579,0.5132106299077603
2008-10-20,0.05530166019617179,0.7374299945271329
2008-10-21,0.04974541888793683,0.4088741745907938
2008-10-22,0.039079181307257925,0.27666296782119504
2008-10-23,0.040977441023974645,0.588116315352963
2008-10-24,0.035274452934880504,0.39409637699111955
2008-10-27,0.030161918220379485,0.4049483174718441
2008-10-28,0.046841727865341874,0.9663553549917195
2008-10-29,0.045131453444264426,0.49821453615316696
2008-10-30,0.04938711133205861,0.6434772498187079
2008-10-31,0.05197934221888794,0.6018826085311935
2008-11-03,0.051414378288133014,0.5266683796269455
2008-11-04,0.05885259124699281,0.7132729243539664
2008-11-05,0.04924392153251573,0.3150031709255851
2008-11-06,0.040492207360409135,0.3245165981097789
2008-11-07,0.04526292662441002,0.6588781421222976
2008-11-10,0.04313229274450485,0.48740211729810284
2008-11-11,0.03944504411682722,0.4474049643603547
2008-11-12,0.03084719890502288,0.3160800494069292
2008-11-13,0.041638956414010456,0.8194228153657437
2008-11-14,0.03481749462820919,0.3655657730282942
2008-11-17,0.03071504807968105,0.4316782505189866
2008-11-18,0.03220452430450503,0.5797297777871021
2008-11-19,0.02269642503633205,0.28048818795097313
2008-11-20,0.012905318859068106,0.2556733671295008
2008-11-21,0.021673061197478603,0.7955836530048287
2008-11-24,0.03116622520419436,0.8009112129863473
2008-11-25,0.032315534381184695,0.5706193203324752
2008-11-26,0.03777691737644575,0.6824100063591432
2008-11-28,0.03927933887550921,0.5784286091667145
2008-12-01,0.024698226715658016,0.15278317614135833
2008-12-02,0.030653312627509425,0.7023889511992361
2008-12-03,0.03458783049341494,0.644109462742649
2008-12-04,0.02993170507835523,0.41667156268558736
2008-12-05,0.03542692703981193,0.6853350681196674
2008-12-08,0.04159442081770206,0.6975753159949682
2008-12-09,0.03784247302406524,0.4449230999546662
2008-12-10,0.03988614888168016,0.5921470095258912
2008-12-11,0.03533221179600922,0.42315823814944914
2008-12-12,0.03646608158605041,0.5694680540543103
2008-12-15,0.03450805023487414,0.4891706764741338
2008-12-16,0.042687120175107444,0.7488593087498085
2008-12-17,0.04116456224258251,0.5019447094297201
2008-12-18,0.03767750059795679,0.4514883976161976
2008-12-19,0.03807610380687119,0.5502831290065553
2008-12-22,0.03518424920338979,0.4654020556771829
2008-12-23,0.03369235406002967,0.5010448949064704
2008-12-24,0.034649517197114094,0.5651421615258556
2008-12-26,0.035554415066859975,0.5636418591835093
2008-12-29,0.03503165150105659,0.5264628352054519
2008-12-30,0.03886289918053911,0.6388032387181494
2008-12-31,0.04119956716728471,0.5992127904456587
2009-01-02,0.04633538045120598,0.6673288325902018
2009-01-05,0.045605798383878134,0.5222116534455729
2009-01-06,0.04691925968690241,0.5721591157992357
2009-01-07,0.04165289944381192,0.4099505955629887
2009-01-08,0.042220307703071655,0.5542727203354909
2009-01-09,0.038660779589845394,0.45017812771348564
2009-01-12,0.03491652349038341,0.4434824253319751
2009-01-13,0.035220293727243654,0.547982402190229
2009-01-14,0.029882015194196625,0.39883903474203425
2009-01-15,0.030105137919238655,0.5460616020463659
2009-01-16,0.03138337921046206,0.5742532599836647
2009-01-20,0.023264152024980975,0.318248073218381
2009-01-21,0.029554905763045352,0.7129007235809766
2009-01-22,0.02722585482869174,0.47686885804071333
2009-01-23,0.028192398179986554,0.5664041954067834
2009-01-26,0.02903821918457833,0.5629856087089915
2009-01-27,0.030690158255863634,0.5844862509205816
2009-01-28,0.03581172628326405,0.6749909811202948
2009-01-29,0.03057615090766598,0.40209144365687344
2009-01-30,0.027195849177221246,0.4486221395885828
2009-02-02,0.02700239376439344,0.5347752847198782
2009-02-03,0.029316326595993758,0.6029443450127617
2009-02-04,0.02819908120888467,0.509819878033041
2009-02-05,0.030690181111025658,0.6072241172763548
2009-02-06,0.03481236064071439,0.6489865913615618
2009-02-09,0.034997099191420716,0.5448853738388162
2009-02-10,0.02736578151872957,0.3364748225177308
2009-02-11,0.02862693874897405,0.5743710172128905
2009-02-12,0.02895960536788581,0.5490709922774692
2009-02-13,0.027392900031562445,0.49749884961220164
2009-02-17,0.020650380389629974,0.35200451874441846
2009-02-18,0.020549452615641867,0.5371895676804475
2009-02-19,0.018795395368576877,0.4897587224256689
2009-02-20,0.017217062623941775,0.49430022633387255
2009-02-23,0.012408343028039077,0.3976114767815265
2009-02-24,0.0176927870900865,0.696366931046395
2009-02-25,0.016144815391238666,0.4948556551845322
2009-02-26,0.013932741802313688,0.47463991257934063
2009-02-27,0.01069952608961918,0.44264705745492805
2009-03-02,0.004427902156679969,0.34469687382621705
2009-03-03,0.0035777248270167012,0.5129000625806117
2009-03-04,0.006521160216806527,0.6334135406455972
2009-03-05,0.0011594894599686503,0.3685145894932213
2009-03-06,0.0013535855078209878,0.5463955572466597
2009-03-09,0.0,0.4957399683218581
2009-03-10,0.00772240937210761,0.7871494803591365
2009-03-11,0.008077777795580854,0.5511088303943709
2009-03-12,0.0134972890292619,0.7051067982830225
2009-03-13,0.014557752181862949,0.5716471601532299
2009-03-16,0.014049918975050014,0.5249719968665081
2009-03-17,0.01840065647731136,0.667734762855618
2009-03-18,0.021567211001604174,0.6307043216525552
2009-03-19,0.019777294626787952,0.4890636136346699
2009-03-20,0.016913414120164966,0.4572074904796084
2009-03-23,0.026715851141025166,0.8174165528570317
2009-03-24,0.023575010607358584,0.45309436587609575
2009-03-25,0.024976212117794657,0.5790803806485987
2009-03-26,0.028435211559257666,0.6349158151323949
2009-03-27,0.02532090545438948,0.4547621203642914
2009-03-30,0.020161714032638313,0.39499488946110983
2009-03-31,0.022083163591031445,0.5946584450039544
2009-04-01,0.024496430342527298,0.6076831975751278
2009-04-02,0.02863521314620688,0.6536573510036311
2009-04-03,0.03004830590052578,0.5781858198611932
2009-04-06,0.0286840234173479,0.5032699978166411
2009-04-07,0.025106906081918356,0.44209481352276636
2009-04-08,0.026869429198615746,0.5886131702886609
2009-04-09,0.032541236632336386,0.6927403628173198
2009-04-13,0.033044600515671076,0.5533631048538665
2009-04-14,0.029893971758270584,0.45617215137056866
2009-04-15,0.031825523160173654,0.5916899766004308
2009-04-16,0.034145479673415205,0.6012781909925302
2009-04-17,0.03485866029647591,0.5587135136511783
2009-04-20,0.028202405909944148,0.3628718594445016
2009-04-21,0.03138215518189132,0.625607648678596
2009-04-22,0.030237689227781833,0.50947042340098
2009-04-23,0.03182141289060007,0.5823499351659006
2009-04-24,0.03446210417815987,0.6096756031400754
2009-04-27,0.03285335438913812,0.4977916639620495
2009-04-28,0.03237584611557552,0.5274399059894345
2009-04-29,0.03572681569681631,0.6279195561759876
2009-04-30,0.03557458726761427,0.5361137214466802
2009-05-01,0.036407176721526435,0.5616441146260188
2009-05-04,0.04186614797932936,0.6789712591920792
2009-05-05,0.04123455703934247,0.5242190261495204
2009-05-06,0.044162004587343824,0.6130442758354491
2009-05-07,0.041930730038476624,0.48455434888943577
2009-05-08,0.045933535123630166,0.6391587515792202
2009-05-11,0.04230390042359165,0.4503080966918008
2009-05-12,0.042225499277288886,0.53810757581446
2009-05-13,0.03781599839155173,0.4284419487698212
2009-05-14,0.03947867400317228,0.5824910550699252
2009-05-15,0.03765172301336018,0.49342858880383644
2009-05-18,0.042461801973536155,0.6618080742728197
2009-05-19,0.04220382367640646,0.5336224961668748
2009-05-20,0.041439781548676766,0.5209252928141539
2009-05-21,0.03872917956582921,0.47147645932085225
2009-05-22,0.03849053977390681,0.5339764650932768
2009-05-26,0.04268481753479738,0.6458965833344444
2009-05-27,0.03951158474597559,0.46023602734036845
2009-05-28,0.042048422039273184,0.6040034449937446
2009-05-29,0.04443705410237043,0.5994281900834151
2009-06-01,0.048647034395292936,0.642775257648125
2009-06-02,0.04905990613018314,0.5500111169690303
2009-06-03,0.046634180691537436,0.481315935282648
2009-06-04,0.0486047951558513,0.5878547028966902
2009-06-05,0.04804398036916001,0.5265198033183998
2009-06-08,0.047845752025158006,0.5352683860674199
2009-06-09,0.048489885546620565,0.5556398600766772
2009-06-10,0.04787478105000781,0.5251967522819928
2009-06-11,0.04893949250078928,0.5657742146617208
2009-06-12,0.049146654589280955,0.5450512582402663
2009-06-15,0.045049160498879276,0.44041090425498075
2009-06-16,0.04295934614546692,0.4883547744288952
2009-06-17,0.04276274148465112,0.5351703381153217
2009-06-18,0.04407709924860696,0.5726976269323586
2009-06-19,0.044624913452947716,0.553595739261369
2009-06-22,0.03945893259805475,0.41079710963084143
2009-06-23,0.039881054942505496,0.5507737627149031
2009-06-24,0.0409380634441531,0.5667633143898685
2009-06-25,0.0445055709780198,0.6289892445798761
2009-06-26,0.04427371903111613,0.5343421780820988
2009-06-29,0.045773095753068045,0.5769562954540911
2009-06-30,0.04429863184819313,0.5037927748979203
2009-07-01,0.04506275158680533,0.55890272527144
2009-07-02,0.04015164210798547,0.41757066285551997
2009-07-06,0.040523710542857375,0.549467872565642
2009-07-07,0.037332365486961595,0.4587685668720271
2009-07-08,0.03704534994817162,0.5326808096125419
2009-07-09,0.03760247269403944,0.5543923170499274
2009-07-10,0.03698200993933916,0.5241096241796407
2009-07-13,0.04097173876462685,0.6416763527558605
2009-07-14,0.041839385067959735,0.5618556931785307
2009-07-15,0.04671962461113132,0.6606463128921751
2009-07-16,0.048193237351105665,0.5758343664087854
2009-07-17,0.04813639076309013,0.5386924090608358
2009-07-20,0.05015092905109793,0.5885117263694749
2009-07-21,0.05081742659025623,0.5559774451672994
2009-07-22,0.05071549381057924,0.5376371891950126
2009-07-23,0.05472720156824996,0.6346861527001232
2009-07-24,0.05527086220940205,0.5527338747220705
2009-07-27,0.05579128391516115,0.5521582493883328
2009-07-28,0.055275449261131746,0.5280820653553514
2009-07-29,0.05442773079475153,0.5202997933601166
2009-07-30,0.056573283364395266,0.5899250366490678
2009-07-31,0.05681889501646252,0.5457383298897912
2009-08-03,0.05958529356180098,0.6034456932142014
2009-08-04,0.06013967506920441,0.5526584261901589
2009-08-05,0.05961448851098402,0.5281391726733373
2009-08-06,0.05857323391369619,0.516322322351916
2009-08-07,0.06092138907058425,0.5934327269169658
2009-08-10,0.06033537636420585,0.5268092989211314
2009-08-11,0.05803681849699829,0.4876757586521822
2009-08-12,0.06011722460237619,0.5875122871912969
2009-08-13,0.06142583888483404,0.5696501249190982
2009-08-14,0.05982770928887264,0.5039114726828848
2009-08-17,0.05538765291584912,0.4380244025623221
2009-08-18,0.05719306536670206,0.5818459490210721
2009-08-19,0.05845901810708737,0.5691267670791865
2009-08-20,0.06043039058943301,0.5849398641467828
2009-08-21,0.06383905371161139,0.6165892270138601
2009-08-24,0.06372118453152263,0.5374428644812254
2009-08-25,0.06417780995379505,0.5502231906625392
2009-08-26,0.06420931700297759,0.5407667192802412
2009-08-27,0.06474183599432168,0.5518797313124674
2009-08-28,0.06438887102244718,0.5322404868290012
2009-08-31,0.0628784302615696,0.5064171050671199
2009-09-01,0.05878601271003801,0.44757697268599567
2009-09-02,0.058313957360505896,0.5292716830219593
2009-09-03,0.05987973930685489,0.575771999777546
2009-09-04,0.06224731948713137,0.5935097949555143
2009-09-08,0.06387298596277342,0.5763893056786031
2009-09-09,0.06532177081572897,0.5721857122147284
2009-09-10,0.06733500953574843,0.5843125419033323
2009-09-11,0.06710899691011574,0.535121806317986
2009-09-14,0.0682613505189734,0.5652214093113118
2009-09-15,0.06889569478096959,0.5538525292517809
2009-09-16,0.0718667467327874,0.6040640498743377
2009-09-17,0.07128925230410167,0.5277002913164552
2009-09-18,0.07174888694333924,0.5499122743856307
2009-09-21,0.07105762511113248,0.5252514270804851
2009-09-22,0.07237853705887372,0.5683336475497159
2009-09-23,0.07039764778373629,0.4976082360696074
2009-09-24,0.06852530775410393,0.49955356919142446
2009-09-25,0.06736352801356538,0.5147390925375919
2009-09-28,0.07073737222858359,0.6132186690343935
2009-09-29,0.07031607142708625,0.5309985010520516
2009-09-30,0.06976095744971736,0.5280895444611876
2009-10-01,0.06481014883068484,0.4317755675262936
2009-10-02,0.06396647531368706,0.521343204196611
2009-10-05,0.06680645056372857,0.6027785077619741
2009-10-06,0.06945746962256287,0.5978079407090294
2009-10-07,0.0700091669948825,0.55198822597873
2009-10-08,0.07149441321946548,0.5720008686085173
2009-10-09,0.07250425930024801,0.5616473563774532
2009-10-12,0.0734126658171306,0.55938929357107
2009-10-13,0.0729216894316043,0.5296339258064269
2009-10-14,0.07631509732005728,0.6116723464226842
2009-10-15,0.07708531310348231,0.5561579376599459
2009-10-16,0.07549073758878644,0.5066877124670863
2009-10-19,0.07740613515551893,0.5801310359631703
2009-10-20,0.07614994440031297,0.5138324729879322
2009-10-21,0.07442451493535936,0.5037752247439145
2009-10-22,0.076509007971807,0.5838730888639061
2009-10-23,0.0740721425405251,0.4888118702388589
2009-10-26,0.07168924629450599,0.489361181920519
2009-10-27,0.07107189225613175,0.5268339811414094
2009-10-28,0.06726106293647473,0.4574870185678882
2009-10-29,0.07159023200163443,0.6337597320959694
2009-10-30,0.06617782893048439,0.4226138887234789
2009-11-02,0.06744131925157203,0.5677681062057666
2009-11-03,0.06799090994415485,0.5520618853909465
2009-11-04,0.06819861662075155,0.5445915716444766
2009-11-05,0.07185309522713694,0.6189235559900595
2009-11-06,0.07234549719476244,0.5505843619970486
2009-11-09,0.07669966870237767,0.6319894560552363
2009-11-10,0.07669259616904187,0.5399190366871961
2009-11-11,0.0777398500046858,0.5618921300291159
2009-11-12,0.07565316363222253,0.4964712291839764
2009-11-13,0.0768452442079705,0.5650250664140986
2009-11-16,0.0798168689888639,0.6016716862151563
2009-11-17,0.08002399696723463,0.5443286971109549
2009-11-18,0.0799249789457264,0.5380299018561971
2009-11-19,0.07722654164011984,0.4841901447489913
2009-11-20,0.07661446493460701,0.5272928614409397
2009-11-23,0.07935515922520392,0.5969772335317308
2009-11-24,0.07927755082849329,0.5384653762336863
2009-11-25,0.08027285860952972,0.5605604127685868
2009-11-27,0.07674946077880146,0.4670847036664246
2009-11-30,0.07754121309876962,0.5565728847737469
2009-12-01,0.07998622905368721,0.5906508422461928
2009-12-02,0.08010048925869237,0.5424164792807344
2009-12-03,0.0783962151117035,0.5048882889005794
2009-12-04,0.07929255334350879,0.558603583255684
2009-12-07,0.07877543762657689,0.5293821095055432
2009-12-08,0.07665246423077642,0.4959269737605818
2009-12-09,0.0773569585112975,0.5547635870804223
2009-12-10,0.07850485529451483,0.5639086474437843
2009-12-11,0.07917136484816914,0.5538509934894754
2009-12-14,0.08060681941062131,0.5696074039573572
2009-12-15,0.07946289093258761,0.5165417018831374
2009-12-16,0.0797656726664288,0.5463058442649543
2009-12-17,0.0772410615038289,0.48777178854365727
2009-12-18,0.07845914918247726,0.565376204398622
2009-12-21,0.0804440696662804,0.5809991547516552
2009-12-22,0.08111833913435147,0.5538849029987545
2009-12-23,0.08161342834425804,0.5501852418020204
2009-12-24,0.0827366351309657,0.5629363043360797
2009-12-28,0.08294736372951181,0.5443441719950292
2009-12-29,0.0826294266755992,0.5336116997683644
2009-12-30,0.08266743598384864,0.5408390024135298
2009-12-31,0.08062062744996439,0.4982887407059692
2010-01-04,0.08397722119632865,0.6083720357200784
2010-01-05,0.08464723131840693,0.5535748031697753
2010-01-06,0.0848349123849108,0.5438431706622512
2010-01-07,0.0856147684894806,0.555723736290846
2010-01-08,0.08623387740381382,0.5524567962043277
2010-01-11,0.08664119726770322,0.5481992970871506
2010-01-12,0.08463840004237773,0.4999332077687092
2010-01-13,0.08635781252342642,0.5745439557088905
2010-01-14,0.08689399358840272,0.5507629572836861
2010-01-15,0.08460722270134802,0.4942658107111963
2010-01-19,0.08719427368321207,0.5918466333095613
2010-01-20,0.08489922888226628,0.49416215677869757
2010-01-21,0.08093252832439793,0.4595758566365662
2010-01-22,0.07644718337759861,0.44723635699032493
2010-01-25,0.0773698281080217,0.5593233498070814
2010-01-26,0.07653938807507071,0.5227384575111602
2010-01-27,0.07745036355359235,0.5590719903834743
2010-01-28,0.07509190299725,0.4906931233730367
2010-01-29,0.07315252926078986,0.49904607045332416
2010-02-01,0.07601918007543375,0.6005661356530603
2010-02-02,0.07862951162913401,0.5944401664555266
2010-02-03,0.07749782433444248,0.5165763842945718
2010-02-04,0.0711493610361125,0.405907839383548
2010-02-05,0.07171177865324393,0.5521191193964592
2010-02-08,0.06999281540386906,0.5031257493124961
2010-02-09,0.07253568024554229,0.5946040685657359
2010-02-10,0.07207813702625054,0.5303036740994915
2010-02-11,0.07401882103326739,0.5813288487766808
2010-02-12,0.07347711316201481,0.5285882104344181
2010-02-16,0.07711567263019536,0.616596055482934
2010-02-17,0.07791532793375155,0.5567083695630693
2010-02-18,0.07925600835375089,0.5678267405017541
2010-02-19,0.07968578075593336,0.5489285531513489
2010-02-22,0.07944425603493581,0.5350888451361758
2010-02-23,0.0769885210780853,0.48912950686685014
2010-02-24,0.07890918071788823,0.5799557430526684
2010-02-25,0.0785297093510394,0.5322144971648276
2010-02-26,0.07886522961990731,0.5470103475226464
2010-03-01,0.08089958008808115,0.5819337174394599
2010-03-02,0.0814385754451817,0.5510926889348753
2010-03-03,0.0815548147276898,0.5424410032457609
2010-03-04,0.08228953402780732,0.5550439042736618
2010-03-05,0.08513046380884458,0.5975022246711671
2010-03-08,0.08506470819581968,0.5387458730656747
2010-03-09,0.08541231325243479,0.5470451178515695
2010-03-10,0.08629822407550701,0.5578018038922979
2010-03-11,0.08713909697204847,0.5568341287655143
2010-03-12,0.08706660833877415,0.5386238668587103
2010-03-15,0.08717610817949184,0.542246274282331
2010-03-16,0.08889349400839515,0.5741086200916059
2010-03-17,0.09009838417743596,0.5637932907726911
2010-03-18,0.09004867537389857,0.539090473072342
2010-03-19,0.08888578864255235,0.5171644802513344
2010-03-22,0.08994213765884553,0.5608758886732624
2010-03-23,0.09147426776132218,0.5700740067869485
2010-03-24,0.09018713988595851,0.5148718339948425
2010-03-25,0.089820709287878,0.5328675387888
2010-03-26,0.09005543580653264,0.5446798260990164
2010-03-29,0.09126909842200134,0.563841570256671
2010-03-30,0.09125438750018573,0.539779390563723
2010-03-31,0.09059849675861516,0.527233531837134
2010-04-01,0.09222696606427606,0.5718608525421305
2010-04-05,0.09390605278699958,0.5726095968713868
2010-04-06,0.09428191483352068,0.5473185243773749
2010-04-07,0.09309854863413641,0.5171947575222248
2010-04-08,0.09381805454411825,0.5539875736355955
2010-04-09,0.09529883828105695,0.5685782835725719
2010-04-12,0.09567470032757805,0.547274375837735
2010-04-13,0.09582671511970682,0.5429784922993589
2010-04-14,0.09825563613810394,0.5863301853615055
2010-04-15,0.09847932306111805,0.5443029049523315
2010-04-16,0.09485253800620366,0.47087430757341875
2010-04-19,0.09580133567065133,0.5582738052244665
2010-04-20,0.09757761041379946,0.5739508983686868
2010-04-21,0.09740256065651504,0.5367391598482346
2010-04-22,0.09786639981697615,0.5488787123259922
2010-04-23,0.09946939183139256,0.5703845251083554
2010-04-26,0.09850227109379951,0.5218005204138233
2010-04-27,0.09345276780891944,0.4434402543116189
2010-04-28,0.09481683299543618,0.5663798583212031
2010-04-29,0.09761579531321807,0.5935700944856539
2010-04-30,0.09405705076608986,0.47192664009702356
2010-05-03,0.09687814861899632,0.5941697393094983
2010-05-04,0.09166896688163667,0.43963793659969225
2010-05-05,0.09025485745237699,0.5124024060245674
2010-05-06,0.08354669512619055,0.4064038942504637
2010-05-07,0.08037551778287534,0.47543356054368585
2010-05-10,0.08920556930016782,0.7177222479260408
2010-05-11,0.08863134005245195,0.5287298058276981
2010-05-12,0.09153055008231674,0.5970086913499157
2010-05-13,0.08892895444821451,0.48900435167517653
2010-05-14,0.08499231636900197,0.4616529547192158
2010-05-17,0.08515774127207912,0.5433902586869426
2010-05-18,0.08226621326955329,0.4816089215044483
2010-05-19,0.08111919243976567,0.5166600138472837
2010-05-20,0.07320321883387758,0.3750314010342128
2010-05-21,0.07613463910618748,0.6019083949049907
2010-05-24,0.07364696506163873,0.4876426996649002
2010-05-25,0.07373863732359946,0.5420098143135619
2010-05-26,0.07267684339293984,0.5175088843634884
2010-05-27,0.07904176530796637,0.6735858241890116
2010-05-28,0.07657986940040491,0.4889036023704761
2010-06-01,0.07323201109029683,0.4695200217579108
2010-06-02,0.0782359985617088,0.6450968962764468
2010-06-03,0.07897574047356187,0.5553822949089063
2010-06-04,0.07214921015855456,0.3966592347230756
2010-06-07,0.0696480013699232,0.48632688889866105
2010-06-08,0.07171392020263874,0.5845014376653294
2010-06-09,0.07056336469430628,0.5153757206418205
2010-06-10,0.07613225498826051,0.6583050961859134
2010-06-11,0.07703682114743754,0.5589751728158243
2010-06-14,0.07667822814370513,0.5325807832963001
2010-06-15,0.08137403743918656,0.6370994943243332
2010-06-16,0.08125115931903021,0.537554838052062
2010-06-17,0.08158537884607964,0.5468957801882567
2010-06-18,0.08187146885438154,0.5459039352765668
2010-06-21,0.08101689653230322,0.522607725975988
2010-06-22,0.07782350507629739,0.4742032767251964
2010-06-23,0.07722147193708373,0.5275383475315176
2010-06-24,0.07390767099461372,0.470457935592882
2010-06-25,0.07453980693699858,0.553430812257013
2010-06-28,0.074089916399294,0.5305598183622183
2010-06-29,0.06806748212510637,0.4107776223276661
2010-06-30,0.06617957041097079,0.49874007489785976
2010-07-01,0.06539250574687437,0.5227221642631328
2010-07-02,0.06456574801886215,0.5217732918933259
2010-07-06,0.06551201380089142,0.5609983339430283
2010-07-07,0.07139137192990673,0.6679277897364787
2010-07-08,0.07318386002831498,0.5783189806893627
2010-07-09,0.07461062721249513,0.5702777774917722
2010-07-12,0.0747175634773823,0.5423227524100762
2010-07-13,0.07774873817694919,0.6035354823633367
2010-07-14,0.0777408538365447,0.5399028948483453
2010-07-15,0.07799303196308872,0.5453061184605287
2010-07-16,0.07223198713622268,0.418784067639161
2010-07-19,0.07334303559818155,0.5637192654425183
2010-07-20,0.07558990040568661,0.5875127987151012
2010-07-21,0.07307919346744698,0.4870155471399881
2010-07-22,0.07748104512403836,0.6326585749090655
2010-07-23,0.07906432273142887,0.5728984674434445
2010-07-26,0.08127703163861864,0.5855428976764735
2010-07-27,0.08098196507555375,0.5340296921159251
2010-07-28,0.07961364164782546,0.5119615937555727
2010-07-29,0.0788169100097368,0.5236186945947526
2010-07-30,0.0788956561930322,0.5416952191363964
2010-08-02,0.08329192884243342,0.6300332934702716
2010-08-03,0.08233843420052214,0.5207103035708905
2010-08-04,0.08358449956656791,0.5653455624375443
2010-08-05,0.08334112578701022,0.5351409377762204
2010-08-06,0.08262620257868188,0.5255647584560551
2010-08-09,0.08372600471280965,0.5623562024855574
2010-08-10,0.08252505398654243,0.5157217408174916
2010-08-11,0.07678377314376064,0.42177849763465763
2010-08-12,0.07575700568103753,0.518571831595173
2010-08-13,0.07498441254647073,0.5238231458312753
2010-08-16,0.07506795009697728,0.5418260637416673
2010-08-17,0.07745134342550794,0.5899651768419906
2010-08-18,0.07774994245755515,0.5462784059655109
2010-08-19,0.0744204007990514,0.470301185381689
2010-08-20,0.0736765880445054,0.5243285210576693
2010-08-23,0.0728892741141406,0.5233463428873719
2010-08-24,0.07013007749964134,0.4809606034636789
2010-08-25,0.07077770578942626,0.5540116720172912
2010-08-26,0.06931342672475234,0.5084741919036205
2010-08-27,0.0724273908307763,0.6069818059083528
2010-08-30,0.0696396342401146,0.48020961220625635
2010-08-31,0.06975255420737175,0.5425072896374652
2010-09-01,0.07533931026408473,0.6591466267487162
2010-09-02,0.07713147673305304,0.5775915037240519
2010-09-03,0.07970965728820253,0.5934923604137882
2010-09-07,0.07747327257368612,0.4937615152481593
2010-09-08,0.07874182396670636,0.5663926454195876
2010-09-09,0.07961902642066292,0.5581791513684586
2010-09-10,0.08058788318388498,0.5599850917506091
2010-09-13,0.08284234791967277,0.5860682493827363
2010-09-14,0.08281529603895874,0.539517663560575
2010-09-15,0.08351502857421578,0.5542487939941655
2010-09-16,0.08344879065512857,0.5387262667431156
2010-09-17,0.08362667735255278,0.5436659601916568
2010-09-20,0.08674641380248477,0.6027127958326877
2010-09-21,0.08628324407040935,0.5308224557931365
2010-09-22,0.08530120906220277,0.520401821020939
2010-09-23,0.08360374050578145,0.5058662016678008
2010-09-24,0.08791509524955919,0.6264160413392547
2010-09-27,0.08675994654415134,0.5170972698883456
2010-09-28,0.08782272538729095,0.5612040148588883
2010-09-29,0.0872926823488148,0.5295376956194476
2010-09-30,0.08665376581153815,0.5273412839814063
2010-10-01,0.08759462431081204,0.558793367888318
2010-10-04,0.08592199199631768,0.5067197488131293
2010-10-05,0.09032257267113537,0.6272625664838537
2010-10-06,0.09021948649983853,0.5380438841869842
2010-10-07,0.08981742463513864,0.5321680053327136
2010-10-08,0.09118929496305439,0.566959845683066
2010-10-11,0.09123463932828305,0.5409528830720776
2010-10-12,0.09202388041143231,0.5554609671159472
2010-10-13,0.09361111030467836,0.5708631611019666
2010-10-14,0.09282848796596851,0.524908916934329
2010-10-15,0.09319546812366959,0.5471810139700568
2010-10-18,0.09479527332753566,0.5709462920411316
2010-10-19,0.09122279186135704,0.4708089327258712
2010-10-20,0.09351548879501044,0.5846396311384614
2010-10-21,0.09380448700184248,0.5456532713828338
2010-10-22,0.09433465439725758,0.5502967288784
2010-10-25,0.09483981948831473,0.5497921489841449
2010-10-26,0.09483022087266198,0.5398822067308343
2010-10-27,0.09418556458252403,0.5276516579217541
2010-10-28,0.09451258473354092,0.546369118308016
2010-10-29,0.09448345979986927,0.539505869219334
2010-11-01,0.09466266070363337,0.5435169554785535
2010-11-02,0.09636804632960363,0.5727655496615034
2010-11-03,0.09713168666220429,0.554630066759114
2010-11-04,0.10153213717998154,0.6230580256333967
2010-11-05,0.10239314174561535,0.5561230471974147
2010-11-08,0.10197172784213801,0.5322154964210968
2010-11-09,0.10006469077652667,0.5043603420368228
2010-11-10,0.1010877773843364,0.5592587104714626
2010-11-11,0.10015948314787008,0.5226566110994724
2010-11-12,0.09735536668033562,0.4870519748079888
2010-11-15,0.09700282290631078,0.5333560140586522
2010-11-16,0.09343244211262089,0.4715186960102311
2010-11-17,0.09345253760012746,0.5404556248864162
2010-11-18,0.09680933731914515,0.6045386423395203
2010-11-19,0.09736105823711504,0.5505732633901926
2010-11-22,0.09708702712324992,0.5348515450268567
2010-11-23,0.09402988509290758,0.4814601534548508
2010-11-24,0.09718705733152518,0.6005778942101231
2010-11-26,0.09554835664675344,0.5087632746580745
2010-11-29,0.09527273437170003,0.5347796675984304
2010-11-30,0.09402406034093927,0.5160339374643018
2010-12-01,0.09862396695992595,0.627956480948791
2010-12-02,0.10140721424783813,0.5924032774975937
2010-12-03,0.10211272865574139,0.5532347632331684
2010-12-06,0.10189058745978681,0.5359249379093362
2010-12-07,0.10184282472841265,0.5391757419037478
2010-12-08,0.10256936277816608,0.5536014675802776
2010-12-09,0.10345659547199806,0.5565386149078541
2010-12-10,0.1047813915544018,0.5645476005268626
2010-12-13,0.1048288350039961,0.5409409719816766
2010-12-14,0.10499206891871772,0.543073153497754
2010-12-15,0.103771709602683,0.5175408253714711
2010-12-16,0.10513438773634651,0.5652122415808797
2010-12-17,0.10538540169965356,0.5446830684917936
2010-12-20,0.10600491379009239,0.5514391872682519
2010-12-21,0.10739392252041455,0.5654582026515638
2010-12-22,0.10814713420140326,0.5537744762093837
2010-12-23,0.10774665721444836,0.5327838595161173
2010-12-27,0.10791975696378638,0.5432162132673272
2010-12-28,0.10813826853905778,0.5440392206632191
2010-12-29,0.10844132011571804,0.5455701658628508
2010-12-30,0.10805638526036808,0.5330752549049115
2010-12-31,0.1081222809044158,0.5412644450473323
2011-01-03,0.11066681203240189,0.5860651465699503
2011-01-04,0.11023739212448548,0.5323377782692701
2011-01-05,0.11134605626137091,0.5599936214047889
2011-01-06,0.11082574627661522,0.5307261584709406
2011-01-07,0.11041349611927309,0.5326519084827066
2011-01-10,0.11014725419652768,0.5352713990735302
2011-01-11,0.11102617762346882,0.5558775947699096
2011-01-12,0.11312900236416526,0.5776644849770508
2011-01-13,0.1127067849394786,0.5325435228227082
2011-01-14,0.11436122378547744,0.5694729043203749
2011-01-18,0.11470404990367035,0.5461356353051725
2011-01-19,0.11234389820343708,0.4981154341736984
2011-01-20,0.11191354282200133,0.532373858299258
2011-01-21,0.11250012918604131,0.5505491520373782
2011-01-24,0.1138195596911817,0.5635540161172963
2011-01-25,0.11388520758803514,0.5412321194660313
2011-01-26,0.11490329630358974,0.5580994829278575
2011-01-27,0.1153189119698486,0.5474070504418324
2011-01-28,0.11122684580780176,0.4672557097776197
2011-01-31,0.11298128648300762,0.5714320706131177
2011-02-01,0.1168910903924602,0.6091685290027293
2011-02-02,0.11623394033836795,0.5285281831197765
2011-02-03,0.1168178275146796,0.5503205214650181
2011-02-04,0.1174494775604631,0.551132371551584
2011-02-07,0.11893130966575459,0.5659172805545629
2011-02-08,0.11996691116645995,0.5580428094685175
2011-02-09,0.11931508698655502,0.528760999825023
2011-02-10,0.11945853005719831,0.5425572979672029
2011-02-11,0.12078454726812202,0.563022801206422
2011-02-14,0.12138930072400524,0.5504965343081539
2011-02-15,0.12064409677367637,0.5272112609960193
2011-02-16,0.12215960633995523,0.5661714203918518
2011-02-17,0.12295911601953359,0.5537760013449149
2011-02-18,0.12343556756983524,0.5482161931837842
2011-02-22,0.1185041528331699,0.4549765340602158
2011-02-23,0.11711925982727872,0.5158709843211053
2011-02-24,0.11683992175860504,0.5351701966405017
2011-02-25,0.11940794909791676,0.5848780018037432
2011-02-28,0.12076320358495493,0.5635322892779667
2011-03-01,0.11707561979426713,0.4759220806697497
2011-03-02,0.11744462729460177,0.5465279971945509
2011-03-03,0.12142844788788834,0.6092228908898326
2011-03-04,0.11972229395561095,0.510582626568745
2011-03-07,0.11774029989922837,0.505565145023096
2011-03-08,0.11982901175000696,0.5764184676300048
2011-03-09,0.11952754422250561,0.5348386586134422
2011-03-10,0.11497148719972292,0.46028617025467844
2011-03-11,0.11664374471717989,0.5695183217659538
2011-03-14,0.11524578974453026,0.5154598197318947
2011-03-15,0.1124926218522367,0.49119784974398834
2011-03-16,0.1079960139368389,0.4590621730899872
2011-03-17,0.11109351238318589,0.5960269317017773
2011-03-18,0.11214030725127137,0.5588182018427316
2011-03-21,0.11562380300728196,0.6018962907987994
2011-03-22,0.11479381186076071,0.525413945994677
2011-03-23,0.115521067396884,0.5529085818757702
2011-03-24,0.11765577501953282,0.577545525591401
2011-03-25,0.11840238383731247,0.5530996806788053
2011-03-28,0.11770615408004188,0.5279145545038123
2011-03-29,0.11936415929799761,0.5689510335182925
2011-03-30,0.12098952630887339,0.5681990363317045
2011-03-31,0.12059862646338575,0.5333174668519849
2011-04-01,0.12178316718333126,0.5604873788537013
2011-04-04,0.12191121740593538,0.5422686030634984
2011-04-05,0.12193220742100638,0.540427611918523
2011-04-06,0.12245044980766184,0.5489659038536019
2011-04-07,0.12210163052740955,0.53407896053804
2011-04-08,0.12118506630581309,0.5242939808260242
2011-04-11,0.12046543410552511,0.5276430476553682
2011-04-12,0.11857359302974481,0.5072371809322692
2011-04-13,0.11864519839041367,0.5413138672152867
2011-04-14,0.11872927127648235,0.5415305478305467
2011-04-15,0.119741764482177,0.5576565590763076
2011-04-18,0.11714928812676469,0.49488674976418817
2011-04-19,0.11851930490794643,0.5640005486305602
2011-04-20,0.12175525163987883,0.5960846470115343
2011-04-21,0.12304714077716475,0.5622325712598054
2011-04-25,0.12266796203924829,0.5335725864173678
2011-04-26,0.12484947924325207,0.5772989630554733
2011-04-27,0.12647490411704557,0.5676040884330992
2011-04-28,0.12738130290116173,0.5553479005443895
2011-04-29,0.12805737378410179,0.5514302126866739
2011-05-02,0.1275479037057766,0.5315063455153212
2011-05-03,0.12668790718398015,0.5255785645616443
2011-05-04,0.12492595033671967,0.5102330938384037
2011-05-05,0.12251273771950483,0.49887389684655553
2011-05-06,0.12349852159572022,0.5569406223525508
2011-05-09,0.12471843098959287,0.5608587322071943
2011-05-10,0.1266990323311183,0.5736153684978513
2011-05-11,0.1239041362988066,0.4926504612803234
2011-05-12,0.12508407450008502,0.5601473827673724
2011-05-13,0.12309434400588712,0.5061515129974857
2011-05-16,0.12158787189543736,0.5142131885641534
2011-05-17,0.12148763205492086,0.5383410933886518
2011-05-18,0.12364210117589614,0.5770089045567042
2011-05-19,0.12415913555330882,0.5488861542983233
2011-05-20,0.12237202559905057,0.5095074498098057
2011-05-23,0.1194982204972587,0.4904742975804148
2011-05-24,0.11934379417481836,0.5373859640895052
2011-05-25,0.1201171025171437,0.5534749804475728
2011-05-26,0.12106973211534006,0.5565280454427232
2011-05-27,0.12211547778648683,0.558066237442026
2011-05-31,0.12467315187550651,0.5837809401244158
2011-06-01,0.1191580296966283,0.4452567471961376
2011-06-02,0.1188274814267051,0.5343187549327294
2011-06-03,0.11655465833382093,0.5003384779727482
2011-06-06,0.11402222386998047,0.49537260538296385
2011-06-07,0.11382287631352832,0.5365291619370699
2011-06-08,0.11284169757983549,0.5226130380591117
2011-06-09,0.11457084249316525,0.5707793101769785
2011-06-10,0.11125041645376366,0.4808992137006599
2011-06-13,0.11133415127677136,0.5415687407938742
2011-06-14,0.11425482996818159,0.5921355565519263
2011-06-15,0.11020228286700438,0.46765218439547884
2011-06-16,0.11060017722065242,0.5472298898537008
2011-06-17,0.11133742743650483,0.5533083103279086
2011-06-20,0.11256675046422052,0.5620577737738642
2011-06-21,0.11570746008130957,0.595754451242476
2011-06-22,0.11419776553111426,0.5133867450209375
2011-06-23,0.11344979348232698,0.5267879205889268
2011-06-24,0.11063201756852688,0.4896782809098128
2011-06-27,0.11270689030798983,0.5772265193362199
2011-06-28,0.11570798940962361,0.5932638445422065
2011-06-29,0.11767830081863216,0.5746447239431416
2011-06-30,0.12001898772335215,0.5807935299273463
2011-07-01,0.12342867794684433,0.5987251917355264
2011-07-05,0.12324581296703202,0.5369407152940449
2011-07-06,0.12353892627685552,0.5450765006872665
2011-07-07,0.12607859609116792,0.5832353343083676
2011-07-08,0.12445406995691724,0.5125025937390758
2011-07-11,0.12011698962231022,0.46561740854410566
2011-07-12,0.11911586116318633,0.5227006668497715
2011-07-13,0.11993283964381221,0.5542437143036405
2011-07-14,0.11831957592576943,0.5120278208987659
2011-07-15,0.11967930512209449,0.5637111230530997
2011-07-18,0.1177746043235724,0.5069100727168527
2011-07-19,0.12158318423956554,0.6061173851652039
2011-07-20,0.12146160154446788,0.5379735340825792
2011-07-21,0.12465180384226321,0.5946637744063444
2011-07-22,0.12494466312144922,0.5450448935035811
2011-07-25,0.12358674928785637,0.5169368550147869
2011-07-26,0.12263510543072598,0.5237840427933512
2011-07-27,0.1176975872610232,0.4546011066978968
2011-07-28,0.11695119808756485,0.5270011113656496
2011-07-29,0.11550825000107359,0.5146968474484652
2011-08-01,0.11454077455965209,0.5229740849241538
2011-08-02,0.10875999067532867,0.4365241870119672
2011-08-03,0.10989154270336647,0.5605278941705509
2011-08-04,0.09895978683165776,0.3382852948213399
2011-08-05,0.09882416913372,0.537504316163941
2011-08-08,0.08452240236171825,0.26107130657911026
2011-08-09,0.09423958886875129,0.7315446944823604
2011-08-10,0.08515638674122376,0.3613397025103742
2011-08-11,0.09432358317725391,0.7204131065001121
2011-08-12,0.09544738323149017,0.5616737592118471
2011-08-15,0.10018588224096593,0.6300199388340892
2011-08-16,0.09815689541668823,0.5017751645382252
2011-08-17,0.09840112512551553,0.5446937044380437
2011-08-18,0.08887313247575498,0.355840513491091
2011-08-19,0.08587495248236604,0.4804586443683409
2011-08-22,0.08608634885212609,0.5442963054949949
2011-08-23,0.09279978685400199,0.6723077564658738
2011-08-24,0.09528561094235584,0.588038549763411
2011-08-25,0.09201429008163885,0.47682670555204204
2011-08-26,0.09539417524050536,0.6053900680979097
2011-08-29,0.1012825295341507,0.6515985010211292
2011-08-30,0.1020237111140638,0.5539067603567495
2011-08-31,0.10304833847741747,0.5591278807825446
2011-09-01,0.10045476424564292,0.49165723597847805
2011-09-02,0.09515754345754472,0.4395017380114236
2011-09-06,0.09358396866048813,0.5097436883817243
2011-09-07,0.09940404312311,0.6511899907865216
2011-09-08,0.09726881984381504,0.49962494933018875
2011-09-09,0.09149269219814674,0.4287589960437445
2011-09-12,0.09278313386485514,0.5651801480102028
2011-09-13,0.09476969943698106,0.5784486153821524
2011-09-14,0.09758038520999421,0.59380386243053
2011-09-15,0.10115605258908836,0.6074916461078053
2011-09-16,0.10247208637524192,0.5646241030002211
2011-09-19,0.10021878614793522,0.4979358229795916
2011-09-20,0.09996135223176411,0.5352275836274571
2011-09-21,0.09348751815059349,0.4165835918084441
2011-09-22,0.08658274681351512,0.4044170088070038
2011-09-23,0.08743280534467007,0.5569950485743644
2011-09-26,0.09213654185987807,0.6325752957641457
2011-09-27,0.0944997043651996,0.5858171903294471
2011-09-28,0.08990801635199286,0.4507310128017531
2011-09-29,0.0916589591516791,0.574348035495428
2011-09-30,0.08642852190650552,0.4368559166470091
2011-10-03,0.08073701408267103,0.4249284118767353
2011-10-04,0.08506379757987845,0.6278711693839967
2011-10-05,0.08874748149277108,0.6134601323187664
2011-10-06,0.09257840298559093,0.6151132000389791
2011-10-07,0.0907890149033564,0.5051730293342487
2011-10-10,0.09807608329246441,0.6804634144328843
2011-10-11,0.0981775562069482,0.5419904552569021
2011-10-12,0.10032469641628994,0.5805743902703432
2011-10-13,0.09964660758135682,0.5273144474480248
2011-10-14,0.10347896680886959,0.6116568739792434
2011-10-17,0.09917739538635899,0.4596308194000381
2011-10-18,0.10358305446436514,0.6224309725515652
2011-10-19,0.10070124991777275,0.4863664776729927
2011-10-20,0.1016167286227471,0.5571974190843992
2011-10-21,0.10582692124081515,0.6179988380273305
2011-10-24,0.10876709807832256,0.5936809349670569
2011-10-25,0.10442761608738628,0.46070435413450206
2011-10-26,0.1068092182202745,0.5838002749304991
2011-10-27,0.114587202784331,0.6799313406509608
2011-10-28,0.11470925093757704,0.5422263321599093
2011-10-31,0.10889857678237438,0.43605395961756177
2011-11-01,0.1025910254669177,0.4242964004075029
2011-11-02,0.10620858539128904,0.6068375439239319
2011-11-03,0.11050569239278812,0.6180818828396987
2011-11-04,0.1090411621975274,0.5136334198633351
2011-11-07,0.11063868271377855,0.568892653172523
2011-11-08,0.11325806415209692,0.5869251532106423
2011-11-09,0.1047250358345032,0.3855412205036096
2011-11-10,0.10659302813564314,0.5743628923224773
2011-11-11,0.11106504658962459,0.6210993695319538
2011-11-14,0.10885017956132137,0.5001206685444776
2011-11-15,0.10994306514341541,0.5598229425147035
2011-11-16,0.10608776534049459,0.46997406844098305
2011-11-17,0.10214162441635352,0.4671435557192216
2011-11-18,0.10207077037598013,0.5387462984600607
2011-11-21,0.09781031311131073,0.45992564392416674
2011-11-22,0.09699349295964704,0.5245333696050022
2011-11-23,0.09221934783805397,0.4481601827690839
2011-11-25,0.09158440644179483,0.5276972437774965
2011-11-28,0.09784354210016144,0.6605071424823237
2011-11-29,0.09834456509013542,0.5495662178163889
2011-11-30,0.10782167489913917,0.7159841570928293
2011-12-01,0.10737253540553478,0.5318870387346503
2011-12-02,0.10735425238070957,0.5397335019228888
2011-12-05,0.10958511222231689,0.5805489987025148
2011-12-06,0.1098649039417893,0.5451177627105694
2011-12-07,0.11037662231899709,0.549289622861932
2011-12-08,0.10542454147531205,0.44998951379222185
2011-12-09,0.1092104782782474,0.6090980548914264
2011-12-12,0.10565362014509525,0.47524348464455807
2011-12-13,0.10360184990054158,0.50223323124319
2011-12-14,0.10087314407457706,0.4892400102700815
2011-12-15,0.10154243608884601,0.5525881103070129
2011-12-16,0.10239026738101091,0.5558771383405308
2011-12-19,0.09979167398994221,0.49142684515071866
2011-12-20,0.10638272736363413,0.6624016120557723
2011-12-21,0.10681174430259138,0.5479126480584458
2011-12-22,0.10864598595098648,0.573454016252778
2011-12-23,0.11070068089674007,0.5771674732454268
2011-12-27,0.11068714408119266,0.5398233927245876
2011-12-28,0.1076930598571235,0.4858958965594571
2011-12-29,0.11011249142606463,0.5838924504069102
2011-12-30,0.10917912341268134,0.5232115724163805
2012-01-03,0.11285219493503111,0.6060261898867498
2012-01-04,0.1129193416057413,0.5412634045134141
2012-01-05,0.11363818091833934,0.5528566826273849
2012-01-06,0.11303963094724506,0.5294197481173767
2012-01-09,0.11353140657295337,0.5488164286893724
2012-01-10,0.11567276594538131,0.5779635651539347
2012-01-11,0.11580992812749974,0.5424831085053438
2012-01-12,0.1163630186980183,0.5497968120833991
2012-01-13,0.11517954588724384,0.5192206663662273
2012-01-17,0.11606178310552961,0.5556162419883994
2012-01-18,0.11869222036596302,0.5861038294313154
2012-01-19,0.11983771404282577,0.5599648261399157
2012-01-20,0.11999990732266332,0.542876928016817
2012-01-23,0.12015479199122267,0.5427486211926641
2012-01-24,0.11987730822882016,0.5352610090748844
2012-01-25,0.12212184450270468,0.5787901908388694
2012-01-26,0.12079097958072633,0.5171475991154675
2012-01-27,0.12048940889427624,0.5348566812568242
2012-01-30,0.11986987843684915,0.5293439659813195
2012-01-31,0.11982002711653113,0.5392028299887579
2012-02-01,0.12193103441951944,0.5765042577515862
2012-02-02,0.12225197171404963,0.5455799914444933
2012-02-03,0.1256394172362205,0.5978391243597206
2012-02-06,0.12553017812387665,0.5382155647000947
2012-02-07,0.12610464455431608,0.5497933168333995
2012-02-08,0.12658508332918014,0.5481847706767397
2012-02-09,0.12691877711845456,0.5456963935097471
2012-02-10,0.1252047795845811,0.5110736719238944
2012-02-13,0.12687606979700916,0.5683398289051116
2012-02-14,0.12663869718917486,0.536062275430725
2012-02-15,0.1253586836216878,0.518409494234573
2012-02-16,0.12803800006399238,0.5852780408975091
2012-02-17,0.12857949892444315,0.5491478141760191
2012-02-21,0.1288908657752424,0.5452799664717182
2012-02-22,0.12816924800686166,0.5279753841558376
2012-02-23,0.129231761081063,0.5578586747500504
2012-02-24,0.12962387328586947,0.5466145661727501
2012-02-27,0.12995894673977254,0.545654359098124
2012-02-28,0.13084809885292023,0.5548595654495273
2012-02-29,0.12932653404968578,0.5147221791250306
2012-03-01,0.1309300890882442,0.5667729725417684
2012-03-02,0.1301220974506566,0.52663053777531
2012-03-05,0.12912097057965574,0.5233615668495498
2012-03-06,0.12522028208215888,0.4743646166083804
2012-03-07,0.1269282709179867,0.5689568886807641
2012-03-08,0.12938004882461257,0.581208079940055
2012-03-09,0.13031864721765435,0.5557150882989538
2012-03-12,0.1303175059095793,0.5400478028414695
2012-03-13,0.13469257787593586,0.6122806577670206
2012-03-14,0.13423875928851436,0.532631194977047
2012-03-15,0.13579616209055867,0.5655316887186667
2012-03-16,0.13610048009177003,0.5450254441939875
2012-03-19,0.13709235131264588,0.5561898451559909
2012-03-20,0.13627481995805563,0.5267819706468185
2012-03-21,0.1358195511381034,0.532651234340452
2012-03-22,0.13396685819288978,0.5097595829467799
2012-03-23,0.13484975821087375,0.554535803347285
2012-03-26,0.13846312832142188,0.598790539236818
2012-03-27,0.13770439370089133,0.5278010295297997
2012-03-28,0.13636793927630095,0.5183778057108117
2012-03-29,0.13596107244177089,0.5334425069849905
2012-03-30,0.13692787880005086,0.5557912629286084
2012-04-02,0.1388835374263568,0.5717030112938338
2012-04-03,0.13770808346310343,0.521079129393988
2012-04-04,0.13500451292953922,0.4960803092173719
2012-04-05,0.13490790084538748,0.5384867488487629
2012-04-09,0.13210495489358223,0.4939763272185332
2012-04-10,0.12788275910348146,0.46971164621040734
2012-04-11,0.12971645264228127,0.570760634419347
2012-04-12,0.13319244099543848,0.5976678115082067
2012-04-13,0.13000941231846286,0.48734974256326147
2012-04-16,0.12986308176393785,0.5376279850323372
2012-04-17,0.13370032087925898,0.6035758328474947
2012-04-18,0.13264771741663092,0.5227367708973275
2012-04-19,0.1311583014714336,0.5154275455693446
2012-04-20,0.1314587356832266,0.5450480024420015
2012-04-23,0.12935076625246705,0.5049966498844178
2012-04-24,0.13025716911046403,0.5551809305396549
2012-04-25,0.13366614536907656,0.5964492913213585
2012-04-26,0.13541382271159758,0.5686938088073354
2012-04-27,0.13604037004900524,0.5502843431225485
2012-04-30,0.13507236900790637,0.524270891321277
2012-05-01,0.13648074469155277,0.5630299856788672
2012-05-02,0.13581583410160425,0.5292405839427218
2012-05-03,0.13381266532453626,0.5072883568611745
2012-05-04,0.12975657284224598,0.4729361834240547
2012-05-07,0.12983054174429107,0.54130026495445
2012-05-08,0.12866138896991797,0.5205298977280455
2012-05-09,0.1269472772292833,0.5112652566096825
2012-05-10,0.12756715348324008,0.5505041707822743
2012-05-11,0.1266906047145365,0.5253003330880325
2012-05-14,0.12389585644671636,0.4926514364244547
2012-05-15,0.12244328198694361,0.5152186981459613
2012-05-16,0.12136994668281174,0.5216152124620844
2012-05-17,0.11788509784597115,0.479618449270301
2012-05-18,0.11620057159468968,0.5105455862186398
2012-05-21,0.11997323769626006,0.6059089003699765
2012-05-22,0.11996306259194382,0.5398905392006708
2012-05-23,0.1203509760756283,0.5467813992993689
2012-05-24,0.12066614447869191,0.5455146589012879
2012-05-25,0.12021047020402273,0.5321880302494013
2012-05-29,0.12278496065171586,0.5843959072766752
2012-05-30,0.11937346335135086,0.48122857740784014
2012-05-31,0.11884041599837628,0.5308016051665316
2012-06-01,0.11321375510499258,0.44105437073439585
2012-06-04,0.1132167811008229,0.5401206504464772
2012-06-05,0.11451448401131356,0.5631012735525599
2012-06-06,0.11986914037392862,0.6338541988818669
2012-06-07,0.11975353640968533,0.5380630132035812
2012-06-08,0.12169185991347435,0.5735437148951382
2012-06-11,0.11867964602202657,0.4879320789237569
2012-06-12,0.12147662732893838,0.5884968013708524
2012-06-13,0.11983369422721665,0.5116840789068848
2012-06-14,0.12243337320395631,0.5848937007832167
2012-06-15,0.12494263425974142,0.5829044676313813
2012-06-18,0.12529535825120686,0.5460550469434661
2012-06-19,0.12765329838653394,0.5798893155735435
2012-06-20,0.12716950294100313,0.5319255483974275
2012-06-21,0.12155862343341273,0.44452715517570124
2012-06-22,0.12329758985201143,0.5699002759125754
2012-06-25,0.11951782014513272,0.47496082880131957
2012-06-26,0.12060750849030343,0.5589358467293245
2012-06-27,0.1227701783334123,0.5772769279813045
2012-06-28,0.12219868666457297,0.5302645537873464
2012-06-29,0.1283657069746508,0.6447041226155571
2012-07-02,0.12898348407519306,0.550412544232566
2012-07-03,0.13062618765861111,0.5674586078153391
2012-07-05,0.12942183613947614,0.5200011805089778
2012-07-06,0.1270024820433198,0.4994786033912063
2012-07-09,0.1266442710177029,0.534025240803865
2012-07-10,0.12457972411614728,0.505083225672712
2012-07-11,0.12461490822255764,0.5406653311440852
2012-07-12,0.12340699813398336,0.5194715732529355
2012-07-13,0.1274621337376178,0.6088288909553047
2012-07-16,0.12691375782106276,0.5308308792384215
2012-07-17,0.12870031117272,0.5700852434881621
2012-07-18,0.13035882459004847,0.5677512015871972
2012-07-19,0.13104934939506707,0.5515419312048442
2012-07-20,0.12856537360573625,0.4986471352876579
2012-07-23,0.1263342240352474,0.5025266055161292
2012-07-24,0.12414772164397275,0.5029635039100175
2012-07-25,0.12415896797180376,0.540258443648562
2012-07-26,0.12820060991540816,0.6084032291478793
2012-07-27,0.13290796099865482,0.6183399567490482
2012-07-30,0.13280259248740325,0.5383299380353158
2012-07-31,0.13168426441467393,0.5215901524202431
2012-08-01,0.1309024696952143,0.5271038735209942
2012-08-02,0.12899220984461332,0.508230736923542
2012-08-03,0.1337414547160161,0.6187941316315246
2012-08-06,0.13437341437674355,0.550436968858082
2012-08-07,0.13564465556685146,0.5608533304907471
2012-08-08,0.13580097141046504,0.542615988301374
2012-08-09,0.1359293651509876,0.5421595285077228
2012-08-10,0.13650124397660449,0.5493759305401196
2012-08-13,0.1361318413098282,0.5340558612958518
2012-08-14,0.13604878116291716,0.538714103813579
2012-08-15,0.13633596055457556,0.5447419447907442
2012-08-16,0.13816862015622763,0.5697848737823231
2012-08-17,0.13866550712141523,0.548089656322658
2012-08-20,0.13868060816910807,0.540310392512691
2012-08-21,0.13785960352038087,0.5268034731815754
2012-08-22,0.13802166194785767,0.542688027810144
2012-08-23,0.13600705654438922,0.5073695373091452
2012-08-24,0.13763771380025722,0.5665513048345904
2012-08-27,0.1374983277625412,0.5378091813558117
2012-08-28,0.13730979850023647,0.5370113660554807
2012-08-29,0.13748016101594207,0.542827897880221
2012-08-30,0.13549115463680153,0.5077217498549764
2012-08-31,0.13694708625058288,0.5637663943969187
2012-09-04,0.1366583143858085,0.5353763472588592
2012-09-05,0.13637622009507483,0.5354799620783867
2012-09-06,0.14156784561557084,0.6237237071774775
2012-09-07,0.14275790451068915,0.5590205047278262
2012-09-10,0.1411189796934223,0.5139428153954443
2012-09-11,0.1419437173289278,0.5532323175305274
2012-09-12,0.14247577224310018,0.5485392222730068
2012-09-13,0.14686616269190836,0.6093616061881045
2012-09-14,0.14790393619254166,0.556287571453193
2012-09-17,0.14701236861329922,0.5261349063979196
2012-09-18,0.14672051192309318,0.5354965315511386
2012-09-19,0.14703832827965477,0.5450433413192994
2012-09-20,0.14688513233827738,0.53766867472166
2012-09-21,0.14690306487125257,0.5403475796388746
2012-09-24,0.14627993766038436,0.5302994854878756
2012-09-25,0.1435154173812603,0.4964696761063322
2012-09-26,0.14198601360270124,0.5157602937146369
2012-09-27,0.14458654077524186,0.5813166135771026
2012-09-28,0.1434152274630463,0.5215353007883209
2012-10-01,0.14411904092212513,0.5512113026438102
2012-10-02,0.1443425441062084,0.5435999345068316
2012-10-03,0.14528360788764744,0.5549119958806442
2012-10-04,0.1472180906884867,0.570426230058449
2012-10-05,0.14707440166591865,0.5378189755496287
2012-10-08,0.14615047124632163,0.525585571474607
2012-10-09,0.1435028224607732,0.49830213075300045
2012-10-10,0.14189535187033564,0.5145148078351127
2012-10-11,0.1419848178841499,0.5414928461873327
2012-10-12,0.14116432005381893,0.5269710170346543
2012-10-15,0.14319152348497177,0.572351784316505
2012-10-16,0.14589388483546317,0.5827380919704158
2012-10-17,0.14695532737663805,0.5567144952059501
2012-10-18,0.1462785166355079,0.5294589767339529
2012-10-19,0.14183867838773145,0.469836775957416
2012-10-22,0.14195891573546784,0.5419836154234625
2012-10-23,0.1381412748870442,0.4787935118280286
2012-10-24,0.13732264841804476,0.526815633039239
2012-10-25,0.13811188535826435,0.5528429223449134
2012-10-26,0.13794760321328756,0.53741047086414
2012-10-31,0.13803194366356408,0.5414307231286993
2012-11-01,0.14078738250275574,0.5843952167821563
2012-11-02,0.13822870734383036,0.49891872738071635
2012-11-05,0.13882761788790354,0.5497330029464957
2012-11-06,0.14094372023484775,0.5740503827913916
2012-11-07,0.1348256716320704,0.44108517243070505
2012-11-08,0.13181149834203562,0.4904680001673854
2012-11-09,0.13223113720729623,0.5470057260263705
2012-11-12,0.13224386401104443,0.5402770692516217
2012-11-13,0.13124978819919403,0.5236122384014759
2012-11-14,0.1278097378965982,0.48264385601471854
2012-11-15,0.12736861870054025,0.5326487578145719
2012-11-16,0.12855356218229838,0.5599649485517962
2012-11-19,0.13353735218108503,0.6227828154817961
2012-11-20,0.1336639965695548,0.5421485296511819
2012-11-21,0.13424185343553777,0.549552874008988
2012-11-23,0.1376045836202791,0.5948659309908227
2012-11-26,0.13708226452178043,0.5315998466467348
2012-11-27,0.13573630594033378,0.5181727922196706
2012-11-28,0.13764612394748557,0.5711004319538464
2012-11-29,0.13877559070092324,0.558317317706106
2012-11-30,0.1387722501186334,0.5400129297482751
2012-12-03,0.1375622356979825,0.5205115986337749
2012-12-04,0.13706175239364676,0.5319528693493039
2012-12-05,0.1374614879342885,0.5465485890058727
2012-12-06,0.13831002269591122,0.5537942992249866
2012-12-07,0.13907261921738176,0.552367456806563
2012-12-10,0.13918237951027793,0.5418343913643741
2012-12-11,0.1408537469883443,0.5668951017667953
2012-12-12,0.14095354035914012,0.5416634724387543
2012-12-13,0.13924621957072147,0.5126695777756882
2012-12-14,0.13819621255116585,0.5231320652977218
2012-12-17,0.14122276249834304,0.588703355884677
2012-12-18,0.1440929417080885,0.5856976165452726
2012-12-19,0.142109550862968,0.5085850922621515
2012-12-20,0.1434615952009521,0.561551837380249
2012-12-21,0.14103881545435001,0.5014919583515581
2012-12-24,0.14041553965040438,0.5300880722097943
2012-12-26,0.13920578506049253,0.5206334494553602
2012-12-27,0.13891114791208792,0.5353207174968231
2012-12-28,0.13606327257850914,0.49392598157546874
2012-12-31,0.14040646601298945,0.6102416010352404
2013-01-02,0.14699887453897623,0.6444831901998936
2013-01-03,0.14634602118629256,0.5298364965053133
2013-01-04,0.14760936781676953,0.5598420726539681
2013-01-07,0.14674062646807623,0.5264778906949061
2013-01-08,0.1459336927966285,0.527406872195441
2013-01-09,0.14662405671787823,0.5509001231038255
2013-01-10,0.14868955096935152,0.5723200982463285
2013-01-11,0.14864850033643195,0.5394280832345105
2013-01-14,0.14843150859490964,0.5366890405149046
2013-01-15,0.14876747464300993,0.5452954384436945
2013-01-16,0.14882893286413784,0.5410225976246013
2013-01-17,0.1503432192304319,0.5635515035781238
2013-01-18,0.15126208540185024,0.5542562266210638
2013-01-22,0.1524718971641915,0.558679383209378
2013-01-23,0.1528729693520422,0.5462197828183274
2013-01-24,0.15279743766787707,0.5389086987593504
2013-01-25,0.15421967932283306,0.5618223236914506
2013-01-28,0.1536904710846853,0.5319842838949734
2013-01-29,0.15510183071342595,0.5615892556369515
2013-01-30,0.15408710785203222,0.5246035055954048
2013-01-31,0.15336200491311616,0.5289835180898828
2013-02-01,0.15608154623340842,0.5814916446011789
2013-02-04,0.15296249329782302,0.49252338475775437
2013-02-05,0.1557663804542003,0.5828295021281668
2013-02-06,0.15594598736507193,0.542791868099691
2013-02-07,0.15543162586778408,0.5322581668697467
2013-02-08,0.15697352230551626,0.5634331572611075
2013-02-11,0.15672739596348637,0.5363452619819769
2013-02-12,0.15717231187839076,0.5467918116074478
2013-02-13,0.15729637646455558,0.5419402272748626
2013-02-14,0.157475714775487,0.5427734718096863
2013-02-15,0.15709115451002795,0.5342607461251581
2013-02-19,0.15908000414832932,0.5700116882284483
2013-02-20,0.1554972845362547,0.4859755627583573
2013-02-21,0.1538096579235553,0.5143543948229432
2013-02-22,0.15621275930661965,0.576634730463687
2013-02-25,0.15126862211628214,0.4644975317543858
2013-02-26,0.15297806781332818,0.5663425169013993
2013-02-27,0.1563635387461699,0.5916446180866055
2013-02-28,0.15607373625859147,0.5356752968511844
2013-03-01,0.15668768308255693,0.5493649908332702
2013-03-04,0.15794013760568962,0.5589742678976334
2013-03-05,0.1605846963180956,0.5797242416179085
2013-03-06,0.1609034520839597,0.5448226963501384
2013-03-07,0.16137813487948796,0.5471396166293571
2013-03-08,0.16260852864737663,0.5583468750526659
2013-03-11,0.16353632414415964,0.5538009440333305
2013-03-12,0.16292060635585823,0.5309571333222125
2013-03-13,0.1632590935838087,0.5450771216860112
2013-03-14,0.1648522526308507,0.5635723658164564
2013-03-15,0.16441573602250867,0.5336389194857235
2013-03-18,0.1629119247086389,0.5178501984288534
2013-03-19,0.1622630736331621,0.5304461230276967
2013-03-20,0.1641108830309794,0.5674093978550669
2013-03-21,0.16180374674455017,0.5059008668356257
2013-03-22,0.16379052816331188,0.569504532679839
2013-03-25,0.16283551189238202,0.5259411677086642
2013-03-26,0.1650215147844362,0.5723330882196632
2013-03-27,0.16490086984146915,0.5382922022631567
2013-03-28,0.1660072815365423,0.5563144321453753
2013-04-01,0.1647525671143239,0.5216367581643984
2013-04-02,0.1661203242726153,0.56015348296887
2013-04-03,0.16305630691238937,0.4949406371178676
2013-04-04,0.16420267999512325,0.5570047149776037
2013-04-05,0.1631060427830673,0.5238650959713359
2013-04-08,0.1648419483361776,0.5656855054768222
2013-04-09,0.16589601515061372,0.5555501571974587
2013-04-10,0.16924288274814028,0.588870362350382
2013-04-11,0.17027274000781056,0.5549754525342057
2013-04-12,0.1692158107051685,0.5247655504144593
2013-04-15,0.16213225772880854,0.436116740755119
2013-04-16,0.16621490625218038,0.6002793752242168
2013-04-17,0.1621219038570771,0.47970045987850773
2013-04-18,0.16029814140403595,0.5128988661097267
2013-04-19,0.16280833641426615,0.5774168432186322
2013-04-22,0.16422230360294052,0.560966527706945
2013-04-23,0.16712313710884497,0.5826346141644643
2013-04-24,0.16718614616664576,0.5409868453541075
2013-04-25,0.16846395583364643,0.5586836619819654
2013-04-26,0.16792292754095725,0.5321940040414002
2013-04-29,0.17004795272267637,0.570908275806417
2013-04-30,0.17077383135612414,0.5505523255253995
2013-05-01,0.16801144206192417,0.5000287785043098
2013-05-02,0.1707472010185039,0.5797205747247957
2013-05-03,0.17377616373887156,0.5835563529493333
2013-05-06,0.17432239948700837,0.5478639186878346
2013-05-07,0.17578200187457416,0.5608338350507817
2013-05-08,0.17708726245546488,0.5585549812858177
2013-05-09,0.17592558559767976,0.5236162025749992
2013-05-10,0.17713287963261226,0.5571621223998069
2013-05-13,0.1770914281712472,0.5394809457328293
2013-05-14,0.18004465496101707,0.5816114589887553
2013-05-15,0.18146812098978804,0.5599518231446955
2013-05-16,0.17996740610155293,0.5191000643735534
2013-05-17,0.18291775535047222,0.5811919022681702
2013-05-20,0.18284738133754985,0.539090323845745
2013-05-21,0.183288226547859,0.5461801537932887
2013-05-22,0.1807211278462327,0.5043477022438836
2013-05-23,0.1799423175552091,0.529172532915685
2013-05-24,0.17974365952035157,0.5372835645657676
2013-05-28,0.1815805322052818,0.5657346195349126
2013-05-29,0.17951783429323753,0.5112329790227866
2013-05-30,0.18067824707413183,0.5563111605996605
2013-05-31,0.1762665762599316,0.47798579335218666
2013-06-03,0.17812702311231401,0.5663541928698058
2013-06-04,0.1764283327368844,0.5160712199955252
2013-06-05,0.17236119831129337,0.4820757412332767
2013-06-06,0.17489588935987588,0.5762974807494246
2013-06-07,0.1785214979608619,0.5913763401858732
2013-06-10,0.1784214612619969,0.5386591003333917
2013-06-11,0.17537079048779772,0.49691999436914525
2013-06-12,0.17293003691702138,0.5052380846125909
2013-06-13,0.17727455967953487,0.6018709826314074
2013-06-14,0.17556231840259698,0.5158126962306898
2013-06-17,0.1777621377579513,0.5712030409716972
2013-06-18,0.18001261002146582,0.5716929416202229
2013-06-19,0.17575827455682194,0.4800869546184659
2013-06-20,0.16804616395548122,0.42920164009952544
2013-06-21,0.16881308610981924,0.5512179594848459
2013-06-24,0.16523396338928337,0.48778156487679863
2013-06-25,0.16793180397491986,0.5795356238873174
2013-06-26,0.17053444272966398,0.5778092550337073
2013-06-27,0.172284618051629,0.5652657871496283
2013-06-28,0.17114350579908666,0.5236535151036756
2013-07-01,0.17280468726312206,0.5639402142498471
2013-07-02,0.1726094660646204,0.5372679323175783
2013-07-03,0.17287044736432075,0.5438080547050476
2013-07-05,0.17566184779972405,0.5798841941659107
2013-07-08,0.17731267173244014,0.5634457142071696
2013-07-09,0.17951347455024907,0.5710419875004509
2013-07-10,0.17955982150445765,0.5407167612750179
2013-07-11,0.18379451022992682,0.5990508848632498
2013-07-12,0.1847198698912109,0.5528510305060065
2013-07-15,0.1851560324862126,0.5460796730527104
2013-07-16,0.18406683072813157,0.525035779514845
2013-07-17,0.18486948627230534,0.5511484571331874
2013-07-18,0.1864132291447423,0.5613017196793304
2013-07-19,0.18696846278372975,0.5476792386730681
2013-07-22,0.1877367565239836,0.5505786274697176
2013-07-23,0.18719634518257103,0.5326754921083172
2013-07-24,0.185913408156763,0.5224697976840913
2013-07-25,0.1867388950410992,0.5513974199260506
2013-07-26,0.186988826318786,0.5434915870890688
2013-07-29,0.18583330875454,0.5242103809335837
2013-07-30,0.18592861968258032,0.5413768575540989
2013-07-31,0.1858933056262759,0.5395814463212582
2013-08-01,0.18962424835219727,0.5910496967324538
2013-08-02,0.1901477698669836,0.5471734904055792
2013-08-05,0.18966583045394458,0.5335249925858132
2013-08-06,0.1878192794710142,0.5149111902514893
2013-08-07,0.18666235268924125,0.5242321404536238
2013-08-08,0.18796583105083717,0.5579032069770468
2013-08-09,0.1868802468989432,0.5252170387834922
2013-08-12,0.1866136394317033,0.5364121593163631
2013-08-13,0.18737740501887767,0.5505283236693231
2013-08-14,0.18583098553767918,0.5188590813561462
2013-08-15,0.18154890452779704,0.48080131714651375
2013-08-16,0.180563616974556,0.5263160219264358
2013-08-19,0.1787471137628812,0.5146019544340422
2013-08-20,0.17992487174742114,0.5565941617747452
2013-08-21,0.1781502489284298,0.5151398520316208
2013-08-22,0.18075083589725527,0.5765473847322551
2013-08-23,0.18204503962029855,0.5581092372243427
2013-08-26,0.18086858776338555,0.5236690023010983
2013-08-27,0.17618586066596914,0.47418293565019154
2013-08-28,0.1769805255345436,0.5513173114886829
2013-08-29,0.1775391730166273,0.5479586461034818
2013-08-30,0.1765364812229928,0.5258919211235201
2013-09-03,0.17781585519118773,0.5581450300453917
2013-09-04,0.18014199675318116,0.572746756468753
2013-09-05,0.1803559355007815,0.543060233478021
2013-09-06,0.18047895551627904,0.5417871716806225
2013-09-09,0.1834756310047586,0.5817668090740463
2013-09-10,0.1855969727077089,0.5693483769614438
2013-09-11,0.1865561319083079,0.5532424965126194
2013-09-12,0.1853711547307218,0.5237833359325673
2013-09-13,0.18621331718317152,0.5516456512964065
2013-09-16,0.18791045451236593,0.5633082246491679
2013-09-17,0.18920778739018823,0.5577504409263867
2013-09-18,0.19325429437610306,0.5947702985712946
2013-09-19,0.19265563965793694,0.53201663210066
2013-09-20,0.19026093419804244,0.507716425624962
2013-09-23,0.18878577890725456,0.5200193497354286
2013-09-24,0.18800952280142078,0.5294805276971702
2013-09-25,0.18722206939242375,0.5293016586615976
2013-09-26,0.1882585324844027,0.5542306128840827
2013-09-27,0.18704938683610345,0.5235387319614038
2013-09-30,0.18516380186031883,0.514167427906884
2013-10-01,0.18745663129867288,0.5715398328625593
2013-10-02,0.18736070749323686,0.5387545929300184
2013-10-03,0.1846171145328481,0.5023682845169203
2013-10-04,0.1867319844272646,0.5691548680162707
2013-10-07,0.18417336264308307,0.5048507737153154
2013-10-08,0.18042206535845312,0.4879186809455346
2013-10-09,0.18053487926671083,0.5416441374047887
2013-10-10,0.18703360620984724,0.6299864524950602
2013-10-11,0.1888978468119765,0.5655248029620528
2013-10-14,0.19014593945160702,0.5570285176943957
2013-10-15,0.18798508476408385,0.5106588865238402
2013-10-16,0.19227165387872536,0.5982132966671824
2013-10-17,0.19453335741742642,0.5704385803555799
2013-10-18,0.19658640561768528,0.5674557170633965
2013-10-21,0.1966101198852091,0.5403821628650282
2013-10-22,0.19853711931218695,0.5656176750083878
2013-10-23,0.1969979614890637,0.5196704454481441
2013-10-24,0.1980687753371502,0.5542668579630206
2013-10-25,0.19948857673748227,0.5588241856135086
2013-10-28,0.1999148775717485,0.5456831553524896
2013-10-29,0.20167564871253765,0.5631884358695148
2013-10-30,0.20009202275381074,0.5192768681710751
2013-10-31,0.1987931065173177,0.5229406992445457
2013-11-01,0.1996565279990716,0.5514583808565946
2013-11-04,0.20079540313864142,0.5550474906637183
2013-11-05,0.1998604889148568,0.5277727555391015
2013-11-06,0.2012591932744348,0.5584468773754412
2013-11-07,0.19699760436852626,0.4838243152502871
2013-11-08,0.2011263099791275,0.5945663936405675
2013-11-11,0.20134179908005886,0.5428927827382458
2013-11-12,0.2005215390538908,0.5292999340277447
2013-11-13,0.20315233115625037,0.5745058687153687
2013-11-14,0.20479414028115286,0.5614231219754784
2013-11-15,0.20616553493169376,0.5578262792687632
2013-11-18,0.20492200524575205,0.5239662008462264
2013-11-19,0.20423663990724572,0.5311677083613654
2013-11-20,0.2029340544850912,0.5231035286049862
2013-11-21,0.20556752547482363,0.5742943994699016
2013-11-22,0.20719422298756265,0.561076567707605
2013-11-25,0.20680658452535935,0.5350693383521141
2013-11-26,0.20683439663366776,0.5404255418645985
2013-11-27,0.20763630790052642,0.5503979560359941
2013-11-29,0.2074270973404599,0.5373738464103912
2013-12-02,0.20639152352833443,0.5267125329159135
2013-12-03,0.20537974787805846,0.5269800442540297
2013-12-04,0.20500753312872044,0.5352425676104834
2013-12-05,0.20351964288642257,0.5207292725585143
2013-12-06,0.20717709411389443,0.5874493653496283
2013-12-09,0.2078208324689153,0.54835377093283
2013-12-10,0.20687234359082568,0.5278512414693728
2013-12-11,0.2031312861092636,0.49155143041288474
2013-12-12,0.20180134568204097,0.5226895658085101
2013-12-13,0.2018090964820124,0.5401682698051747
2013-12-16,0.20386023983225826,0.5668380674290456
2013-12-17,0.2028305635495656,0.5266480095618102
2013-12-18,0.20815732570481604,0.6090465171262737
2013-12-19,0.20785359606866663,0.5361626272921005
2013-12-20,0.20949340705858968,0.5611039443026122
2013-12-23,0.2112263163759145,0.5621892129840891
2013-12-24,0.2122006614852157,0.5524565193358233
2013-12-26,0.21379501266027004,0.5602653135357535
2013-12-27,0.21370199988436595,0.5388909875213374
2013-12-30,0.21358298539137022,0.5385618303333828
2013-12-31,0.21491959179243061,0.5569389155109649
2014-01-02,0.21201671865320112,0.5033406074938597
2014-01-03,0.21195118627503662,0.5392341437943728
2014-01-06,0.21113845250205204,0.5297270628867286
2014-01-07,0.21312824610687855,0.5653382087554131
2014-01-08,0.21299877720705798,0.5384268951017778
2014-01-09,0.2131327669407824,0.5417639501047884
2014-01-10,0.21401422597877864,0.5512152786841955
2014-01-13,0.20985558093453271,0.48721899172080835
2014-01-14,0.21336393972341555,0.5846926797247173
2014-01-15,0.2150701038749195,0.5616060210584504
2014-01-16,0.2146431002616837,0.5346860644089002
2014-01-17,0.2133879114740183,0.5242116666466383
2014-01-21,0.21427249945964713,0.5512465788590225
2014-01-22,0.2144310479971083,0.5420675902512022
2014-01-23,0.211578702304319,0.5039315927665731
2014-01-24,0.20470672577706192,0.45176629282217995
2014-01-27,0.20305436578412223,0.5185673188539072
2014-01-28,0.20505260219627253,0.5660532983579821
2014-01-29,0.20182048788143062,0.4979568494544848
2014-01-30,0.2053395378455688,0.5858956547922891
2014-01-31,0.20326669603927844,0.5131300005468836
2014-02-03,0.19597395301035378,0.443960235356037
2014-02-04,0.19835610808625512,0.5716918729886327
2014-02-05,0.19770224724212485,0.5314089294683133
2014-02-06,0.20164369546982974,0.5919990282287558
2014-02-07,0.20597029992342655,0.5963748192597343
2014-02-10,0.20651238763228094,0.5470710490157809
2014-02-11,0.2101554400386389,0.5868503554726953
2014-02-12,0.2100562470474009,0.5387995595989531
2014-02-13,0.2120309631501849,0.5652260890483817
2014-02-14,0.213686778622664,0.5610524170040369
2014-02-18,0.21409876653255808,0.5452727267180844
2014-02-19,0.2118796762017501,0.5119528385110766
2014-02-20,0.21392105128337333,0.5659358810740922
2014-02-21,0.21328727418844887,0.5320516473473151
2014-02-24,0.21538991670928864,0.5666020496129264
2014-02-25,0.21496692911397658,0.5347415933737166
2014-02-26,0.21495081477473552,0.5398637974580257
2014-02-27,0.21661307464336374,0.560957677337547
2014-02-28,0.2175240333430202,0.551473447767677
2014-03-03,0.21517144393945856,0.5105478119177708
2014-03-04,0.22017824701492245,0.6026526532965248
2014-03-05,0.22016567778059926,0.5399107920113131
2014-03-06,0.2207829201670189,0.5477212431030402
2014-03-07,0.22089843864881337,0.54149786346762
2014-03-10,0.22073545151460242,0.5380475434903521
2014-03-11,0.21903456718171765,0.5189388358589201
2014-03-12,0.2192238220091051,0.5424227104369939
2014-03-13,0.21530227966082569,0.4909896134340892
2014-03-14,0.2143918183889248,0.5285936266981407
2014-03-17,0.21752873225385094,0.5794708326484966
2014-03-18,0.21993561785792395,0.5700625006031802
2014-03-19,0.21772670214809045,0.5125460395566618
2014-03-20,0.21974259455266054,0.5651895596837994
2014-03-21,0.21878378494627676,0.5281357121145817
2014-03-24,0.2170700207974413,0.5186601597744085
2014-03-25,0.21855542735340253,0.5586270427431899
2014-03-26,0.21618230842140257,0.5103769281030431
2014-03-27,0.21552925662238773,0.5318611484247007
2014-03-28,0.21706850773047734,0.5593831221745421
2014-03-31,0.21969872127270865,0.5728782289976244
2014-04-01,0.22205286786543535,0.5692276626676167
2014-04-02,0.2230437858672431,0.5522835892893899
2014-04-03,0.22265692820918492,0.5353013682155324
2014-04-04,0.21846190175185431,0.4880560323302996
2014-04-07,0.21481996924843483,0.4944078993407711
2014-04-08,0.2161353269775151,0.5566123066764561
2014-04-09,0.21980667041485105,0.5859201367204926
2014-04-10,0.21277493803137856,0.4518195129010586
2014-04-11,0.20962867398848217,0.49999938783463743
2014-04-14,0.2123734709532816,0.5750418782879189
2014-04-15,0.2145285470134533,0.5673333820743661
2014-04-16,0.2180357132600309,0.5840812329282647
2014-04-17,0.2184402251842883,0.545115076789677
2014-04-21,0.21969240192398662,0.5556571504912101
2014-04-22,0.22106032742332019,0.557035207177778
2014-04-23,0.22031494007930466,0.530828789972007
2014-04-24,0.22093995287556287,0.5478142503496002
2014-04-25,0.21821648240077246,0.5062070102762964
2014-04-28,0.21927949897902624,0.5533139565048311
2014-04-29,0.22089601330873615,0.5601352102151117
2014-04-30,0.2219036039095581,0.5525293669632689
2014-05-01,0.22184612069134996,0.5393567565397142
2014-05-02,0.2214447997205727,0.5351064227169999
2014-05-05,0.2221187769049556,0.5483940368407073
2014-05-06,0.21905097780947888,0.5020345632751265
2014-05-07,0.22088643292197402,0.5628609679080738
2014-05-08,0.22042263063358694,0.5343180965193193
2014-05-09,0.22092368552411934,0.5462769061609478
2014-05-12,0.22423755365109888,0.5809192504824661
2014-05-13,0.22438853215841972,0.5419189881532539
2014-05-14,0.22284687242006931,0.5211169719670126
2014-05-15,0.21962272613281117,0.5001695399051163
2014-05-16,0.2208729670886216,0.5555810256400532
2014-05-19,0.22217882956814444,0.5562128652232124
2014-05-20,0.21997113250107306,0.5127353882949687
2014-05-21,0.22270991676299481,0.5739477635194108
2014-05-22,0.22352388761477862,0.5500860385506863
2014-05-23,0.22498428171620416,0.5579857646658556
2014-05-27,0.22694906107122556,0.5640596520229827
2014-05-28,0.22656479364184534,0.5353846351335501
2014-05-29,0.22840612294526944,0.5624574787314635
2014-05-30,0.22903024970696906,0.5476303596135945
2014-06-02,0.2292290433537245,0.5424731683292855
2014-06-03,0.2290837773940267,0.5383085009924384
2014-06-04,0.22972810577128128,0.5478603691447625
2014-06-05,0.23205016019505847,0.5680392589111504
2014-06-06,0.23367236221481363,0.559503248894584
2014-06-09,0.2340003632734785,0.5439863050393233
2014-06-10,0.23392497182748273,0.5391662029757808
2014-06-11,0.23268106803499183,0.5251809038611555
2014-06-12,0.23026019672894177,0.5109504274891474
2014-06-13,0.23136443110732732,0.5533716487170195
2014-06-16,0.23163573403295656,0.5433295435352896
2014-06-17,0.23237728833844212,0.5489725256612352
2014-06-18,0.23513190943236598,0.5729911266473308
2014-06-19,0.23573414957996539,0.5472322127667796
2014-06-20,0.2363489611024017,0.5473697337503363
2014-06-23,0.23630322122548725,0.539523901670021
2014-06-24,0.23403861597884607,0.5131034179942674
2014-06-25,0.23578114290025123,0.5608287656609177
2014-06-26,0.23536729219108024,0.5351447120890395
2014-06-27,0.23604014194620251,0.5480664491975956
2014-06-30,0.2359537230571599,0.5390401605744601
2014-07-01,0.23829728764082805,0.5678230652048635
2014-07-02,0.23849987697069744,0.542457960024124
2014-07-03,0.240431495142817,0.5628004813561893
2014-07-07,0.23901221340396298,0.5233744132931771
2014-07-08,0.23650658334983762,0.5104417718069444
2014-07-09,0.238186926968374,0.5599562214578662
2014-07-10,0.23674244330500094,0.5229745799600288
2014-07-11,0.23727923862834954,0.546426340639954
2014-07-14,0.2388892584324613,0.5590859847455687
2014-07-15,0.23813566670672429,0.531174870372406
2014-07-16,0.23966077792680437,0.5580435539906557
2014-07-17,0.23552103230626972,0.4910984380222186
2014-07-18,0.23910931069422783,0.5825434124818253
2014-07-21,0.23829317129495764,0.5304417321291932
2014-07-22,0.2400746982371938,0.5610498745170649
2014-07-23,0.24070410557704972,0.5474561188906988
2014-07-24,0.24080489359621027,0.5412489057471132
2014-07-25,0.23913248279035557,0.5204103228868755
2014-07-28,0.23922812170032803,0.5411932543763572
2014-07-29,0.23759900651193186,0.5208390844342426
2014-07-30,0.23757189773498363,0.5397461302741757
2014-07-31,0.23037250167828957,0.4540653781291527
2014-08-01,0.22943651429762302,0.5287609564498366
2014-08-04,0.23193190489392462,0.5701442812261713
2014-08-05,0.22852444108083667,0.49894423207394806
2014-08-06,0.22860091873394292,0.5409939994807965
2014-08-07,0.22670685304302793,0.5170455817382799
2014-08-08,0.23069248402753104,0.5883701402872068
2014-08-11,0.23165102662209774,0.5516048248440508
2014-08-12,0.23106914973335915,0.533066333912199
2014-08-13,0.2334418392506989,0.5685423966521181
2014-08-14,0.234972602117336,0.5583404913247705
2014-08-15,0.23494616166399224,0.5397518054186795
2014-08-18,0.23792100094401591,0.5753656473046935
2014-08-19,0.23968485608165085,0.5608630054486563
2014-08-20,0.2405493158506286,0.550223067697262
2014-08-21,0.241579005874038,0.5521337036728012
2014-08-22,0.24086872771845472,0.5317466205212437
2014-08-25,0.2425842902440106,0.5601359369302807
2014-08-26,0.24298762074282396,0.5447717724554345
2014-08-27,0.24301739231876826,0.5404138916380603
2014-08-28,0.24244889785239804,0.5334342002255049
2014-08-29,0.24364221005208783,0.5539775624332478
2014-09-02,0.24332596676592158,0.5363845563717193
2014-09-03,0.24307471921042997,0.5371391421218392
2014-09-04,0.24248010702493736,0.5331303025880009
2014-09-05,0.2443158182395349,0.561446187090498
2014-09-08,0.24313802814729002,0.5263617905374024
2014-09-09,0.24075321558915233,0.5121848244186088
2014-09-10,0.24202571940612583,0.5549662888272332
2014-09-11,0.2423028497075787,0.5433049606248974
2014-09-12,0.24008349761266456,0.5140671760116476
2014-09-15,0.2398369863234196,0.537169396019597
2014-09-16,0.24253877940205815,0.5717186863220232
2014-09-17,0.24294784861800028,0.5448392575159399
2014-09-18,0.2447221574029228,0.5607071209207644
2014-09-19,0.24453600984183602,0.5379059182532057
2014-09-22,0.241617306913585,0.50604535113747
2014-09-23,0.2395674750767747,0.5160145220271775
2014-09-24,0.24235601647641336,0.5727547040565545
2014-09-25,0.23653566153745292,0.47156073640843515
2014-09-26,0.23957340899493976,0.5759547680349849
2014-09-29,0.23867255068876778,0.5294546379943292
2014-09-30,0.23762678202436135,0.5277153029809769
2014-10-01,0.23296498314331504,0.48457963729350606
2014-10-02,0.2329480309655973,0.5398637370835584
2014-10-03,0.2367931244541317,0.5858857790596959
2014-10-06,0.23630442674897228,0.5342698438014362
2014-10-07,0.23096860027789864,0.47626952158625707
2014-10-08,0.23714772684990917,0.6138625435022446
2014-10-09,0.2297638274228163,0.45173700703300984
2014-10-10,0.22576944228982473,0.49153225501801356
2014-10-13,0.2201476491316557,0.47083546386582864
2014-10-14,0.22069580029427627,0.5468654502285684
2014-10-15,0.2179647917589528,0.5060894192589819
2014-10-16,0.21802153794997267,0.5407754787149844
2014-10-17,0.2223475614957811,0.593758611227706
2014-10-20,0.2255049094636655,0.5788430640995741
2014-10-21,0.23225647146389383,0.621852130628047
2014-10-22,0.22965412319756837,0.5087234624798374
2014-10-23,0.23390291852951214,0.5911253153200782
2014-10-24,0.23638629027969707,0.5696370358950302
2014-10-27,0.23584322677280806,0.533617385510571
2014-10-28,0.24007555920702792,0.5900806807042116
2014-10-29,0.23950506156511392,0.5333583272064588
2014-10-30,0.2417051538014357,0.5658813258732523
2014-10-31,0.2458481916010319,0.5882701168236286
2014-11-03,0.2457627966370571,0.5390785726926489
2014-11-04,0.24472246446306015,0.5280097538515985
2014-11-05,0.24671584253063641,0.563140261148415
2014-11-06,0.24808694945471163,0.5558672867703197
2014-11-07,0.24836104768403747,0.5432186617147473
2014-11-10,0.24938965674804736,0.5518746546454463
2014-11-11,0.24971150072273562,0.5437548677185006
2014-11-12,0.24943171238665585,0.5368608256213376
2014-11-13,0.24962481254326446,0.5422796969107258
2014-11-14,0.24983040598048573,0.5424216418650576
2014-11-17,0.2500731341535034,0.5428453529891288
2014-11-18,0.252011081686425,0.562187965919382
2014-11-19,0.25137903088124497,0.5328643507035274
2014-11-20,0.2521734168616037,0.5491172037226949
2014-11-21,0.25415643919313013,0.562578145184452
2014-11-24,0.2552133338332607,0.5520176839544146
2014-11-25,0.2548089797546237,0.5354983878718438
2014-11-26,0.25585671120100967,0.5518943172795457
2014-11-28,0.2547894483269915,0.5280184890585051
2014-12-01,0.25238818281416137,0.5128373745981728
2014-12-02,0.2546769579124923,0.5660243874820267
2014-12-03,0.2561162047056171,0.5563113590364547
2014-12-04,0.25568906989960855,0.5352520641612912
2014-12-05,0.2562206113666971,0.5460576150907925
2014-12-08,0.2535547686983602,0.5099383014181994
2014-12-09,0.2535718234135873,0.5402602028616738
2014-12-10,0.24747307375103883,0.47035557443004056
2014-12-11,0.24911774591653807,0.5589754271998937
2014-12-12,0.24315826325152648,0.471160337769592
2014-12-15,0.2407155225245343,0.511506889663763
2014-12-16,0.23769744024225906,0.5045214194848867
2014-12-17,0.24493216375073004,0.6247961599180454
2014-12-18,0.25368801415476944,0.6404691833664552
2014-12-19,0.2554030903694311,0.5594670907471004
2014-12-22,0.2567538913451727,0.555286381025069
2014-12-23,0.2573816117531161,0.5471214443813722
2014-12-24,0.25733217196381186,0.5395115782282958
2014-12-26,0.25865743205433855,0.5549254805503868
2014-12-29,0.2589546612957396,0.5433924034259678
2014-12-30,0.25716949230403124,0.5200550856217923
2014-12-31,0.25322625799029713,0.4955370078840428
2015-01-02,0.2531364506336026,0.5390473457312068
2015-01-05,0.24640092253073081,0.462925072982912
2015-01-06,0.24321387938943032,0.5030874996887321
2015-01-07,0.24739942582246993,0.5885679033685767
2015-01-08,0.25392946955074386,0.614680511949382
2015-01-09,0.25086189717709323,0.5051740313327836
2015-01-12,0.24790841404355007,0.5062074795516192
2015-01-13,0.2469475440891931,0.5289946132510929
2015-01-14,0.2448404547202685,0.5156883576322794
2015-01-15,0.24161598797740041,0.502496347037495
2015-01-16,0.24648987157597121,0.5967320466252272
2015-01-20,0.2471254267472608,0.5474023015167067
2015-01-21,0.2488456205503207,0.5598597687561555
2015-01-22,0.25449284270007916,0.6044243801453913
2015-01-23,0.2524256273029992,0.5166175390830144
2015-01-26,0.2533286009545358,0.5503250116870572
2015-01-27,0.24839256288098172,0.48369592013393115
2015-01-28,0.2434304068466343,0.4826580044698222
2015-01-29,0.24677953558612542,0.5788962389646597
2015-01-30,0.24216984119222223,0.4865330062755306
2015-02-02,0.24682066010129075,0.5940752511670255
2015-02-03,0.25203261452885584,0.5998118281943182
2015-02-04,0.25051109626453133,0.5227094501225772
2015-02-05,0.25431012879910214,0.5832781631211408
2015-02-06,0.2528675107314833,0.5237080996199669
2015-02-09,0.25131054000247904,0.5223426733088996
2015-02-10,0.255222970874586,0.584469449593146
2015-02-11,0.2551528300050309,0.5392747030358231
2015-02-12,0.25878389784801514,0.5808852989304434
2015-02-13,0.2603429555433158,0.5574770060187317
2015-02-17,0.26084092177620666,0.5456131262490497
2015-02-18,0.2607522022492699,0.5390791552685682
2015-02-19,0.2603246912997718,0.5353045491979223
2015-02-20,0.2626262071497143,0.5656436927390306
2015-02-23,0.2625286071839829,0.5389851843750153
2015-02-24,0.263616995270677,0.5521133535309706
2015-02-25,0.2633549076361328,0.5371689664179689
2015-02-26,0.2627655298006062,0.5335432085895514
2015-02-27,0.2616689169282621,0.527902949366825
2015-03-02,0.263929496835388,0.5651048063373287
2015-03-03,0.2621742553318772,0.520638291392205
2015-03-04,0.2604868419074339,0.5213076001712434
2015-03-05,0.2609391390384587,0.5451029176147572
2015-03-06,0.25536812645973256,0.47762951060213227
2015-03-09,0.25687266506490575,0.5570167352486479
2015-03-10,0.25048302194329947,0.4676259712796066
2015-03-11,0.2497703873238447,0.5319128510146699
2015-03-12,0.25442795879398095,0.5930864775728769
2015-03-13,0.25213353560510765,0.5140281979922791
2015-03-16,0.2571805634204617,0.5971411719457357
2015-03-17,0.2559026340918423,0.5256853700469567
2015-03-18,0.26062785497720403,0.5930095012615524
2015-03-19,0.2587315961919443,0.5188972709526875
2015-03-20,0.26222191659599886,0.5789534767850907
2015-03-23,0.2615898371010308,0.5330501251230595
2015-03-24,0.25928193533929633,0.5143512142913856
2015-03-25,0.2537601478080199,0.47792202393997313
2015-03-26,0.2528736591843565,0.5300073163846785
2015-03-27,0.2537422398564275,0.5499232939169316
2015-03-30,0.2582668264259063,0.5910558885667808
2015-03-31,0.2549515653078744,0.5027641365800335
2015-04-01,0.25357748476150466,0.5245124553390818
2015-04-02,0.25486645779416967,0.5546593372515181
2015-04-06,0.25740289301614283,0.568640967460611
2015-04-07,0.2566098860444488,0.5311531708627681
2015-04-08,0.25758497436080824,0.5510245153342404
2015-04-09,0.2592124005458272,0.5582945306270811
2015-04-10,0.2612345400740455,0.562610447522518
2015-04-13,0.2594688466149432,0.5203885357108072
2015-04-14,0.26007331997425626,0.5468134592772125
2015-04-15,0.2620857843116718,0.5624538809241111
2015-04-16,0.261775473976987,0.5366222791089857
2015-04-17,0.25749255530125026,0.49224704342334125
2015-04-20,0.2609304474827326,0.5784928239816169
2015-04-21,0.26037730512559326,0.5339068862820078
2015-04-22,0.2622268858675149,0.5606303179000576
2015-04-23,0.2631776822538571,0.5506002986487366
2015-04-24,0.2639965324755831,0.5491182923471888
2015-04-27,0.26249497125586546,0.5234543739918955
2015-04-28,0.26355333301096506,0.5517824520128463
2015-04-29,0.2620748253995865,0.5236916003580364
2015-04-30,0.25814269058135114,0.49621667480485887
2015-05-01,0.26222503936376135,0.5855834044659894
2015-05-04,0.2633663258264964,0.5527076849938113
2015-05-05,0.2588436731765871,0.48975864473237046
2015-05-06,0.25712538094372095,0.5208009575873053
2015-05-07,0.25852567239060625,0.5557735213548098
2015-05-08,0.26366517550578855,0.5972381138007407
2015-05-11,0.261638734304646,0.5176137543494204
2015-05-12,0.2605549717298788,0.5280113374265707
2015-05-13,0.26051311467569904,0.5396005260615616
2015-05-14,0.2646480208710384,0.5858902868697331
2015-05-15,0.2649938588991009,0.5438778097668897
2015-05-18,0.2661279093208756,0.5525404554854018
2015-05-19,0.2657768312117945,0.5362090039578018
2015-05-20,0.26543827072303766,0.5363433369111246
2015-05-21,0.26635913893069424,0.550187045506159
2015-05-22,0.2654779290899176,0.5303828710432852
2015-05-26,0.2614714039301165,0.4957661223107542
2015-05-27,0.2649621124231078,0.5786890457526463
2015-05-28,0.2644794249350682,0.5347464122030803
2015-05-29,0.2620670975928748,0.5133799744438571
2015-06-01,0.2628223407249023,0.5484392847707207
2015-06-02,0.2624240881459356,0.5356538326662702
2015-06-03,0.26316019981566613,0.5482200387878604
2015-06-04,0.2598456840452061,0.5032348197881006
2015-06-05,0.2592414497329348,0.5333188965655521
2015-06-08,0.25681445890547044,0.512857862343735
2015-06-09,0.2569638513957408,0.5417465153083388
2015-06-10,0.2615124420997226,0.5909041222550959
2015-06-11,0.26219966074329193,0.5476965267756847
2015-06-12,0.2595121323929437,0.5101531404954888
2015-06-15,0.2577864084347394,0.5207504484168285
2015-06-16,0.259934991212192,0.5641033373915634
2015-06-17,0.26070776038674526,0.5486797892209514
2015-06-18,0.264523424574375,0.582348613425762
2015-06-19,0.2625032724440434,0.5177320286718421
2015-06-22,0.26473413131896717,0.5647246001349765
2015-06-23,0.2649370122765609,0.542302391085667
2015-06-24,0.26210928435520725,0.5088041915454321
2015-06-25,0.2609595166249513,0.5272912879696462
2015-06-26,0.2607961763059861,0.5382488382719118
2015-06-29,0.2529285272817841,0.45159654708097785
2015-06-30,0.25389949338312273,0.5510821244879973
2015-07-01,0.2564455949921733,0.5688209067763547
2015-07-02,0.2563334517206558,0.538804279289177
2015-07-06,0.25490701452082387,0.523976073660001
2015-07-07,0.25714646873193203,0.5653023073368872
2015-07-08,0.25090398861751895,0.4693579437621826
2015-07-09,0.2517245827709647,0.5494270214652033
2015-07-10,0.25627450784354405,0.5916068976281139
2015-07-13,0.26040284100476807,0.5863129974582905
2015-07-14,0.26209939649401487,0.5589314245029328
2015-07-15,0.26181584040507166,0.5369194724885233
2015-07-16,0.26486362134772906,0.5737778550293209
2015-07-17,0.2652467738456865,0.5442865191152106
2015-07-20,0.26541236408618185,0.5418892143845728
2015-07-21,0.26377599083024933,0.5220242402632803
2015-07-22,0.26283605309709446,0.5296694460197005
2015-07-23,0.2606685411013614,0.5159959831849743
2015-07-24,0.2566270127776033,0.4948287203618318
2015-07-27,0.25443731863878716,0.515360629416989
2015-07-28,0.25907360756849335,0.5922141371844287
2015-07-29,0.2618461113766631,0.5709573231770199
2015-07-30,0.2618232963665485,0.5398134833988094
2015-07-31,0.2610093362518575,0.5310198722081976
2015-08-03,0.25993071339563767,0.5280494100254735
2015-08-04,0.2590598994082798,0.5303406209720007
2015-08-05,0.26020759601894533,0.5528809794171373
2015-08-06,0.25728806529882187,0.5073960652872866
2015-08-07,0.2562273224639437,0.5281361374594957
2015-08-10,0.26108130729511836,0.5943982569926289
2015-08-11,0.2574844525248789,0.4998712977843402
2015-08-12,0.25788931559695005,0.5446096521911643
2015-08-13,0.2573540330643702,0.5340595388692183
2015-08-14,0.25882154119747725,0.5565164458219595
2015-08-17,0.26081871795179146,0.562354995932456
2015-08-18,0.25979947946968035,0.5287063939375628
2015-08-19,0.2567416206434565,0.5058063920238692
2015-08-20,0.24888298145555246,0.4507708483155992
2015-08-21,0.23717951458257677,0.4036202230034825
2015-08-24,0.22308205959797872,0.3698676777627322
2015-08-25,0.21837871742062642,0.4817818214878437
2015-08-26,0.2314744763992603,0.7004671265844034
2015-08-27,0.24004021615021587,0.6418964237720884
2015-08-28,0.2402982693998481,0.5430981601330652
2015-08-31,0.23728659125825532,0.5045573735822114
2015-09-01,0.22675285727337965,0.4135573115106147
2015-09-02,0.23306124528800742,0.6162674847780056
2015-09-03,0.23346054533769214,0.5448457964955586
2015-09-04,0.2280473125067783,0.47483147601688547
2015-09-08,0.23675272671240358,0.6445072439101021
2015-09-09,0.23174527637322767,0.4802956196290388
2015-09-10,0.23360365690491317,0.5623444038851249
2015-09-11,0.23519163773868618,0.5590137230237426
2015-09-14,0.23373864187391716,0.5227336241967726
2015-09-15,0.23822337791362852,0.5933473684883368
2015-09-16,0.24139171117025024,0.5773216559311899
2015-09-17,0.24056071315372163,0.5303260694572444
2015-09-18,0.234766989277394,0.4715466009496017
2015-09-21,0.23634149985868966,0.5587940938702339
2015-09-22,0.23194796993230257,0.4876089541513751
2015-09-23,0.23123175378467337,0.5314555461035827
2015-09-24,0.23014840325878605,0.5270091899232887
2015-09-25,0.22994771170142486,0.5376435920928782
2015-09-28,0.22094013167750254,0.42990515216700986
2015-09-29,0.22136162540142482,0.5452837782116906
2015-09-30,0.2278333437919866,0.6194003391434751
2015-10-01,0.22851865748196973,0.5483843192670975
2015-10-02,0.23361644965029202,0.6014477061371297
2015-10-05,0.24004035259069964,0.6162117383699318
2015-10-06,0.2388215191501864,0.5257207312717086
2015-10-07,0.24168783590660145,0.5737300132571639
2015-10-08,0.24484285665279293,0.5768244502806819
2015-10-09,0.245164368709766,0.5437953480549975
2015-10-12,0.24566120937771457,0.5458223957939214
2015-10-13,0.24318632117366176,0.5113215422633418
2015-10-14,0.2415822845195293,0.5213351785737071
2015-10-15,0.24691096657743722,0.6019880535117569
2015-10-16,0.2485473570610522,0.5589081728016138
2015-10-19,0.24863032972309848,0.5410199907268324
2015-10-20,0.248115297140253,0.5341467282256026
2015-10-21,0.2459556034397208,0.5151547298691576
2015-10-22,0.25203385771847625,0.6098214008814009
2015-10-23,0.2561060753116248,0.5861870877484703
2015-10-26,0.25538790021422597,0.5319681705010662
2015-10-27,0.2544507118327726,0.5294758946265382
2015-10-28,0.25882565043131833,0.589289298458701
2015-10-29,0.258574567384659,0.5372567466634244
2015-10-30,0.2567695051839853,0.5198118951766915
2015-11-02,0.2611921430235079,0.5895288055290626
2015-11-03,0.2621644655200202,0.5508667053973786
2015-11-04,0.26076574507206535,0.524522345657839
2015-11-05,0.2603149475780073,0.5350451734762061
2015-11-06,0.26008023276312897,0.5374499322612943
2015-11-09,0.25634870743772287,0.49825250576271535
2015-11-10,0.25692505569039126,0.546551254690783
2015-11-11,0.2556794359654802,0.5260403609555113
2015-11-12,0.2504273247420717,0.4804266192383498
2015-11-13,0.24628062479979446,0.492399525652494
2015-11-16,0.25175324017502315,0.6028671353026133
2015-11-17,0.2512056817965896,0.5338236764115231
2015-11-18,0.25720267896595045,0.6079635684136676
2015-11-19,0.2568242416743471,0.5358131312571441
2015-11-20,0.25823604911926046,0.555914662560407
2015-11-23,0.2577450544012705,0.5345617578800974
2015-11-24,0.2582469360824671,0.5456938223384458
2015-11-25,0.25818432346851133,0.539365187114629
2015-11-27,0.25835546830743605,0.5419843057632127
2015-11-30,0.2566244573150102,0.5206337886800039
2015-12-01,0.26069678756132125,0.5856481610334845
2015-12-02,0.25643383093623123,0.4923401148925175
2015-12-03,0.2509994326716992,0.4784623602482655
2015-12-04,0.2587252734253054,0.6273900007257561
2015-12-07,0.25603070744580364,0.50980780179317
2015-12-08,0.25359806528250217,0.5125686837054119
2015-12-09,0.25070043716128276,0.5070860445414445
2015-12-10,0.2515283375092977,0.5495152715542324
2015-12-11,0.24435215083509845,0.4574837268300639
2015-12-14,0.24599045725106347,0.5590577235822767
2015-12-15,0.24986682523232828,0.5846762017615694
2015-12-16,0.2552620135675927,0.6014093727417419
2015-12-17,0.24954504568019617,0.47503838403774984
2015-12-18,0.2430444152334989,0.46493406435592566
2015-12-21,0.24589792139541303,0.5732054916251366
2015-12-22,0.24909522467466136,0.5769031458701827
2015-12-23,0.2536733793938108,0.5922792650716462
2015-12-24,0.253107256064188,0.5336439012591202
2015-12-28,0.2522602865704432,0.5304399968171569
2015-12-29,0.2561985835132196,0.5846519747823331
2015-12-30,0.25344942721972463,0.5089916116290799
2015-12-31,0.24996256222616062,0.5003335829674916
2016-01-04,0.24434587612644365,0.47529754594166457
2016-01-05,0.24508957905882897,0.5486979890371512
2016-01-06,0.2403841116276052,0.4851681769745227
2016-01-07,0.23189681735229986,0.4392744582452884
2016-01-08,0.22808631736102725,0.49405020255718385
2016-01-11,0.22831170098636286,0.5428020603697445
2016-01-12,0.23102731784747713,0.5728902473547604
2016-01-13,0.22230407450949635,0.43374505177882655
2016-01-14,0.2279526528472819,0.6092068647356019
2016-01-15,0.22048024970536378,0.44836789475241345
2016-01-19,0.22064511534745998,0.5421107907832342
2016-01-20,0.21671808479119892,0.4911190055060677
2016-01-21,0.21846326598406993,0.5618867548638851
2016-01-22,0.22532571587907713,0.6248306373925727
2016-01-25,0.21995351590100962,0.47384999374694575
2016-01-26,0.22482257581751788,0.600124229476048
2016-01-27,0.22110025608183656,0.4942280279462307
2016-01-28,0.22295501061790232,0.5629671716098243
2016-01-29,0.23148649103339847,0.6438909381230665
2016-02-01,0.23135180097193805,0.5384466261095788
2016-02-02,0.22479480872904525,0.460461047712069
2016-02-03,0.2265653246273312,0.5617046606288884
2016-02-04,0.22715038142173724,0.5471935086174889
2016-02-05,0.22079503903036263,0.4620236753574258
2016-02-08,0.21606697650954085,0.48109241740264785
2016-02-09,0.2158243153138862,0.5370185247278425
2016-02-10,0.21581647682190327,0.5399682956126242
2016-02-11,0.21187036016842525,0.49019556113895024
2016-02-12,0.21828712042188797,0.6208760079512493
2016-02-16,0.22370472652936063,0.6071531089742734
2016-02-17,0.22938820601146026,0.609359907128332
2016-02-18,0.2278885952830307,0.5218895380337407
2016-02-19,0.22785208039856175,0.5396232476723342
2016-02-22,0.23280250248225615,0.5997945665228359
2016-02-23,0.22847565504583414,0.4879074881825832
2016-02-24,0.23004224230866202,0.5590233995830708
2016-02-25,0.23404106085974138,0.5880866264643763
2016-02-26,0.23333339606419345,0.531606989302554
2016-02-29,0.2305413787465623,0.506529445002195
2016-03-01,0.23883015180726247,0.6388905324077189
2016-03-02,0.2403212228528626,0.5576103819126075
2016-03-03,0.241666765449646,0.5558381337415887
2016-03-04,0.24284610579164873,0.5538435763623157
2016-03-07,0.24319324469962716,0.544113764909882
2016-03-08,0.23911767644305992,0.49231653765605243
2016-03-09,0.2408936035944088,0.5609378756507648
2016-03-10,0.24102285057129672,0.5415818661279681
2016-03-11,0.24683614934149362,0.607676485888065
2016-03-14,0.24632016785513175,0.5341078005102731
2016-03-15,0.24563987294467424,0.5321977768393927
2016-03-16,0.24782606206141716,0.5653045625632865
2016-03-17,0.25025386400546185,0.5679246852608707
2016-03-18,0.25187656545538845,0.5585883882537591
2016-03-21,0.25219256482657054,0.5436645498987221
2016-03-22,0.25187659694165404,0.5364694024293402
2016-03-23,0.24942077059867973,0.5120054138199281
2016-03-24,0.2492695867401451,0.5383334225658096
2016-03-28,0.24948839815995136,0.5425753224467705
2016-03-29,0.25284471222403854,0.5783660132189107
2016-03-30,0.25439780979714394,0.5576768129319705
2016-03-31,0.2536845906793616,0.5319886375368992
2016-04-01,0.2560035633158557,0.5662779987537297
2016-04-04,0.25477532476902975,0.5262036027573761
2016-04-05,0.2510479839061627,0.4977258902554048
2016-04-06,0.2549144586059021,0.583980316492359
2016-04-07,0.250514286769194,0.49005713509949334
2016-04-08,0.25153808544304057,0.551753659806061
2016-04-11,0.25059056932483714,0.5292517885025454
2016-04-12,0.2541563353782175,0.5806287872765666
2016-04-13,0.2578633341456893,0.5818414924179928
2016-04-14,0.2578486800855835,0.5399024388489335
2016-04-15,0.25753187885036394,0.5365120897538082
2016-04-18,0.2599899368514531,0.5675725072000168
2016-04-19,0.26123416258410376,0.5539242389617054
2016-04-20,0.26148710076562004,0.5428785253017651
2016-04-21,0.25951206797038723,0.5180637526652929
2016-04-22,0.25947376095811675,0.5396389410039208
2016-04-25,0.2587894537928968,0.5324166448544488
2016-04-26,0.25951560679186186,0.5481843281290084
2016-04-27,0.2601847337103835,0.5475335700723728
2016-04-28,0.2567868934740996,0.5020180956136777
2016-04-29,0.2549735146528347,0.5196248839638707
2016-05-02,0.25786554156766583,0.5726231003001552
2016-05-03,0.2545966359658972,0.5032500219828899
2016-05-04,0.25235674654002727,0.5146599641916544
2016-05-05,0.2522825239871131,0.5392223743139349
2016-05-06,0.25348933726958195,0.5537764678896633
2016-05-09,0.2536745088254875,0.5421666013895243
2016-05-10,0.25835338396499513,0.5927933846809221
2016-05-11,0.254797629266636,0.5000546569838739
2016-05-12,0.25469160423912957,0.5388680990178552
2016-05-13,0.2515612397245708,0.5045271169196709
2016-05-16,0.25518245247003135,0.5811531593686933
2016-05-17,0.25166769054167404,0.5001937333840464
2016-05-18,0.25162405537660465,0.5395694950359405
2016-05-19,0.2502466246846824,0.5243394297010567
2016-05-20,0.25247150762522935,0.5654423490096895
2016-05-23,0.25168023799109196,0.5310589041519556
2016-05-24,0.2566719876625543,0.5965861100076959
2016-05-25,0.2592884795800506,0.5694038163233274
2016-05-26,0.25920862312612825,0.5391743148092097
2016-05-27,0.2607958682791652,0.5577720031292943
2016-05-31,0.26043301344368214,0.5360255643009445
2016-06-01,0.26085890668271783,0.5448097292505141
2016-06-02,0.2619475021575662,0.5521666171880562
2016-06-03,0.2610088107557534,0.5296351541929879
2016-06-06,0.2628638298524029,0.5606576856030702
2016-06-07,0.26336588553664575,0.5456230847882749
2016-06-08,0.2647065390276022,0.5548695160246352
2016-06-09,0.2640778314630918,0.5331311910636727
2016-06-10,0.2605891084691443,0.5013803341389323
2016-06-13,0.2575504836082023,0.5060912436839408
2016-06-14,0.2568707615958693,0.5324305229209404
2016-06-15,0.25623033306188553,0.532859779776501
2016-06-16,0.25735579553570015,0.5527242407642619
2016-06-17,0.2561914129650727,0.5269709865285243
2016-06-20,0.25831994030333877,0.5639768344154132
2016-06-21,0.25924615209620683,0.5504305080288089
2016-06-22,0.2586270219493591,0.5331418444578582
2016-06-23,0.26363059305633935,0.5957212675369982
2016-06-24,0.2501452823760565,0.38842697294582607
2016-06-27,0.24353387005905544,0.4637631399035732
2016-06-28,0.24993905151458137,0.6140102461468409
2016-06-29,0.2562353104121144,0.6115579857047789
2016-06-30,0.2613595455195381,0.5974023612652339
2016-07-01,0.2621969047974272,0.5493652705595803
2016-07-05,0.2596406904696764,0.5116192876320451
2016-07-06,0.26171183205215487,0.5631302074446688
2016-07-07,0.2613423453184307,0.5359612150429122
2016-07-08,0.2671821936736437,0.6045114519109491
2016-07-11,0.26842405869592006,0.5536499710977794
2016-07-12,0.27103766875701396,0.568517075777257
2016-07-13,0.271140282427182,0.5411800358024728
2016-07-14,0.2731467559501983,0.5617781255916794
2016-07-15,0.27272863305195244,0.5355512932329486
2016-07-18,0.27366755345420274,0.5502001428470066
2016-07-19,0.2731277463245579,0.5342437615007022
2016-07-20,0.27472259327019605,0.5572485449190147
2016-07-21,0.27337689092894935,0.5255735947792423
2016-07-22,0.27512802323314356,0.5589171068319826
2016-07-25,0.27389430797496594,0.5267947308890608
2016-07-26,0.2740382928717611,0.5416178292176255
2016-07-27,0.27366515991111084,0.5360462071126563
2016-07-28,0.2742795470594513,0.5466849934944483
2016-07-29,0.274997723399729,0.5477903784613705
2016-08-01,0.27447624158731654,0.5344599064348299
2016-08-02,0.27198544056302676,0.5131867940243816
2016-08-03,0.273204229639668,0.5532401940736382
2016-08-04,0.27331545970591314,0.5412670701079759
2016-08-05,0.2765709808828975,0.5750521457264887
2016-08-08,0.27621713143006293,0.5362776519477332
2016-08-09,0.2764135729630231,0.5421707662599171
2016-08-10,0.2753098237907507,0.5282320759967994
2016-08-11,0.2771230806717856,0.5594922436341289
2016-08-12,0.2768251210664084,0.5368806512974329
2016-08-15,0.27793551273591716,0.5519287133866876
2016-08-16,0.27578398999747356,0.5170536397080241
2016-08-17,0.27654179936371137,0.5481862703467874
2016-08-18,0.2774525291665036,0.5498048808318331
2016-08-19,0.27681796650306517,0.5332839462502229
2016-08-22,0.2765986428445297,0.5377200018672406
2016-08-23,0.27737349373766856,0.5483522029755464
2016-08-24,0.2752386078999951,0.5172007230967952
2016-08-25,0.2746885902785098,0.534156376449443
2016-08-26,0.27404412404527045,0.5331312970094184
2016-08-29,0.27613060824276586,0.5624811446166761
2016-08-30,0.2753039805336964,0.5312003262881118
2016-08-31,0.2743485079881124,0.5297959499491116
2016-09-01,0.27435411150763633,0.5401271020036591
2016-09-02,0.2760433169908326,0.5582083624609763
2016-09-06,0.2773212319227713,0.5537415510592262
2016-09-07,0.27725666477817085,0.5393768960926802
2016-09-08,0.27632690580892,0.5301202621344394
2016-09-09,0.26656481184311637,0.4342476896860248
2016-09-12,0.27221964790354497,0.6016747010343771
2016-09-13,0.26636058802391915,0.47621766099355084
2016-09-14,0.26615851200303586,0.5378480083861402
2016-09-15,0.27002730097781286,0.5823522781884896
2016-09-16,0.2685574449774136,0.5240493880169502
2016-09-19,0.2685515608434534,0.5400025582205464
2016-09-20,0.2686767690163045,0.5414335243125095
2016-09-21,0.2730012473529196,0.5870118228608499
2016-09-22,0.2755794406475778,0.5678175911887615
2016-09-23,0.2733135883445816,0.5156872945014765
2016-09-26,0.26996032572081796,0.5037368220443253
2016-09-27,0.2724376233837172,0.5669353697598175
2016-09-28,0.2745072494479984,0.5623883141542916
2016-09-29,0.2708410350611659,0.5004476730353942
2016-09-30,0.27391917549601186,0.5733549148870768
2016-10-03,0.27262097650421785,0.526058393481607
2016-10-04,0.27049077055442305,0.5169831397173564
2016-10-05,0.27214625918427554,0.5580167585997969
2016-10-06,0.2722949175819329,0.5416750669504977
2016-10-07,0.27102579439556956,0.5263177027208291
2016-10-10,0.27283763436013314,0.5596823059465937
2016-10-11,0.26792347181834253,0.4866596285809972
2016-10-12,0.2683737917707073,0.5449880286243146
2016-10-13,0.26720123861775935,0.5272412384775604
2016-10-14,0.2672386800684489,0.5404769169916405
2016-10-17,0.2660944138725983,0.5275155663017568
2016-10-18,0.2685089460474372,0.5665093957608061
2016-10-19,0.26939119786955,0.5496891025357536
2016-10-20,0.2688359461397697,0.5340133894035595
2016-10-21,0.2688145513259456,0.539833381337644
2016-10-24,0.2706312556768558,0.5598427663218899
2016-10-25,0.26918312447462883,0.524310192741226
2016-10-26,0.26846114741067256,0.5321900283291923
2016-10-27,0.2672911093958025,0.5272715764272418
2016-10-28,0.2661084788771542,0.5270958332387683
2016-10-31,0.2660802360422579,0.5397565631365808
2016-11-01,0.2634939224673505,0.5115640120341937
2016-11-02,0.26103815737068664,0.5128302550297329
2016-11-03,0.2593677062396143,0.521442955365206
2016-11-04,0.2587578434466678,0.533247693441048
2016-11-07,0.26705527440179044,0.6319467125164104
2016-11-08,0.26847588118765026,0.5556064573847868
2016-11-09,0.2726757493142631,0.5856887856324587
2016-11-10,0.27333126018370735,0.5471448178040151
2016-11-11,0.2726606657013993,0.5328257728258768
2016-11-14,0.2725404732008765,0.5387677041393112
2016-11-15,0.27552459081356506,0.572207189063142
2016-11-16,0.27490257311378663,0.5333867627026844
2016-11-17,0.2766889375823754,0.5592238245629062
2016-11-18,0.2756805667643237,0.5292632818027024
2016-11-21,0.27866371299810244,0.5719509633326162
2016-11-22,0.27953189926326893,0.5493026914576081
2016-11-23,0.2797401424492578,0.542279230566047
2016-11-25,0.2812747432914159,0.5563365077240566
2016-11-28,0.2792472142605155,0.5185582729288881
2016-11-29,0.2797610944874735,0.5455281484323649
2016-11-30,0.2786241542686812,0.5279746348217624
2016-12-01,0.27719530222419386,0.5248225281682943
2016-12-02,0.2774074906185334,0.5423339638379973
2016-12-05,0.27970577405117486,0.5645484594529819
2016-12-06,0.2810590186304085,0.5544181168899309
2016-12-07,0.2863649857299533,0.595888614014673
2016-12-08,0.2872151917839289,0.548945794327928
2016-12-09,0.28956135453689025,0.5644757815354642
2016-12-12,0.289105833654192,0.5353382654755074
2016-12-13,0.29177753932754785,0.567727982226834
2016-12-14,0.28832512714425884,0.5042896212327687
2016-12-15,0.28984307392701325,0.5558331559833994
2016-12-16,0.2891602965385736,0.5329820478773434
2016-12-19,0.29000860502718756,0.5488674355429417
2016-12-20,0.2914628511936062,0.5551126847283059
2016-12-21,0.29047212456062466,0.5298221688049867
2016-12-22,0.2896981483089878,0.5320468020835903
2016-12-23,0.29022628187117944,0.545540941417974
2016-12-27,0.29117101545971946,0.5498420268129655
2016-12-28,0.2877651009297058,0.5047227820690291
2016-12-29,0.28772678904949267,0.5396676010369081
2016-12-30,0.28583438111736037,0.5203032489365951
2017-01-03,0.2893082218103016,0.5762781751980277
2017-01-04,0.29166734937832056,0.5644890673473761
2017-01-05,0.29145456695691535,0.5378695905899692
2017-01-06,0.29283698007415543,0.5543220815356114
2017-01-09,0.2914158109546418,0.5254111964587536
2017-01-10,0.2914283639970149,0.5401964628302839
2017-01-11,0.2926198258952657,0.5523565267914258
2017-01-12,0.29176208692489464,0.5312228355289027
2017-01-13,0.29251567588867866,0.5478378404492604
2017-01-17,0.2913851506167105,0.5284035982149438
2017-01-18,0.29202835394688903,0.5467062823899453
2017-01-19,0.29051451001095924,0.5244240613842945
2017-01-20,0.2919131259880376,0.5545208268661431
2017-01-23,0.29086006010540955,0.5291882943704365
2017-01-24,0.2935192977354995,0.5674857841661188
2017-01-25,0.29676893937027055,0.5733423410649893
2017-01-26,0.2964329370024868,0.5366378896743845
2017-01-27,0.29608478597679,0.5365110831050423
2017-01-30,0.2935988636319543,0.5145936305718675
2017-01-31,0.29331414348334744,0.5371398157740422
2017-02-01,0.29341665868988703,0.5411208990357189
2017-02-02,0.2936803768779757,0.5427772890503644
2017-02-03,0.2966924374465013,0.5709065035203542
2017-02-06,0.2958934924827614,0.5319077092222105
2017-02-07,0.29598631202552067,0.5410154798492516
2017-02-08,0.2963294558718948,0.5435721956314655
2017-02-09,0.29866605701937504,0.5638622486590371
2017-02-10,0.30017060114845456,0.555320727369937
2017-02-13,0.3023212032588767,0.5617791520557822
2017-02-14,0.30399441489303647,0.5568854312496426
2017-02-15,0.3061113805919992,0.5612539363438789
2017-02-16,0.3057836438867717,0.5367934101554201
2017-02-17,0.3065023125451919,0.5472415636136351
2017-02-21,0.30907725743774533,0.5656776263801431
2017-02-22,0.3086232811773254,0.5355623161122052
2017-02-23,0.30885705347570397,0.5423869292648235
2017-02-24,0.3095574761194707,0.5470109821525484
2017-02-27,0.30995397751659065,0.543992955281414
2017-02-28,0.30885126594105383,0.5291390280720494
2017-03-01,0.31465290920006606,0.5972577985766551
2017-03-02,0.3120325869369443,0.5143286661917051
2017-03-03,0.312256822004078,0.5422752648196888
2017-03-06,0.3108095412417388,0.5257930701390199
2017-03-07,0.30950845138267036,0.527195107555926
2017-03-08,0.3084693524552628,0.5297597915928024
2017-03-09,0.30875715414948185,0.542923978075006
2017-03-10,0.310174953617149,0.5541150490281875
2017-03-13,0.3103167600924754,0.5414694133753462
2017-03-14,0.30884423373223346,0.5254800531907753
2017-03-15,0.3125654229659813,0.5768354740410143
2017-03-16,0.31186934815428036,0.5332123452540538
2017-03-17,0.31133391512978026,0.534786934667265
2017-03-20,0.31050118975325036,0.5318427115298816
2017-03-21,0.305224522384485,0.4875924033588029
2017-03-22,0.3060496679259408,0.5483140614355222
2017-03-23,0.3055948440221108,0.5355227856382789
2017-03-24,0.305237047393034,0.5364888459029786
2017-03-27,0.3048508129006467,0.5362011904725104
2017-03-28,0.3078875648466585,0.5703684638999508
2017-03-29,0.3083868199104451,0.5450285490211464
2017-03-30,0.3095945152571649,0.5520460937911491
2017-03-31,0.3086449078225889,0.5306502592556962
2017-04-03,0.3079987506180807,0.5336477699431269
2017-04-04,0.30824341202017963,0.542498406543775
2017-04-05,0.3069498107136346,0.5271948133525058
2017-04-06,0.30775605213605906,0.5480937374478366
2017-04-07,0.30739347391018024,0.5364587847649318
2017-04-10,0.30770274554334803,0.5431445416196342
2017-04-11,0.30718169490634095,0.5348802678720173
2017-04-12,0.30563083613790426,0.524593190144431
2017-04-13,0.30277318797848013,0.5114110448535768
2017-04-17,0.30638306905175866,0.5762347270162601
2017-04-18,0.30520623186786205,0.5283086191430978
2017-04-19,0.30441568448446354,0.532150438304506
2017-04-20,0.30760564880547386,0.5719232561150375
2017-04-21,0.30632197050597476,0.527275192617773
2017-04-24,0.3108847689384395,0.5853658664378764
2017-04-25,0.31342831639682456,0.5651173343066644
2017-04-26,0.31324941471615575,0.5383095237930298
2017-04-27,0.31347829348958245,0.5423148472988891
2017-04-28,0.3126802139493259,0.5322230488335418
2017-05-01,0.3133642570027795,0.546790620924914
2017-05-02,0.3138856718033047,0.54518514847846
2017-05-03,0.3132633906131993,0.5339576231946953
2017-05-04,0.31345296423902486,0.5419288152528551
2017-05-05,0.3152374545498045,0.5575556825523451
2017-05-08,0.31522397024589066,0.539934905098372
2017-05-09,0.3147520220601393,0.5354481096922239
2017-05-10,0.3152520915893744,0.5449605380820703
2017-05-11,0.3143303522962306,0.5310422974820425
2017-05-12,0.3137366420265269,0.5342440953906658
2017-05-15,0.3158140137121174,0.5604065302121418
2017-05-16,0.3155467176554421,0.5374549572990529
2017-05-17,0.30777737724509147,0.46346241858592263
2017-05-18,0.30930830368840156,0.5552676649764718
2017-05-19,0.312236766772038,0.5689981544013784
2017-05-22,0.31447647639476034,0.5620656572918297
2017-05-23,0.31522535836900073,0.547397919533742
2017-05-24,0.31633871371777245,0.5509433081574202
2017-05-25,0.31826114794697485,0.5587840566409663
2017-05-26,0.3184352461768875,0.5417579202332543
2017-05-30,0.31790864556772225,0.5349496031514939
2017-05-31,0.31772972272358785,0.5383267708815703
2017-06-01,0.32103097718332335,0.5720609391974775
2017-06-02,0.32272353850860047,0.5563802345644842
2017-06-05,0.3221728027447815,0.5347652876938971
2017-06-06,0.32101949622757553,0.5289440038349854
2017-06-07,0.3216678055114247,0.5463227332831276
2017-06-08,0.3217468487427774,0.5408289239975024
2017-06-09,0.3213356370798057,0.5361004859410378
2017-06-12,0.32089418762320426,0.5358048346413762
2017-06-13,0.32288694690970987,0.5592730837499905
2017-06-14,0.3224460603046285,0.5358247534163755
2017-06-15,0.3214354074228174,0.5303271723932551
2017-06-16,0.32156907114250116,0.5413561506102149
2017-06-19,0.32519635386684204,0.5749125787647279
2017-06-20,0.32222389104032556,0.5115321020768303
2017-06-21,0.3219762001209061,0.537680644594351
2017-06-22,0.3217947731519819,0.5383181803387301
2017-06-23,0.32250473088647985,0.5469054918846102
2017-06-26,0.322615123183297,0.5411291978467312
2017-06-27,0.3190433734275468,0.5055615654345094
2017-06-28,0.3229102720180402,0.5774112391171325
2017-06-29,0.31907335725958763,0.5030131487614001
2017-06-30,0.3197308836988404,0.5464388876768138
2017-07-03,0.3206622259922376,0.5490766280861502
2017-07-05,0.3213150811747151,0.5463715224928616
2017-07-06,0.31716991301163416,0.4998815153617303
2017-07-07,0.31991180554106463,0.5666892131342788
2017-07-10,0.320332258388432,0.5441349367772682
2017-07-11,0.32000704172374883,0.5369204560973153
2017-07-12,0.3232562047465699,0.5714002571164125
2017-07-13,0.32406673372143346,0.5478484194694103
2017-07-14,0.3261866006104702,0.5603539238093941
2017-07-17,0.3261846953806887,0.5400486058555306
2017-07-18,0.3265044379924,0.5431186204785875
2017-07-19,0.3289030248595283,0.5628929636122053
2017-07-20,0.3288420266416914,0.5394877762824127
2017-07-21,0.32872467083963736,0.5389525915504548
2017-07-24,0.32824254378640877,0.535486390520301
2017-07-25,0.32950596858015874,0.5520597153733171
2017-07-26,0.3296904062505979,0.5418148116506548
2017-07-27,0.3292396311283602,0.5357933293380962
2017-07-28,0.32869322966303655,0.5348811789133957
2017-07-31,0.32836801959251655,0.5369774814343976
2017-08-01,0.3294806294901432,0.5506269763295348
2017-08-02,0.3296862807557579,0.5420159263198235
2017-08-03,0.3287298394205949,0.5309944395264065
2017-08-04,0.3295261897710565,0.5476219123658117
2017-08-07,0.3302596674696766,0.5470139364984327
2017-08-08,0.3291795883736781,0.5298329878987593
2017-08-09,0.3290811886153741,0.5391332660957038
2017-08-10,0.3226343255932646,0.47846765103115296
2017-08-11,0.3232278110399849,0.5457737772964167
2017-08-14,0.3276260939079104,0.582131058867651
2017-08-15,0.3273530739796042,0.5374673992854541
2017-08-16,0.3280352239903945,0.5465586031298797
2017-08-17,0.3211766701409724,0.474354680344647
2017-08-18,0.32036454883109067,0.5322202461232072
2017-08-21,0.32089303291965665,0.545174497029254
2017-08-22,0.3252350446179733,0.5818079029660451
2017-08-23,0.32374477219111575,0.5257850640185555
2017-08-24,0.32280061298525003,0.5309945146299607
2017-08-25,0.3235615448775793,0.5473799422234668
2017-08-28,0.32385137550255527,0.54284909096037
2017-08-29,0.32422862073519526,0.543685605995207
2017-08-30,0.3262647831827086,0.5595477685284926
2017-08-31,0.3288887887865016,0.5650450519052671
2017-09-01,0.329762942493039,0.5483565000179906
2017-09-05,0.3264695816262507,0.5087534669434203
2017-09-06,0.32783210792154194,0.5530488368566935
2017-09-07,0.327823853962762,0.5399882693425822
2017-09-08,0.3271368498539009,0.5335257619975737
2017-09-11,0.3318761065016398,0.5849925687549904
2017-09-12,0.333391606090363,0.5543364303866297
2017-09-13,0.3336918179994548,0.542888031056527
2017-09-14,0.3332195862992166,0.5356281927828741
2017-09-15,0.3340316463282637,0.5476967417896468
2017-09-18,0.33464312148038855,0.5458033430859732
2017-09-19,0.335149432747463,0.5448110790152713
2017-09-20,0.3353971964098226,0.5423865453066768
2017-09-21,0.3339766180030311,0.5267496043791215
2017-09-22,0.3342990797575819,0.5430932587056848
2017-09-25,0.333370617490793,0.5313470677958736
2017-09-26,0.3333449360221647,0.539825360745549
2017-09-27,0.33511898110961386,0.5567137485266979
2017-09-28,0.3356748371547352,0.5452697643826286
2017-09-29,0.3373249107338394,0.5554756976021453
2017-10-02,0.33906405336504675,0.5562490815819201
2017-10-03,0.34006281848994085,0.5493331431513603
2017-10-04,0.3406450614065156,0.5454597149703944
2017-10-05,0.3432163259965464,0.5638036981534753
2017-10-06,0.3427192185584516,0.5354877007120186
2017-10-09,0.34193602850027927,0.5328427448420271
2017-10-10,0.34302393082846966,0.5500982673019555
2017-10-11,0.34387342319376096,0.5478839882189198
2017-10-12,0.34310779297751587,0.5330219410058188
2017-10-13,0.34357561487436555,0.5443727489035994
2017-10-16,0.34434545012970047,0.5471433700485316
2017-10-17,0.34462223076788934,0.5426082662482294
2017-10-18,0.3449340703614881,0.5429284236362889
2017-10-19,0.3451170798259726,0.5417453324817115
2017-10-20,0.34743596801575016,0.5612798570490803
2017-10-23,0.34560179030656973,0.5232963286288058
2017-10-24,0.346320596268584,0.5466467087538643
2017-10-25,0.3441472796831405,0.5201421054170358
2017-10-26,0.34469019708271004,0.5450526806756887
2017-10-27,0.3484761079578105,0.5746780810869565
2017-10-30,0.34702081073013474,0.5267945711304894
2017-10-31,0.3474390513221077,0.5438852399980082
2017-11-01,0.34820171316376924,0.547021184659735
2017-11-02,0.3483017984039603,0.5409786136924059
2017-11-03,0.3497394624253295,0.5531436249410461
2017-11-06,0.3503909241334128,0.545979609121426
2017-11-07,0.35028580878968835,0.5391132854924552
2017-11-08,0.3509708073062969,0.5462767620939494
2017-11-09,0.34921615434046993,0.5241420907016685
2017-11-10,0.3487199334547997,0.5355527390000477
2017-11-13,0.34918463372319275,0.5442942537899055
2017-11-14,0.3481158985900677,0.5303382365555753
2017-11-15,0.3455491531767688,0.5166135337996623
2017-11-16,0.34934127444154117,0.5746726897880082
2017-11-17,0.3481840200230802,0.5295349118721907
2017-11-20,0.348713935079554,0.5448925604204184
2017-11-21,0.3517916734775999,0.567990291144209
2017-11-22,0.351499001458835,0.5374190960869707
2017-11-24,0.35245413376632007,0.5487016472919151
2017-11-27,0.352290640158957,0.5385899419595873
2017-11-28,0.3569251312298089,0.5817391369797497
2017-11-29,0.35669420357051435,0.5379996893687267
2017-11-30,0.3605354271484449,0.5743248137948782
2017-12-01,0.3596150854726249,0.531883050695398
2017-12-04,0.35908982019874086,0.5353892473033871
2017-12-05,0.3572819636265297,0.5239293901443736
2017-12-06,0.3572198601441057,0.5395113887306812
2017-12-07,0.3585473296935494,0.551923428371983
2017-12-08,0.3611741687159918,0.5634350520608006
2017-12-11,0.3626916080243862,0.5535093714286979
2017-12-12,0.36343356005112004,0.5466245808880292
2017-12-13,0.3632678182829721,0.5386027291336011
2017-12-14,0.36130124666205155,0.5226578359245666
2017-12-15,0.36562095486397,0.5782163802660328
2017-12-18,0.36822803587505176,0.5629317712557529
2017-12-19,0.36663364275283455,0.5260975949497193
2017-12-20,0.36622396935964885,0.5364702677923302
2017-12-21,0.3672019640447444,0.5486477500846538
2017-12-22,0.36700880550735193,0.5383733479335138
2017-12-26,0.36654039072274214,0.5359574197239602
2017-12-27,0.36697236315867654,0.5438566053072549
2017-12-28,0.36788075334551146,0.5480256791353849
2017-12-29,0.3653996801617558,0.5182945844541318
2018-01-02,0.36946061030849625,0.5756466635591788
2018-01-03,0.3725750942486204,0.5671601788148892
2018-01-04,0.37456979004402685,0.5573314790943595
2018-01-05,0.3780250291208511,0.5698130685344833
2018-01-08,0.37884672391261237,0.5471112081895999
2018-01-09,0.37945048838213474,0.5452356859936864
2018-01-10,0.3789093537542507,0.5354343713539776
2018-01-11,0.3824272217750787,0.570094686966935
2018-01-12,0.38586515314177083,0.569215111475606
2018-01-16,0.38409539543413873,0.5250861909398731
2018-01-17,0.388779605734901,0.5796066515904158
2018-01-18,0.38792810829522306,0.5329056796099872
2018-01-19,0.3901478973656442,0.5587108567605357
2018-01-22,0.3942573498844383,0.5743744481219186
2018-01-23,0.3954221139153151,0.5497421969927344
2018-01-24,0.3951863435855303,0.5381100341288093
2018-01-25,0.39548651175218974,0.5425578741148983
2018-01-26,0.4015619096535604,0.5901844736116458
2018-01-29,0.3980166329767251,0.5108904203051998
2018-01-30,0.39234842792392494,0.4930125611579094
2018-01-31,0.3926376598955635,0.542480096017262
2018-02-01,0.3922968031880377,0.53722261058156
2018-02-02,0.38136523029572267,0.4478594170226175
2018-02-05,0.36092195050660325,0.362248068221785
2018-02-06,0.36920548279579624,0.6129889282841163
2018-02-07,0.3667167012080494,0.5182844922859777
2018-02-08,0.34848193788844095,0.37708541446039306
2018-02-09,0.355432078448326,0.60290296050338
2018-02-12,0.36205735390563476,0.5991394199543827
2018-02-13,0.36334286610747635,0.5514371753411657
2018-02-14,0.36985659604897003,0.5972321856851046
2018-02-15,0.3757700062288637,0.5913264007204736
2018-02-16,0.3759591407041443,0.5416964400115746
2018-02-20,0.372999760179266,0.5144981974286301
2018-02-21,0.37024533404470744,0.5161343271861396
2018-02-22,0.3707501730181509,0.5444629901524506
2018-02-23,0.37861684893722236,0.6080075472524136
2018-02-26,0.38448460834771386,0.5900674359763088
2018-02-27,0.3780177163321189,0.48492858780697207
2018-02-28,0.3725215455016702,0.49265416844862425
2018-03-01,0.3659756091499414,0.48292156609908854
2018-03-02,0.3684427411682141,0.5616920592070019
2018-03-05,0.37380703036017615,0.5867219753424235
2018-03-06,0.37515925574418674,0.5517497081933036
2018-03-07,0.37488350545260657,0.5376869027993944
2018-03-08,0.37708754120558285,0.5590529934174452
2018-03-09,0.3856950152764265,0.6134368658163063
2018-03-12,0.3850568554107296,0.5346690406954125
2018-03-13,0.38187085442338725,0.5130188063676078
2018-03-14,0.37901871442705587,0.515710882594515
2018-03-15,0.37860118124032416,0.5364898890117717
2018-03-16,0.3794339533283858,0.5471980678817738
2018-03-19,0.3723548049767524,0.4790731780557656
2018-03-20,0.37305044885471905,0.5460981438834116
2018-03-21,0.3722307520253151,0.5329590185535824
2018-03-22,0.3598745029889972,0.4315038415160415
2018-03-23,0.34990503115711485,0.45047278615826736
2018-03-26,0.3626490323100067,0.6542729938807973
2018-03-27,0.35433231394580933,0.4658738894758321
2018-03-28,0.3528924578658278,0.5270935401756836
2018-03-29,0.3594198839875636,0.5985747592190922
2018-04-02,0.34877855649653305,0.44427933762548294
2018-04-03,0.3546313074538099,0.5930087100194116
2018-04-04,0.3601117755796044,0.5890685543013026
2018-04-05,0.3633626246367032,0.5688766335794893
2018-04-06,0.35283629786483167,0.44608600057519643
2018-04-09,0.3544395277524599,0.5545113141722913
2018-04-10,0.3623642526413103,0.6107753665087923
2018-04-11,0.35975506198139207,0.5169118343743676
2018-04-12,0.3636233416865394,0.5743518338719398
2018-04-13,0.3622644635170173,0.5280533992013463
2018-04-16,0.3661697828086763,0.5745042449953184
2018-04-17,0.3713448577394372,0.5852885415024783
2018-04-18,0.3717389538896888,0.5434915312217167
2018-04-19,0.36889693092760956,0.5153092482757277
2018-04-20,0.3646734889097399,0.5030153411991183
2018-04-23,0.36465930165423455,0.5399418059015354
2018-04-24,0.3581985907170839,0.4827740776809978
2018-04-25,0.35903333559920514,0.5475114296747275
2018-04-26,0.36402135635776994,0.5842908464920289
2018-04-27,0.3645894797557393,0.5450756446909475
2018-04-30,0.36060406078566204,0.5048081783677177
2018-05-01,0.36178274599238647,0.5505240546341115
2018-05-02,0.35831788023156086,0.5092552791400297
2018-05-03,0.35727978879559974,0.5307932213375874
2018-05-04,0.363397422173251,0.594436903353216
2018-05-07,0.36506076579775637,0.5547338922938573
2018-05-08,0.36492377019593497,0.538860643071421
2018-05-09,0.3695913106596365,0.580975657949519
2018-05-10,0.3742223844004264,0.5802824917893944
2018-05-11,0.37505855137768107,0.5472888438749416
2018-05-14,0.3754714154826759,0.5436283604233485
2018-05-15,0.3719758145695137,0.5098202770806369
2018-05-16,0.3739542004103497,0.5572108571587923
2018-05-17,0.3735230180311033,0.5363360134660582
2018-05-18,0.3722534268663093,0.5290632642914296
2018-05-21,0.37588868038018713,0.5715001637575503
2018-05-22,0.37433553354074306,0.5266645695670383
2018-05-23,0.3759714199333907,0.5541818429252278
2018-05-24,0.3750307379229207,0.5319557868070911
2018-05-25,0.3738652578556992,0.5299966259349331
2018-05-29,0.36822580563243756,0.49101065888998724
2018-05-30,0.3743967042770764,0.5937176920784997
2018-05-31,0.37098517404042053,0.5104874769876522
2018-06-01,0.37626007517469484,0.5857184600207849
2018-06-04,0.37844388780340615,0.5588284446565719
2018-06-05,0.37881876051832236,0.5432793630699567
2018-06-06,0.3830642889085511,0.5762866739497211
2018-06-07,0.38272666917554893,0.5371973809277424
2018-06-08,0.3842857758264684,0.5533019286710364
2018-06-11,0.3848210905358022,0.5446018479868838
2018-06-12,0.3856865409137884,0.5473887721293742
2018-06-13,0.3836621985208161,0.522921062817767
2018-06-14,0.38492881506210774,0.5508026042527083
2018-06-15,0.38433269978720674,0.5350174125306206
2018-06-18,0.3832611803291488,0.530975871409631
2018-06-19,0.3812341570118634,0.5228175414952044
2018-06-20,0.38205211004764517,0.5470354536160592
2018-06-21,0.37886459885886514,0.5128476742581396
2018-06-22,0.37982159976572866,0.5482566721299623
2018-06-25,0.372949719941355,0.48091612196894373
2018-06-26,0.37403184826846547,0.5494344383188752
2018-06-27,0.3697861653814845,0.5031979891318352
2018-06-28,0.37279115200117324,0.5661936089345334
2018-06-29,0.3731940418648921,0.5435579173140657
2018-07-02,0.37463970864540524,0.5525709657621604
2018-07-03,0.37226024195109064,0.519466820050849
2018-07-05,0.3765207053265812,0.5768831182032362
2018-07-06,0.38072746649410205,0.5761184080405891
2018-07-09,0.38513928241441386,0.577560109286582
2018-07-10,0.3868731986017459,0.5547150139912238
2018-07-11,0.3832232357886999,0.5091746245293685
2018-07-12,0.38764861907866544,0.5774939689513553
2018-07-13,0.38818642006366677,0.5445935039917064
2018-07-16,0.3876406927565736,0.5354733383809309
2018-07-17,0.3896045598730062,0.5565744845844056
2018-07-18,0.39070640889058594,0.5493014848358879
2018-07-19,0.3886874943569199,0.5231312565708384
2018-07-20,0.38821800855594174,0.5361191571712107
2018-07-23,0.38909837986775336,0.5474664271731496
2018-07-24,0.39154533295301097,0.5605684270608616
2018-07-25,0.39622317032316096,0.5789950760221522
2018-07-26,0.39462268975271003,0.5267866697654224
2018-07-27,0.39125954282376824,0.5120291071930673
2018-07-30,0.38831031813858324,0.515331533389978
2018-07-31,0.3908055721908279,0.561003660483333
2018-08-01,0.3902266810769775,0.5352184041608145
2018-08-02,0.39271976116140267,0.5609090702951885
2018-08-03,0.395133610995725,0.5601527889889046
2018-08-06,0.39693863045517447,0.5550267559745103
2018-08-07,0.3983920694062716,0.552075897513142
2018-08-08,0.39826125495194326,0.5389872821243784
2018-08-09,0.39752073924440123,0.5339508565778371
2018-08-10,0.39386529595684244,0.5097508265397366
2018-08-13,0.39175080182614697,0.5224343815145639
2018-08-14,0.39501024635752785,0.5672172696224521
2018-08-15,0.3910361455260624,0.5069408641112694
2018-08-16,0.3950824846197526,0.5737925596285746
2018-08-17,0.3968361192879913,0.5546029888169637
2018-08-20,0.3981289559823415,0.5507525924168194
2018-08-21,0.39920343646128265,0.5489280312308475
2018-08-22,0.3990219029154927,0.5385709467051699
2018-08-23,0.39810069132801557,0.5324680723923755
2018-08-24,0.4013922609646368,0.5671574149951579
2018-08-27,0.40538826926294846,0.5727319103659846
2018-08-28,0.40547619134497265,0.5407827827559822
2018-08-29,0.40848946468711006,0.564534766437989
2018-08-30,0.406135933802781,0.5209676582613655
2018-08-31,0.40620157728050965,0.5406006290179018
2018-09-04,0.40529786321839223,0.5327118120640124
2018-09-05,0.4038354764023202,0.5281388037450316
2018-09-06,0.40194696786464135,0.5246149921009948
2018-09-07,0.40074949543855104,0.5302407890384089
2018-09-10,0.40174405093260845,0.5482292926727056
2018-09-11,0.40368327262354975,0.5559387944131202
2018-09-12,0.40391425431355205,0.5419534970848447
2018-09-13,0.4066619311323376,0.562448303254533
2018-09-14,0.40675831898042103,0.5408498654840397
2018-09-17,0.40385035853070445,0.5163803906737914
2018-09-18,0.4066358249788939,0.5627580202180739
2018-09-19,0.4072959322561839,0.5454270645096517
2018-09-20,0.41144972882983794,0.57364741349792
2018-09-21,0.41123451761591423,0.5383332601330785
2018-09-24,0.40936860157850247,0.5250079673598265
2018-09-25,0.408682197262284,0.534514156737569
2018-09-26,0.40694475651206025,0.525980350250572
2018-09-27,0.4083709323275546,0.5516329603224563
2018-09-28,0.4083887232759083,0.5402108875177642
2018-10-01,0.41031056251136117,0.5556041626193365
2018-10-02,0.4101604400714077,0.53885509132314
2018-10-03,0.4104805615540372,0.5426502369214125
2018-10-04,0.40612306140957927,0.5047696937133058
2018-10-05,0.403209090086779,0.5163032684151024
2018-10-08,0.40295188209837257,0.5379630620137626
2018-10-09,0.4022315218127196,0.5341695092232274
2018-10-10,0.3850933548627854,0.39737379812446844
2018-10-11,0.3748444986649904,0.4524626277941833
2018-10-12,0.38184754664631276,0.6001155821957187
2018-10-15,0.37891268756975544,0.5150013421573743
2018-10-16,0.38961638255140313,0.630799642793091
2018-10-17,0.38946334583662257,0.5387826736665079
2018-10-18,0.38213723934625504,0.4781499299149151
2018-10-19,0.3819544691704833,0.5385108798503828
2018-10-22,0.37978841338000474,0.5215850835053749
2018-10-23,0.3770630249704484,0.5167014554157527
2018-10-24,0.36178217582169075,0.4067046316500202
2018-10-25,0.3707212235375507,0.6185727483900828
2018-10-26,0.36227490753199343,0.46592497307196873
2018-10-29,0.35908579506637195,0.5117436204517309
2018-10-30,0.3665409075877428,0.6059935528828654
2018-10-31,0.3717746940463097,0.5857651400002887
2018-11-01,0.3770307833798354,0.5854857512517683
2018-11-02,0.37386865813070075,0.5127986085961708
2018-11-05,0.3766249643267431,0.5638449212163741
2018-11-06,0.3797141654516463,0.5665644651246307
2018-11-07,0.390298821980355,0.6296620577935867
2018-11-08,0.38899136326455497,0.5290981801653781
2018-11-09,0.3842768690110217,0.5002863583377055
2018-11-12,0.37434405661732933,0.4550551782282867
2018-11-13,0.37360364869500745,0.533663425536417
2018-11-14,0.36991429604597303,0.5080195975351623
2018-11-15,0.3751103443510374,0.5851347311866546
2018-11-16,0.3762585474348549,0.5499635873975273
2018-11-19,0.3680163620325772,0.46852420879593343
2018-11-20,0.35915678344123986,0.46184144215701095
2018-11-21,0.3606294790746831,0.553166957040752
2018-11-23,0.3574648565020684,0.5118678886464227
2018-11-26,0.36486190607127283,0.6056983637991482
2018-11-27,0.3664161511668477,0.5537331478148472
2018-11-28,0.3776021108850865,0.6371879674896089
2018-11-29,0.37653864110485147,0.530925247183028
2018-11-30,0.38057555620737415,0.574667353027909
2018-12-03,0.38610025131574116,0.5869811835818393
2018-12-04,0.36980514089700395,0.4002245406034619
2018-12-06,0.36908161841670784,0.5337530689693392
2018-12-07,0.3577546193556195,0.44001983203478257
2018-12-10,0.3585781375197772,0.5474180234556963
2018-12-11,0.35840852701485526,0.5385537567187906
2018-12-12,0.36099526893416595,0.5630857629874969
2018-12-13,0.3608989937737694,0.539212221468073
2018-12-14,0.35171995743166007,0.4578159509960155
2018-12-17,0.3419838717080622,0.4511054849512981
2018-12-18,0.34205216023923807,0.5406970923011666
2018-12-19,0.3349416935488685,0.4739469296907618
2018-12-20,0.32783657109967457,0.472985967403868
2018-12-21,0.3186139057723659,0.45143541347792826
2018-12-24,0.30680262460960844,0.4238789144372442
2018-12-26,0.3278869216084933,0.7453650582970156
2018-12-27,0.33175569311391684,0.5767157682744307
2018-12-28,0.33124605821603964,0.5352564856488269
2018-12-31,0.33510009701474236,0.5763138613334715
2019-01-02,0.3356872090475085,0.5455623673937773
2019-01-03,0.3245234502536341,0.4343725455363053
2019-01-04,0.3396783193326944,0.6829378549401856
2019-01-07,0.3428934059994497,0.5697875794207996
2019-01-08,0.34735341689679783,0.5809652847249641
2019-01-09,0.3493091672544716,0.5578815521365962
2019-01-10,0.3513849577909539,0.5588961820191956
2019-01-11,0.35133596668093287,0.5396233310159223
2019-01-14,0.3488577956884591,0.5175757908775308
2019-01-15,0.3538679542952841,0.5854187574062031
2019-01-16,0.3549427557131771,0.54973512311666
2019-01-17,0.35852471924058704,0.5721352107272161
2019-01-18,0.3647730498621814,0.5954514816885053
2019-01-22,0.35794945015204876,0.4795476477432891
2019-01-23,0.3590026086636792,0.5494620153431915
2019-01-24,0.35967061964957014,0.5460157054964304
2019-01-25,0.36379264675397144,0.5765977217551361
2019-01-28,0.36001113121653006,0.506565164305748
2019-01-29,0.35936972325944805,0.5343588985526855
2019-01-30,0.366851349494969,0.6061884157814994
2019-01-31,0.3710525686654713,0.5767642865233608
2019-02-01,0.3714674041490246,0.5436737723834058
2019-02-04,0.37475958334869797,0.5685874700645285
2019-02-05,0.3771123859059913,0.5603364894861353
2019-02-06,0.37597479034477416,0.5302779600547463
2019-02-07,0.37135888759813956,0.5001220077366768
2019-02-08,0.3717298451409452,0.5432904387126547
2019-02-11,0.3720423176706242,0.5427803638526489
2019-02-12,0.3783790301703872,0.5947368575403398
2019-02-13,0.37984905841308747,0.552652714469051
2019-02-14,0.37856868468691446,0.5291066714541425
2019-02-15,0.38401884393331115,0.5865320839501289
2019-02-19,0.38484740314524113,0.5470877734639842
2019-02-20,0.38573612525681356,0.547585108006144
2019-02-21,0.3838863613628761,0.5244038465288738
2019-02-22,0.3871489169237188,0.5676550644274202
2019-02-25,0.38775645677599974,0.545185065542618
2019-02-26,0.387377282353635,0.5368731117168728
2019-02-27,0.3870513283855685,0.5373195138348427
2019-02-28,0.3855790835719219,0.5276365923831051
2019-03-01,0.3889563038603275,0.568528670339028
2019-03-04,0.38698897746667005,0.5235094108537394
2019-03-05,0.3864317800790194,0.5353659414218416
2019-03-06,0.3831453506788117,0.512237541573137
2019-03-07,0.37909184248700023,0.5054970230709307
2019-03-08,0.3780919073987676,0.53149693832376
2019-03-11,0.38535367470923965,0.6019258061778846
2019-03-12,0.3868899940386247,0.5530428140879264
2019-03-13,0.3904312432354309,0.569831405460564
2019-03-14,0.38992082352857677,0.5357890961324254
2019-03-15,0.3925001099007038,0.5616405642781939
2019-03-18,0.39439669656432236,0.5558628871285175
2019-03-19,0.39433779964041354,0.5395771171144998
2019-03-20,0.39290158995998026,0.5281089398011437
2019-03-21,0.3984306277907998,0.5859237613079669
2019-03-22,0.3886813063735927,0.4588820294777037
2019-03-25,0.3883107356423207,0.5369511363306307
2019-03-26,0.39192931400237796,0.5703965663723636
2019-03-27,0.3895547649310562,0.5201877533007081
2019-03-28,0.39131344782814553,0.5547986309077868
2019-03-29,0.3947487173970497,0.568700863177341
2019-04-01,0.4006253290053653,0.5886210316017034
2019-04-02,0.40066305573128697,0.540376776225141
2019-04-03,0.40175367744398754,0.5490183691053306
2019-04-04,0.40285685023116985,0.5491028416891783
2019-04-05,0.4052776108864733,0.55983016213937
2019-04-08,0.40584255368828676,0.5446662687636391
2019-04-09,0.4026899944637582,0.5143384446874607
2019-04-10,0.404539549105223,0.5551794857032009
2019-04-11,0.404487690259285,0.5396437674662268
2019-04-12,0.40792092958550474,0.5679851682228033
2019-04-15,0.40757858142329806,0.5372908558038002
2019-04-16,0.407787516271395,0.5417611606314807
2019-04-17,0.4065798608694222,0.5302642245290113
2019-04-18,0.4074266943369763,0.5469428613367965
2019-04-22,0.40794939220281995,0.5443055929248355
2019-04-23,0.41261224504517413,0.5776998657605875
2019-04-24,0.41148224944676404,0.5309763938039251
2019-04-25,0.4112884813117951,0.5385061090872201
2019-04-26,0.41381330258997806,0.560359352267276
2019-04-29,0.41434670461225664,0.544341885138875
2019-04-30,0.4148750044785501,0.5442968901420298
2019-05-01,0.410850651981663,0.5077405575048021
2019-05-02,0.4096819313493788,0.5306340593653293
2019-05-03,0.41481454570468046,0.5813418873327902
2019-05-06,0.41245106467711634,0.5211085508488696
2019-05-07,0.40370683046095396,0.4692054694564032
2019-05-08,0.40285666808036197,0.5331158241775494
2019-05-09,0.4012954112144197,0.5272731233741355
2019-05-10,0.4032396971880642,0.5559934998775184
2019-05-13,0.3907133097685358,0.43642778473663846
2019-05-14,0.3948006508502461,0.5741538896683352
2019-05-15,0.3978158955709422,0.5650442757901578
2019-05-16,0.40236524180719807,0.5774852516590119
2019-05-17,0.3992929574724882,0.5148322267765857
2019-05-20,0.395787480816203,0.5110957332291568
2019-05-21,0.40014446744452836,0.5760463905111473
2019-05-22,0.3986850754487408,0.5280481088328732
2019-05-23,0.3925781548931526,0.48941355989297175
2019-05-24,0.39328475457600715,0.545957625387493
2019-05-28,0.3890022683876033,0.504242359200335
2019-05-29,0.38549848563716205,0.5105373148778563
2019-05-30,0.38660703145888103,0.5494310075478135
2019-05-31,0.38003945952006546,0.4842947479644211
2019-06-03,0.37874897269542374,0.5290240958350534
2019-06-04,0.3893908793334976,0.6303097750268829
2019-06-05,0.3935283832493126,0.5746575452188487
2019-06-06,0.39668838379696664,0.5663028436643988
2019-06-07,0.4021475856433301,0.5850256437054576
2019-06-10,0.40449740777701926,0.5592776349287634
2019-06-11,0.4043105053050979,0.5385418619564049
2019-06-12,0.40327600989756524,0.53161676208615
2019-06-13,0.40546813086100847,0.5579533692393092
2019-06-14,0.4046223373378501,0.533174197328978
2019-06-17,0.4051013149014199,0.5439714439407414
2019-06-18,0.4102408284084507,0.5817470805486848
2019-06-19,0.4118796250365687,0.5532742286553065
2019-06-20,0.4170413034244759,0.5814079693694154
2019-06-21,0.4163737919032811,0.5347424118478491
2019-06-24,0.4155406485396722,0.5334121756151481
2019-06-25,0.41049070852095604,0.49951360994156585
2019-06-26,0.4097739135715277,0.5342801239818245
2019-06-27,0.4118144196736528,0.5565197444690545
2019-06-28,0.4148655323603499,0.5645538950413086
2019-07-01,0.41886479675971056,0.5719578029280803
2019-07-02,0.4205472291743373,0.5534139099895798
2019-07-03,0.4247055563523043,0.5728825650900338
2019-07-05,0.4236295226199812,0.5315987042297912
2019-07-08,0.42097516370386956,0.5191075536876973
2019-07-09,0.42165671972211843,0.5454580344306664
2019-07-10,0.42418314044734895,0.5599936655036052
2019-07-11,0.42534242396918864,0.5491803118423125
2019-07-12,0.4278937088320725,0.5600568683426329
2019-07-15,0.4279991063438318,0.5408906615380974
2019-07-16,0.4260844339278889,0.5250761275643466
2019-07-17,0.422634497283175,0.512926000505078
2019-07-18,0.4246515225028143,0.5559551987347991
2019-07-19,0.4212208936020546,0.5130088371902166
2019-07-22,0.42275567517951956,0.5521925169840192
2019-07-23,0.42642089964783186,0.5688894563820047
2019-07-24,0.4290085864658269,0.560302454176896
2019-07-25,0.4260802063788814,0.517159958212126
2019-07-26,0.4301072628969147,0.5715371145398843
2019-07-29,0.4292609092841896,0.5334714917302084
2019-07-30,0.42786910000246003,0.5291993615977317
2019-07-31,0.4218694288481929,0.49290993873442684
2019-08-01,0.41719812808890167,0.5029965840282874
2019-08-02,0.41329020931602184,0.5088121160700295
2019-08-05,0.39759680809392245,0.4122625726455192
2019-08-06,0.40436550435362745,0.5956470499865026
2019-08-07,0.4048302200889578,0.5438570399692026
2019-08-08,0.41466308371746724,0.6195058642982475
2019-08-09,0.41111741128727525,0.5115870884815925
2019-08-12,0.4046945557140124,0.48800129123233293
2019-08-13,0.4125556301850248,0.6037067248147411
2019-08-14,0.39710010044854077,0.4140560026099059
2019-08-15,0.3984462518833633,0.5511871705657623
2019-08-16,0.4058399699156743,0.6006477320249317
2019-08-19,0.41208357514621236,0.5905806680872457
2019-08-20,0.4079651297080832,0.5068118991736913
2019-08-21,0.41227451997818504,0.574857404463362
2019-08-22,0.4119633497439231,0.537563875494643
2019-08-23,0.3983754735895541,0.42935521355916617
2019-08-26,0.40403127181087395,0.5864891390209936
2019-08-27,0.40244915960959937,0.5271303556388164
2019-08-28,0.405838743677541,0.5677358411379531
2019-08-29,0.41242797336811704,0.5933601446694982
2019-08-30,0.41275649930144664,0.5427070289164777
2019-09-03,0.40916927836176215,0.5111513205196135
2019-09-04,0.41493569891606913,0.5864555198604647
2019-09-05,0.4216798723119523,0.5937060850815717
2019-09-06,0.4221387410270674,0.5436926560448875
2019-09-09,0.42202843835562853,0.53919548788099
2019-09-10,0.4221019515008856,0.5406475151901218
2019-09-11,0.42602997684360905,0.5709850392780742
2019-09-12,0.42758563757825185,0.5522517163522189
2019-09-13,0.4270859577260766,0.5361566762237999
2019-09-16,0.4254709701349985,0.527405224847896
2019-09-17,0.4268883955651655,0.5511814333449668
2019-09-18,0.4270515805933169,0.5413445944654276
2019-09-19,0.42710062248875086,0.5404507398542875
2019-09-20,0.4245356603304794,0.519940805723885
2019-09-23,0.4245180808441608,0.539928540238925
2019-09-24,0.4200110836349829,0.504476278564686
2019-09-25,0.42317420884924195,0.5650753055104129
2019-09-26,0.4218782311237145,0.5298376858206612
2019-09-27,0.41899762564454157,0.5172444809803154
2019-09-30,0.42162239320214956,0.5608669701337585
2019-10-01,0.4150638576489062,0.4879073427027863
2019-10-02,0.4055979944094043,0.4636750519927486
2019-10-03,0.40982853806469066,0.5743727830360777
2019-10-04,0.41733937364607526,0.6003198739993246
2019-10-07,0.4148729471342008,0.5203718562283096
2019-10-08,0.40664343737049,0.47370528519729743
2019-10-09,0.4114115042963923,0.5786379784898542
2019-10-10,0.41472350696571497,0.566660969641912
2019-10-11,0.4204839376032575,0.5859403594110468
2019-10-14,0.419774014255076,0.534439123883312
2019-10-15,0.4250477073455831,0.5817008236096273
2019-10-16,0.4240118339305937,0.5319200488847293
2019-10-17,0.4255133056285062,0.5518703747620267
2019-10-18,0.4233882248624806,0.5233514670692305
2019-10-21,0.4270485287387006,0.5688182881065936
2019-10-22,0.42513774898495055,0.5250812343124662
2019-10-23,0.42670822255747903,0.5523872034087154
2019-10-24,0.4277942217964013,0.5485662985950651
2019-10-25,0.4300131972299598,0.5573824325417427
2019-10-28,0.4329981654206338,0.5632525234556454
2019-10-29,0.43252607112756286,0.5364079543665954
2019-10-30,0.43436912962078206,0.5543336710121696
2019-10-31,0.43279148436080117,0.5278573135743481
2019-11-01,0.4381206158920538,0.5811734933252207
2019-11-04,0.4401389258687079,0.55553518417579
2019-11-05,0.4393568043066218,0.5340790648750782
2019-11-06,0.4397800186237601,0.5433078370866431
2019-11-07,0.441171406293347,0.5507054124246469
2019-11-08,0.44256517431769987,0.5506978102982966
2019-11-11,0.44145317857487215,0.531587089786189
2019-11-12,0.442352447653223,0.5469255889668608
2019-11-13,0.4427903279759145,0.5434026646556104
2019-11-14,0.4433085784758073,0.5440116673333619
2019-11-15,0.4476062555444288,0.5726443187615919
2019-11-18,0.4479199076697579,0.542434917196664
2019-11-19,0.44759059105830096,0.5375803737739477
2019-11-20,0.44550351293731305,0.5242759818553525
2019-11-21,0.4445749032512769,0.5330226319623388
2019-11-22,0.4457926145792892,0.5493016964977379
2019-11-25,0.4500055525787513,0.5718678024784652
2019-11-26,0.45129272485251126,0.5497371112806143
2019-11-27,0.4536235491333853,0.5575238331938915
2019-11-29,0.45134150432787506,0.5229758138310687
2019-12-02,0.44641956612853484,0.5029765389537906
2019-12-03,0.44277425706838613,0.5123932850810733
2019-12-04,0.44629769042473644,0.5668178993446579
2019-12-05,0.4471345942565571,0.5463969522733748
2019-12-06,0.4522278548538829,0.5783953893337636
2019-12-09,0.45043040179951027,0.526578528286418
2019-12-10,0.44982033969712215,0.5354793869365436
2019-12-11,0.4515297022248551,0.552908392279977
2019-12-12,0.4563476049696135,0.5760603358154123
2019-12-13,0.45645663182586066,0.5408779063476098
2019-12-16,0.4605379277517444,0.5703223778438387
2019-12-17,0.4607337190173685,0.5415130103855803
2019-12-18,0.46046386083488816,0.5380733632070784
2019-12-19,0.46306633159383426,0.5592535144216744
2019-12-20,0.46594158903414595,0.5611675208597322
2019-12-23,0.46645475236164924,0.5438221114479888
2019-12-24,0.46640396867500905,0.5396953065654709
2019-12-26,0.46944955490067414,0.5622902759962367
2019-12-27,0.4694828032577212,0.5403087881863963
2019-12-30,0.4661024226389906,0.5153948236900784
2019-12-31,0.46780216842575334,0.552489867994937
2020-01-02,0.47276996443740593,0.5761749681392083
2020-01-03,0.468713268192165,0.5106032009864884
2020-01-06,0.4708300386555673,0.5554654876167875
2020-01-07,0.46919220436096254,0.5281569166432163
2020-01-08,0.47200454364625555,0.5604974912382245
2020-01-09,0.47590233554542544,0.5682265342825901
2020-01-10,0.47425972800892685,0.528221748451102
2020-01-13,0.47833306453833013,0.5693816640234962
2020-01-14,0.47743866357496256,0.5336467613767334
2020-01-15,0.47859427853258024,0.5483600625127727
2020-01-16,0.4835666271751218,0.5755730548491356
2020-01-17,0.48588447990867734,0.556520294010891
2020-01-21,0.48431922473583583,0.5289624530996176
2020-01-22,0.48449361587087614,0.5413053669752449
2020-01-23,0.48520151339549833,0.5450908772588609
2020-01-24,0.47980206726783964,0.5015997026703592
2020-01-27,0.47047910503115836,0.47284305609744953
2020-01-28,0.4763264680738761,0.5823498055765791
2020-01-29,0.4758636069210122,0.5367346030139042
2020-01-30,0.4777178169034974,0.5534002685386479
2020-01-31,0.46725337573047354,0.46428125463817277
2020-02-03,0.4714415244066873,0.5705555048664868
2020-02-04,0.4801460338655216,0.6027636797751754
2020-02-05,0.4868589848314906,0.5878142213052188
2020-02-06,0.48890354610222453,0.554506572218013
2020-02-07,0.48567544739101326,0.5172464817639862
2020-02-10,0.4901102514959,0.5713872546824652
2020-02-11,0.4911046602957226,0.5470591459893613
2020-02-12,0.4950233311794483,0.5675135906786586
2020-02-13,0.4940642774509339,0.5333653343672438
2020-02-14,0.4952236053711698,0.5481663996837759
2020-02-18,0.4935239985106485,0.5281874401890968
2020-02-19,0.49642832547294774,0.5603470734317741
2020-02-20,0.4941348077904024,0.5240594592133805
2020-02-21,0.48781536478224546,0.4956563919916679
2020-02-24,0.46764405479233434,0.39522642926974916
2020-02-25,0.4498723834558212,0.4083700272234352
2020-02-26,0.4477412131010482,0.5240049762024314
2020-02-27,0.42282435877356367,0.34778064087895666
2020-02-28,0.4182515389394735,0.5038439092724126
2020-03-02,0.44290624673376383,0.731917011541429
2020-03-03,0.4274295918536527,0.42061932586709116
2020-03-04,0.45037384611420617,0.7160057196683034
2020-03-05,0.4313042344082837,0.3943385932214161
2020-03-06,0.4220387278738526,0.4674742071232455
2020-03-09,0.38112677873090484,0.2043423371637871
2020-03-10,0.4054501552415646,0.7427461141356966
2020-03-11,0.3797705507589676,0.32580605050321454
2020-03-12,0.3319012034028918,0.11037667045195966
2020-03-13,0.37360659614779623,0.9167314868238129
2020-03-16,0.3148931473687793,0.0
2020-03-17,0.3405731336568697,0.7844976181275368
2020-03-18,0.31632944722698164,0.3096727148591913
2020-03-19,0.3185096964183114,0.561288576492987
2020-03-20,0.29977322994325056,0.3542528838342219
2020-03-23,0.28802724425212933,0.41943350489332265
2020-03-24,0.3263791190652291,0.9222693731628462
2020-03-25,0.33152903553770774,0.5889438364432845
2020-03-26,0.359598578694371,0.7973007748032014
2020-03-27,0.3435706000651475,0.39503594510425255
2020-03-30,0.35902249462251784,0.679967114999355
2020-03-31,0.35119912668064496,0.469792230347326
2020-04-01,0.33055111142051435,0.3489983849409248
2020-04-02,0.34087158167913045,0.6366083935515255
2020-04-03,0.333991916323225,0.4759484480218396
2020-04-06,0.36588190788817515,0.8296894358179047
2020-04-07,0.365096391920238,0.5331577473738314
2020-04-08,0.3814493849701279,0.6817026075578838
2020-04-09,0.388944712495504,0.6034875960739943
2020-04-13,0.3838948316861578,0.49743878241561945
2020-04-14,0.3992257340540059,0.6682215141067651
2020-04-15,0.3878843040986235,0.4456230654959971
2020-04-16,0.3908230002185426,0.5647340948394669
2020-04-17,0.4042750230803734,0.6512449429806125
2020-04-20,0.39498979744359597,0.4636285210984031
2020-04-21,0.3792635658515289,0.4074868164289744
2020-04-22,0.3907396101218079,0.6372088424263674
2020-04-23,0.3905501857795481,0.538480699279235
2020-04-24,0.39756300499859276,0.5984078580784801
2020-04-27,0.40502136032911323,0.6012746361314908
2020-04-28,0.40230788443047866,0.5178970509030478
2020-04-29,0.4161321913666706,0.6518638845403864
2020-04-30,0.41110624726564704,0.49975085066806507
2020-05-01,0.39634582672753116,0.4194770929433673
2020-05-04,0.3985573675011764,0.5583471201777231
2020-05-05,0.40323441774921365,0.5784776373015823
2020-05-06,0.39948382662694576,0.509291371962386
2020-05-07,0.4055403068066659,0.5896565505515673
2020-05-08,0.4142819697825779,0.6106683342135995
2020-05-11,0.41427815100263093,0.5400362014363436
2020-05-12,0.4034531348137966,0.45246956135097294
2020-05-13,0.394451270893512,0.4658666257985139
2020-05-14,0.40042621566253706,0.5894565998736847
2020-05-15,0.4024970372036986,0.5570555894972047
2020-05-18,0.41877506235310263,0.6713670820764706
2020-05-19,0.41323749726824277,0.495839820350239
2020-05-20,0.4220963308917768,0.6106074778935199
2020-05-21,0.4178350945146587,0.5062771817089378
2020-05-22,0.4191288096481963,0.5503528939328388
2020-05-26,0.4256048491144031,0.5911971887584903
2020-05-27,0.4336561022515947,0.6028141197929285
2020-05-28,0.4325115650045705,0.531201398502644
2020-05-29,0.4352297560405103,0.5610922838135215
2020-06-01,0.43731998237375386,0.5561666516619392
2020-06-02,0.44183686264523075,0.5746573328003123
2020-06-03,0.44931198572404984,0.596719268194819
2020-06-04,0.4474384910599188,0.5259365074175794
2020-06-05,0.46210114947113096,0.6494586636691914
2020-06-08,0.46913437769388494,0.5915862285324808
2020-06-09,0.4646425447466017,0.5072333466914914
2020-06-10,0.4616901599727628,0.5183514643166754
2020-06-11,0.42757876697821295,0.2810512417179301
2020-06-12,0.43469744885644557,0.595397739551894
2020-06-15,0.4393035822642005,0.5755002986506619
2020-06-16,0.44980757388078607,0.6198159113436885
2020-06-17,0.44777097860069565,0.5247172920224288
2020-06-18,0.448107996883883,0.5426105629023906
2020-06-19,0.44499411594717214,0.5165073321611938
2020-06-22,0.44867575377067437,0.5679082771404189
2020-06-23,0.45115313170283616,0.5587023987116534
2020-06-24,0.4364657865749337,0.4284094213773086
2020-06-25,0.44253015475464613,0.5865148028693015
2020-06-26,0.4290423502723734,0.43608376336291027
2020-06-29,0.4370603591954479,0.6021775608010097
2020-06-30,0.445615042848093,0.6053793649525692
2020-07-01,0.4484154586437005,0.5612376419824819
2020-07-02,0.45100472819892673,0.5595509118461333
2020-07-06,0.46004110161857403,0.6073949477183497
2020-07-07,0.4538703525682207,0.4942019120240949
2020-07-08,0.4583661331405636,0.5735296006004106
2020-07-09,0.45513599904253027,0.5160502415493127
2020-07-10,0.46108073608869027,0.5841656709263467
2020-07-13,0.4556855013526135,0.5000628509194912
2020-07-14,0.4633908198279083,0.5970883702686324
2020-07-15,0.468658553279562,0.5786273248168446
2020-07-16,0.4666153800283647,0.5251506990814521
2020-07-17,0.46833582292507103,0.5526301857541859
2020-07-20,0.47328472645241965,0.5760064334078532
2020-07-21,0.47436014288822176,0.5478378333372425
2020-07-22,0.477855961339716,0.5652331501522558
2020-07-23,0.47061898994665535,0.4878070429683452
2020-07-24,0.46704526670635715,0.5140287200514088
2020-07-27,0.47147368676377027,0.5723093444803742
2020-07-28,0.4677383536026564,0.5128861608356552
2020-07-29,0.4750442579941273,0.5930726735678242
2020-07-30,0.472786466969157,0.5237543189157478
2020-07-31,0.4773610891157508,0.5730554980637027
2020-08-03,0.4816292782610129,0.5706236369405684
2020-08-04,0.48395053116599684,0.5565962014726785
2020-08-05,0.4878440378949123,0.5676529794806238
2020-08-06,0.4918272410535805,0.56811012702698
2020-08-07,0.49208024310526244,0.5418419914270077
2020-08-10,0.49371154738317147,0.5514956645576932
2020-08-11,0.4884561406663577,0.5031405249863979
2020-08-12,0.4968531607458434,0.5989195845175673
2020-08-13,0.49571387390263777,0.5321279392779139
2020-08-14,0.4955697979994874,0.5390618131084215
2020-08-17,0.4973900128273285,0.552746594062306
2020-08-18,0.4988781307236117,0.5504060141954382
2020-08-19,0.4959421399022419,0.5196445362654681
2020-08-20,0.4979367156217366,0.5539510803459258
2020-08-21,0.4999994654930238,0.5543795709283933
2020-08-24,0.5061356661349999,0.5823699711957047
2020-08-25,0.5083569416885864,0.555280339957583
2020-08-26,0.5147886184567495,0.58382220509416
2020-08-27,0.5157244958771577,0.5463974587914445
2020-08-28,0.5201031919748156,0.5695653501831368
2020-08-31,0.5187499189129408,0.5309711792125029
2020-09-01,0.5235497230277687,0.5722424203986172
2020-09-02,0.533287713739477,0.6046294779681491
2020-09-03,0.5104659943573567,0.3872357491360813
2020-09-04,0.5053373173733638,0.5049761764738389
2020-09-08,0.48810928965746675,0.4200936176520565
2020-09-09,0.5003251466491717,0.625473153237551
2020-09-10,0.4894816978757512,0.4643388653408979
2020-09-11,0.4898198824281648,0.5424484487060527
2020-09-14,0.4975787934273665,0.5943564943429307
2020-09-15,0.500762674960939,0.5621517003911966
2020-09-16,0.49793994386158363,0.5204926005545489
2020-09-17,0.4927560546062808,0.5038901084334788
2020-09-18,0.48595825809786,0.49217052219880353
2020-09-21,0.4788637292579276,0.4895157923521337
2020-09-22,0.48508547045333206,0.5844302145221757
2020-09-23,0.4706806389496945,0.43666326411272516
2020-09-24,0.47245744961531977,0.5529539972551499
2020-09-25,0.4818320065171238,0.6074406429814744
2020-09-28,0.4915276467862534,0.6086765831729452
2020-09-29,0.48865894957149947,0.5198784115110695
2020-09-30,0.49359002838561744,0.5747119509585786
2020-10-01,0.49687950943329495,0.5630270803182262
2020-10-02,0.49099594464254254,0.4989149111228839
2020-10-05,0.5018947606673669,0.6159950395704756
2020-10-06,0.4932082033513748,0.4796572513724289
2020-10-07,0.5037827491983234,0.6134967893722502
2020-10-08,0.50878200299282,0.5743584913738241
2020-10-09,0.5143894147992285,0.5782137987347534
2020-10-12,0.5247200282616024,0.6094886988595634
2020-10-13,0.5205864104483412,0.5124205146235168
2020-10-14,0.5164057378268132,0.5119274635090983
2020-10-15,0.5154562343107232,0.533650634564091
2020-10-16,0.5155101678322663,0.5404314979826732
2020-10-19,0.5052027766645181,0.46981104452024935
2020-10-20,0.5081615494561381,0.5603493467666494
2020-10-21,0.5068249773723453,0.5309161324083768
2020-10-22,0.5099874873270241,0.5616877350790269
2020-10-23,0.5121476451392525,0.554774003543019
2020-10-26,0.5004930785770892,0.4601268417074959
2020-10-27,0.4986763699451517,0.5274735103551057
2020-10-28,0.4768865213555697,0.38613495104884044
2020-10-29,0.4839085039755054,0.5902650362918723
2020-10-30,0.4766392759391874,0.4880905562122692
2020-11-02,0.48402003533631077,0.592835728945083
2020-11-03,0.4947193346350549,0.615452075769312
2020-11-04,0.5082405080336279,0.6335181768486233
2020-11-05,0.5205311285067642,0.6233198934977515
2020-11-06,0.5203310922573032,0.5387243799016455
2020-11-09,0.5274220012469618,0.5874039245993434
2020-11-10,0.526533593065885,0.5341639200375993
2020-11-11,0.5314231897609584,0.5724568904640484
2020-11-12,0.5250522049790808,0.49781617433672914
2020-11-13,0.5338092893547222,0.5980372246297759
2020-11-16,0.5413707429746087,0.5895133750906678
2020-11-17,0.538225701613831,0.5195680946560189
2020-11-18,0.5306422408205906,0.4902419056815633
2020-11-19,0.53320004334043,0.556935404867703
2020-11-20,0.5288291274920688,0.511201370375657
2020-11-23,0.5323314913926716,0.5632114270619959
2020-11-24,0.5426957897387821,0.6078503520643023
2020-11-25,0.5416503519908827,0.5332768268267705
2020-11-27,0.543181138644841,0.5500054708202996
2020-11-30,0.5401268915556539,0.5202146096047909
2020-12-01,0.5476053627776095,0.5885174492926721
2020-12-02,0.5488285529229628,0.5479407892636543
2020-12-03,0.5484828248206344,0.5378426876885879
2020-12-04,0.5543008832991547,0.5773456951967529
2020-12-07,0.5531152188095365,0.5324953721843033
2020-12-08,0.5550014860913132,0.5521060015192771
2020-12-09,0.5495498035242016,0.5051804901637308
2020-12-10,0.5487182735555034,0.5347212167915955
2020-12-11,0.5479011802121525,0.5348076716162496
2020-12-14,0.5449706663783298,0.5211528652824781
2020-12-15,0.5535987739306221,0.5955220035074755
2020-12-16,0.5548168798036365,0.5478397313874807
2020-12-17,0.5587458197326086,0.5650445719762631
2020-12-18,0.5563650234340656,0.5249481483487974
2020-12-21,0.5537170717658338,0.5231902177780342
2020-12-22,0.5522914343930991,0.5309536145858229
2020-12-23,0.552829347133628,0.5435075510890433
2020-12-24,0.555228750123377,0.5553817772662065
2020-12-28,0.5610511254655637,0.5770092533122072
2020-12-29,0.5595715313018307,0.5307083443519156
2020-12-30,0.5605351223323946,0.5461637893563954
2020-12-31,0.5649192589598182,0.5677003499245831
2021-01-04,0.5550144490075283,0.4773865720366997
2021-01-05,0.5597800195075852,0.5703363756665645
2021-01-06,0.5634690245993447,0.5633557553969973
2021-01-07,0.5735176124400443,0.6028842878141604
2021-01-08,0.5770669684871028,0.5620419214907428
2021-01-11,0.5724949366037112,0.5117394991246753
2021-01-12,0.5728405300953499,0.5422144197805444
2021-01-13,0.5744134890113869,0.5498283808243414
2021-01-14,0.5718041982997171,0.5238619791151395
2021-01-15,0.5667910803291804,0.5087641951913143
2021-01-19,0.5724102950660211,0.5751388607965626
2021-01-20,0.582095872711375,0.5998684237419821
2021-01-21,0.582296000830301,0.5412938918109751
2021-01-22,0.5801378738821965,0.5268159990303726
2021-01-25,0.5826916544804376,0.5557425540269043
2021-01-26,0.5816342268178808,0.5335828293105191
2021-01-27,0.5637014749579146,0.42862125761034375
2021-01-28,0.5703239256276773,0.5815533489214095
2021-01-29,0.5570706484927155,0.45664439539854934
2021-02-01,0.567941235216214,0.6086079027584861
2021-02-02,0.5773448406491617,0.5985065646187707
2021-02-03,0.5780241520626402,0.5442584572092445
2021-02-04,0.585412466161064,0.5853992566234691
2021-02-05,0.5881920963606553,0.557001225894243
2021-02-08,0.5934795057591379,0.5721001200673512
2021-02-09,0.5927173512537385,0.5354637511032182
2021-02-10,0.5925054271783119,0.5387860189642631
2021-02-11,0.593613173518178,0.5467574117379436
2021-02-12,0.5969144062275329,0.5599454248179329
2021-02-16,0.5963743006688542,0.5368206661145888
2021-02-17,0.5961009262438661,0.5384228518011827
2021-02-18,0.5929505051853396,0.5210770578141641
2021-02-19,0.5916262796188757,0.532060182770061
2021-02-22,0.5862258362189969,0.5072621434580841
2021-02-23,0.5870987454239861,0.545385877340655
2021-02-24,0.5950741524976997,0.5883686811809519
2021-02-25,0.5774591337559335,0.43266514343963147
2021-02-26,0.5740995000658755,0.51928059153956
2021-03-01,0.5904909683309806,0.6405623016052057
2021-03-02,0.5848198765883602,0.5055573755485785
2021-03-03,0.5755641441226534,0.4831546436467892
2021-03-04,0.5662068621673125,0.4817697756147371
2021-03-05,0.5795127467756038,0.6227335591311783
2021-03-08,0.5756747528875458,0.5163815502748696
2021-03-09,0.5856282847630017,0.6012303585571894
2021-03-10,0.5899100956538692,0.5661180725375605
2021-03-11,0.5972487572925992,0.5843598174291099
2021-03-12,0.5979062170306845,0.5440132022043144
2021-03-15,0.6025753340172226,0.5679915293944818
2021-03-16,0.6014469460136218,0.53333448159679
2021-03-17,0.6035532904492675,0.5526255600907879
2021-03-18,0.5928317208666115,0.47576348487967457
2021-03-19,0.5924496141131512,0.5377576012177401
2021-03-22,0.5974371173852758,0.5701127138503214
2021-03-23,0.5919638855421122,0.5070837080960687
2021-03-24,0.5881417438494205,0.5168856578027476
2021-03-25,0.5917911583802492,0.5622029908727804
2021-03-26,0.6035712305430894,0.6107682320939913
2021-03-29,0.6028591696848695,0.5358253652600958
2021-03-30,0.6004900533407961,0.5259254271882073
2021-03-31,0.6031770572307725,0.5561021887395091
2021-04-01,0.6118000808559703,0.5911346032371224
2021-04-05,0.6222731122900899,0.6013018699518309
2021-04-06,0.6216422862039684,0.5364024938576311
2021-04-07,0.6226976788594719,0.5461955734694781
2021-04-08,0.6259080279480529,0.5586571721272405
2021-04-09,0.6315738335195621,0.5726851612847632
2021-04-12,0.6313888770507551,0.5390058123865299
2021-04-13,0.6339299713769099,0.5546211262426652
2021-04-14,0.6308438476201648,0.5223844671320683
2021-04-15,0.639269093790206,0.5881729862290043
2021-04-16,0.6419994671108381,0.5555440936757398
2021-04-19,0.6379544889004952,0.5171180584803595
2021-04-20,0.6328662151821369,0.5110275012354093
2021-04-21,0.6398994806912578,0.5801557738571196
2021-04-22,0.6329095784674466,0.5002261123807624
2021-04-23,0.6410687418722905,0.5865367942618976
2021-04-26,0.6424274260836553,0.5477575114836251
2021-04-27,0.6422270912670631,0.5389336659805513
2021-04-28,0.6416108447028384,0.5365793560342811
2021-04-29,0.6467046671850003,0.5688106670889715
2021-04-30,0.6412065611921034,0.5090335127372344
2021-05-03,0.6433778059329436,0.5523483230546671
2021-05-04,0.6382877746457216,0.511220951912743
2021-05-05,0.6388540612067736,0.5432854066294445
2021-05-06,0.6451196623902307,0.5755219519393892
2021-05-07,0.6507856059212975,0.5718838024838138
2021-05-10,0.6427876496754567,0.49508708608414237
2021-05-11,0.6361949793853637,0.5026403601572516
2021-05-12,0.6199730847876308,0.4465927473426574
2021-05-13,0.6289593404965822,0.592093400203465
2021-05-14,0.6401507450946634,0.6040093256239966
2021-05-17,0.6383098460344854,0.5296125828394868
2021-05-18,0.6318871245885704,0.503396715439012
2021-05-19,0.6296643533338002,0.5273043054489934
2021-05-20,0.6375879162344519,0.5853928189630357
2021-05-21,0.6370110727290658,0.5367827749224033
2021-05-24,0.644496788864756,0.5824937877558071
2021-05-25,0.6429653582959539,0.5314203882751091
2021-05-26,0.6443740090010817,0.5480206222074335
2021-05-27,0.6452574677621803,0.5450478228450877
2021-05-28,0.6458644193184482,0.5434855740432387
2021-06-01,0.6454779832725327,0.5378904259573004
2021-06-02,0.6466278495354658,0.5465395629721221
2021-06-03,0.6437057091494198,0.5235988984500172
2021-06-04,0.6505311596788576,0.5784360400295933
2021-06-07,0.6499400469570077,0.536757099917637
2021-06-08,0.6500806305775934,0.5408541643851845
2021-06-09,0.6486921826618507,0.5322843070859984
2021-06-10,0.6522985401043967,0.5602524813259869
2021-06-11,0.6537144062739336,0.5479664329388079
2021-06-14,0.6550409133862908,0.5474549818299338
2021-06-15,0.6534698365686781,0.5313150838220596
2021-06-16,0.6491806761205774,0.5160846687893694
2021-06-17,0.6486761737601696,0.5372373191834583
2021-06-18,0.6386496182611215,0.48345144659288164
2021-06-21,0.649261019886602,0.5999620605860179
2021-06-22,0.653167111385827,0.5619101447620131
2021-06-23,0.6523285534202868,0.5353866360860776
2021-06-24,0.6567930021203235,0.5649265104086352
2021-06-25,0.6593600670570728,0.5542976402965035
2021-06-28,0.6611851711978874,0.5501564845520531
2021-06-29,0.6613459655484734,0.5409546018679249
2021-06-30,0.6624203395541222,0.5459942063596371
2021-07-01,0.66649881773544,0.5624954702313977
2021-07-02,0.6724330861161923,0.5724975252940969
2021-07-06,0.6708890498552861,0.531651697992499
2021-07-07,0.6735650616206913,0.554640997747914
2021-07-08,0.6668255431170111,0.5032687680158116
2021-07-09,0.675636488409353,0.5881131608767373
2021-07-12,0.6783526584206273,0.5547726713796579
2021-07-13,0.6755503841758187,0.5248939301117234
2021-07-14,0.6765693342064516,0.545589958060861
2021-07-15,0.6740085083836863,0.5261727403810189
2021-07-16,0.6679890431400458,0.5072331588452038
2021-07-19,0.6556011335935256,0.47171274145219255
2021-07-20,0.6672788677981674,0.6045308897710977
2021-07-21,0.6736804041660726,0.5750070456137958
2021-07-22,0.6753145702071748,0.5489418360570062
2021-07-23,0.6833113000077364,0.5832394370662262
2021-07-26,0.6851939929424165,0.5501695637479715
2021-07-27,0.6814546528432999,0.5199781909938883
2021-07-28,0.6813506678634114,0.5395068486205173
2021-07-29,0.6847617087510243,0.5583977164773973
2021-07-30,0.6804005364518055,0.5166162063455795
2021-08-02,0.6789440761311495,0.5322072151637126
2021-08-03,0.6854551090944775,0.5750939502514463
2021-08-04,0.6817366914116296,0.5200972326877396
2021-08-05,0.6864820417219969,0.5655354668245703
2021-08-06,0.6876164509214807,0.5461334250809187
2021-08-09,0.6867267011907283,0.5353092757515759
2021-08-10,0.6875213779357012,0.5443162056853285
2021-08-11,0.6886428924737368,0.5460569244127708
2021-08-12,0.6919771793748347,0.5578274225657868
2021-08-13,0.6933974081183623,0.5476100963957001
2021-08-16,0.6955512604261584,0.5514819176328368
2021-08-17,0.6898013618753721,0.5095266824339967
2021-08-18,0.6811459070169557,0.4936893903458821
2021-08-19,0.6821401232741221,0.5454189689293123
2021-08-20,0.6886231106750549,0.5748075138001574
2021-08-23,0.695570677854176,0.5769942034622222
2021-08-24,0.6967766973167958,0.5464454365237083
2021-08-25,0.6985212668406255,0.549277448578113
2021-08-26,0.6937836625658605,0.5150088922442418
2021-08-27,0.7010401689080435,0.5783895042081804
2021-08-30,0.7045398535760292,0.5584301826387021
2021-08-31,0.7034267377921656,0.5342344383106813
2021-09-01,0.7036829404296391,0.5414099010485475
2021-09-02,0.7060133402328441,0.552264727470092
2021-09-03,0.705784866430793,0.5388724028227266
2021-09-07,0.7028385912008124,0.5246353287314668
2021-09-08,0.7017676889702263,0.5344443408315867
2021-09-09,0.6980628779112906,0.52056000648479
2021-09-10,0.6917368978089332,0.5065570562806705
2021-09-13,0.6936139008440059,0.5500363195111065
2021-09-14,0.6890297432959611,0.515678461648738
2021-09-15,0.6958085889738183,0.5760833492538117
2021-09-16,0.6943889110327904,0.5325483730216293
2021-09-17,0.6869867108353237,0.5006556302859524
2021-09-20,0.6734203864427645,0.46690418222301044
2021-09-21,0.6728249661788397,0.536827599875223
2021-09-22,0.6803163793952157,0.5806482515041921
2021-09-23,0.6898562839344585,0.5912075300469081
2021-09-24,0.6910086420314903,0.5462041014554845
2021-09-27,0.6887750456467387,0.5281631443175757
2021-09-28,0.6722878910005922,0.4511871150232576
2021-09-29,0.6735062140666942,0.5466965568025928
2021-09-30,0.6642155941628658,0.48925500066566363
2021-10-01,0.6732318523470416,0.5893864701459401
2021-10-04,0.6630212418806826,0.48417213210905485
2021-10-05,0.671167882555589,0.5847202126144849
2021-10-06,0.6744045882031879,0.5576824497922969
2021-10-07,0.6809045533299048,0.5752303903563747
2021-10-08,0.6793608618988445,0.531741199573859
2021-10-11,0.6738792537423784,0.5103744911147589
2021-10-12,0.6720392673696066,0.5300548960152811
2021-10-13,0.67455488568192,0.5537492797367722
2021-10-14,0.6880761935530854,0.6128870829134889
2021-10-15,0.6939512506306156,0.57133462575268
2021-10-18,0.6966557283967284,0.554385818310194
2021-10-19,0.7026482879360232,0.5716292330480643
2021-10-20,0.7056982667719188,0.5560440671343408
2021-10-21,0.7081184946809913,0.5527038488179411
2021-10-22,0.7072968859240695,0.5357809037262431
2021-10-25,0.7112593663556792,0.5606984462827067
2021-10-26,0.7127397980126448,0.5477502067094211
2021-10-27,0.7085967853468217,0.5185306902332181
2021-10-28,0.7166883510885368,0.5820302457718382
2021-10-29,0.7182518826645383,0.5481293148093667
2021-11-01,0.7197822953155207,0.5479442095815752
2021-11-02,0.7228672328824526,0.5559028698579622
2021-11-03,0.7281922155803614,0.5672680313753053
2021-11-04,0.7318211170508974,0.5585078951054909
2021-11-05,0.7351160410105253,0.5567438302072033
2021-11-08,0.735876675302407,0.5439077053495898
2021-11-09,0.7329663387444272,0.5253525075234436
2021-11-10,0.7259724931765835,0.5045036863903113
2021-11-11,0.7264553266338453,0.542531249868264
2021-11-12,0.7325425813237336,0.5710188689232217
2021-11-15,0.7324829104315139,0.539764443628225
2021-11-16,0.7357086582372846,0.5563818929943981
2021-11-17,0.7335723831371953,0.5292687933645228
2021-11-18,0.7364367848934195,0.5545391202563436
2021-11-19,0.7352080610714317,0.5338645447019196
2021-11-22,0.7323002701365873,0.5253540625539664
2021-11-23,0.7336204024540136,0.5467524702639096
2021-11-24,0.7355850520662874,0.5499977348233501
2021-11-26,0.7162744231827762,0.4414657589159132
2021-11-29,0.7272500464652867,0.5963804296479974
2021-11-30,0.7112326712502585,0.457640687756439
2021-12-01,0.7014860359015022,0.4891416038188066
2021-12-02,0.7130516466171157,0.6004308437890713
2021-12-03,0.7061481723622678,0.5041357122264974
2021-12-06,0.7157419749664807,0.5899211521944898
2021-12-07,0.7329656483942467,0.6281725878481543
2021-12-08,0.7355656480337429,0.5532144215194504
2021-12-09,0.7294088426001059,0.5088691297263834
2021-12-10,0.7375120792508941,0.5810814111119427
2021-12-13,0.7297709100027563,0.5008929974923791
2021-12-14,0.7233734045673218,0.5074264426465026
2021-12-15,0.7371067065639493,0.6098382383380119
2021-12-16,0.7297448651991962,0.5028033189435707
2021-12-17,0.7210440132222472,0.4956136063976488
2021-12-20,0.7114724418548338,0.4906390473028707
2021-12-21,0.7261743537651243,0.6157602353067081
2021-12-22,0.7348159071611333,0.5839563081922876
2021-12-23,0.7401103492172536,0.5667413724501079
2021-12-27,0.7519770476227662,0.5992711713773576
2021-12-28,0.7510683632534005,0.5355614030209928
2021-12-29,0.7522509976042587,0.5459295686665095
2021-12-30,0.7497222320498845,0.5275211881486377
2021-12-31,0.7474854337328893,0.5289397024933055
2022-01-03,0.7528152685609777,0.5665340487740024
2022-01-04,0.7523206719454089,0.5376174061298449
2022-01-05,0.7354384923387028,0.45563046089255893
2022-01-06,0.7345376285776736,0.5355151207028629
2022-01-07,0.7310912984222854,0.5226102554050185
2022-01-10,0.7298770722993327,0.5338998464979932
2022-01-11,0.7377279763613491,0.5797885329811203
2022-01-12,0.7401536299201651,0.5522670447819976
2022-01-13,0.7279592964147747,0.4783869002401548
2022-01-14,0.7285803574775684,0.5432292194961187
2022-01-18,0.7129894136681398,0.4599802530373974
2022-01-19,0.7050865597538301,0.49890664633479875
2022-01-20,0.6960185141202039,0.4923572839375863
2022-01-21,0.6806944549400101,0.45824434872708164
2022-01-24,0.6829205660865818,0.5520482257215222
2022-01-25,0.6732197741879821,0.4876138675375718
2022-01-26,0.671878406663097,0.5327643125623589
2022-01-27,0.6675997495774401,0.5166919747964543
2022-01-28,0.6866575262797499,0.6432369081291314
2022-01-31,0.7018452521399546,0.6205835535042716
2022-02-01,0.7074588806885268,0.5694569839875464
2022-02-02,0.7152500117351073,0.5805337681207687
2022-02-03,0.6949367736403594,0.43376789267035915
2022-02-04,0.6990626891259262,0.5618671038174285
2022-02-07,0.6961038718668607,0.5244441410981424
2022-02-08,0.702901307560632,0.5758749332423473
2022-02-09,0.7148180184464268,0.6021458973757065
2022-02-10,0.6996486117235843,0.46088931854795256
2022-02-11,0.6843828350017803,0.4589169899974969
2022-02-14,0.6812857823346656,0.5234187279777651
2022-02-15,0.693757516812914,0.6067264058662357
2022-02-16,0.6945488706520969,0.5442624890005967
2022-02-17,0.6775137293866863,0.448849288928791
2022-02-18,0.671852802391058,0.5093296599189232
2022-02-22,0.6638808508314085,0.49641302494913986
2022-02-23,0.6495222206234774,0.4603272769430133
2022-02-24,0.6609431989023878,0.6036098065436591
2022-02-25,0.6782885312551574,0.6348444527138182
2022-02-28,0.676506856824625,0.5304252656382872
2022-03-01,0.6644659146687951,0.4743457572005578
2022-03-02,0.6788242938842372,0.618324508086046
2022-03-03,0.6747363770734005,0.5179281377576213
2022-03-04,0.6686529354669305,0.5069128770193734
2022-03-07,0.6455788201092145,0.4119881203724733
2022-03-08,0.6402396163909235,0.5098897940802619
2022-03-09,0.6593387008639882,0.6470706723979874
2022-03-10,0.655966293002686,0.5213613999817088
2022-03-11,0.6459378211224706,0.4839669542433127
2022-03-14,0.6400612678949389,0.5068565494621015
2022-03-15,0.6561125163243814,0.6301895853344998
2022-03-16,0.6734239468765221,0.6352338205514535
2022-03-17,0.6832516318084207,0.5931883411647891
2022-03-18,0.6925344634187642,0.5896593175721607
2022-03-21,0.6921598521227105,0.53807629445595
2022-03-22,0.7012100786015364,0.5879044441313533
2022-03-23,0.6913412543780233,0.48787637333254447
2022-03-24,0.7029266074654379,0.60127188343892
2022-03-25,0.7069673636506789,0.5612147196431633
2022-03-28,0.7127098292332482,0.5699465705992397
2022-03-29,0.7229160997045837,0.5926759381159062
2022-03-30,0.717735729557315,0.5134429590912203
2022-03-31,0.7046776056422839,0.47223043595285297
2022-04-01,0.7074192982408332,0.5543970239679172
2022-04-04,0.7141334420598273,0.5749637392213626
2022-04-05,0.7035673745803487,0.4850233507565474
2022-04-06,0.6955901972673121,0.4980476692002602
2022-04-07,0.6990450860249083,0.5583145680188248
2022-04-08,0.6968850517755576,0.5286669864396788
2022-04-11,0.6831548054657562,0.4669030226039823
2022-04-12,0.6805342234064197,0.5259628740705495
2022-04-13,0.689500949275862,0.5881388559170572
2022-04-14,0.6796275283337834,0.4871043449007225
2022-04-18,0.6794641528689647,0.5391850273735929
2022-04-19,0.6920419269440221,0.6074383661812662
2022-04-20,0.6916337418292714,0.537896560702069
2022-04-21,0.6796442446407055,0.4758374443411531
2022-04-22,0.6574918089869948,0.41886119170974695
2022-04-25,0.6618417949618141,0.5641331620037817
2022-04-26,0.6400077620963598,0.4179154987286394
2022-04-27,0.6415096224355996,0.548578814297965
2022-04-28,0.6602890700797569,0.6451307470746094
2022-04-29,0.6320611134106155,0.38117504989534245
2022-05-02,0.6361454245607122,0.5634160485688041
2022-05-03,0.639810352119065,0.5609132448133378
2022-05-04,0.6625352216819195,0.6671623977725794
2022-05-05,0.6346569802015712,0.38362997187492365
2022-05-06,0.6303668458197541,0.5154899199668759
2022-05-09,0.6063715393475383,0.40000705020804117
2022-05-10,0.6081197777117853,0.5504236067645024
2022-05-11,0.5963064940294478,0.4696029126839525
2022-05-12,0.595310440037729,0.5340734707695791
2022-05-13,0.6122096779502012,0.6406580684551862
2022-05-16,0.6094312718827539,0.5236861919756469
2022-05-17,0.6239598013578049,0.6250539880828717
2022-05-18,0.5940866632880591,0.3634941618277497
2022-05-19,0.5900706359738179,0.5157777689334637
2022-05-20,0.5902100810482814,0.5409124214339042
2022-05-23,0.6033154107468419,0.6188215036163671
2022-05-24,0.597598711908203,0.5058867797661555
2022-05-25,0.604352194087284,0.5804172915734839
2022-05-26,0.6186623166650869,0.6243594601393505
2022-05-27,0.6368665941331518,0.6450088448357304
2022-05-31,0.6320104693407051,0.5123173255593795
2022-06-01,0.6264158142361874,0.5078780001822165
2022-06-02,0.6402092292446794,0.6190044817346725
2022-06-03,0.6277783104952386,0.46899000396861257
2022-06-06,0.6300259221348652,0.5530036380483406
2022-06-07,0.6372160958229692,0.5811977428780374
2022-06-08,0.6290484806689781,0.4933145638210188
2022-06-09,0.6112896532085008,0.4366607700312737
2022-06-10,0.5901147552056945,0.4134966911925269
2022-06-13,0.5623988114070115,0.3686809198790409
2022-06-14,0.559719237481628,0.5231366925430412
2022-06-15,0.5697750513857319,0.6032668411299353
2022-06-16,0.5475688092257971,0.39926722606653575
2022-06-17,0.548942640057081,0.54891000003737
2022-06-21,0.5651592308762514,0.6431260734901919
2022-06-22,0.5643643582397543,0.5350712720084453
2022-06-23,0.5708346960335281,0.5805664815447021
2022-06-24,0.5918198504122949,0.6689039234833839
2022-06-27,0.5896614064955462,0.5269883762047884
2022-06-28,0.5754460245715148,0.4529452161514119
2022-06-29,0.5749907296511059,0.5372476415781567
2022-06-30,0.5689165343041203,0.5022814480482567
2022-07-01,0.576230813938637,0.5855264148947235
2022-07-05,0.5771586645363846,0.5458000387231718
2022-07-06,0.5794617774166656,0.5542655657804191
2022-07-07,0.58989062650828,0.6037919921015479
2022-07-08,0.589283650094434,0.5363831456414309
2022-07-11,0.5811608293317578,0.4904705879753965
2022-07-12,0.574665289406318,0.49999896686445416
2022-07-13,0.5716536401271355,0.5213644924962033
2022-07-14,0.5694647885566407,0.5264238494998499
2022-07-15,0.582676983606942,0.6217798539913405
2022-07-18,0.5768167032547601,0.5040105907352473
2022-07-19,0.5959776313104606,0.6568739908197772
2022-07-20,0.6001169156157766,0.564896975827579
2022-07-21,0.6073362221091186,0.5830395162609204
2022-07-22,0.6006650080178447,0.5003713887126668
2022-07-25,0.6015691585721269,0.5454678081989016
2022-07-26,0.5932735897257928,0.49026143362142244
2022-07-27,0.6119512843243723,0.6514186583474435
2022-07-28,0.6209333330263423,0.59262560369534
2022-07-29,0.6314279862723073,0.6006894750319413
2022-08-01,0.6293695673851719,0.5282421351730596
2022-08-02,0.6242567870639901,0.5105576035795479
2022-08-03,0.6358906272740315,0.6069275252463076
2022-08-04,0.6354204715268016,0.5373844355085811
2022-08-05,0.6340125115861472,0.5320241937655859
2022-08-08,0.633191081458543,0.5353677726158367
2022-08-09,0.6300096514000292,0.5218196517812586
2022-08-10,0.6459186787159343,0.6305634689722901
2022-08-11,0.6453267923710176,0.5367331419937171
2022-08-12,0.6586150897249969,0.6143065975329427
2022-08-15,0.6616147415631995,0.556653022332617
2022-08-16,0.6630388363505967,0.5479192645087675
2022-08-17,0.6573025741147184,0.5083509326882422
2022-08-18,0.659077354848379,0.5499040998427226
2022-08-19,0.6489595852953917,0.4836878542094257
2022-08-22,0.6325049795071417,0.4468011993170479
2022-08-23,0.6308797419628182,0.5307463507714618
2022-08-24,0.6330587647088679,0.5525585840385349
2022-08-25,0.6436818926205817,0.6004622438482498
2022-08-26,0.6179892305558269,0.39254492708215655
2022-08-29,0.613060683762225,0.5111921243951143
2022-08-30,0.6049544839500396,0.49215806171263404
2022-08-31,0.5991978982964743,0.5057240785201854
2022-09-01,0.6012308877432029,0.5522259638407467
2022-09-02,0.5936064750913913,0.49429086337454486
2022-09-06,0.5905656024839572,0.5216757349908465
2022-09-07,0.6036476365580368,0.6186444900536068
2022-09-08,0.6083465746630531,0.5679510610749184
2022-09-09,0.6194728419803625,0.6053936814921812
2022-09-12,0.6272910140669908,0.5853954259276231
2022-09-13,0.5949867387876702,0.349662788707348
2022-09-14,0.5973922004668158,0.5545330781743228
2022-09-15,0.5891473700110909,0.4902832103612663
2022-09-16,0.5840967755475849,0.5092891099841997
2022-09-19,0.588896323111493,0.5693197244532713
2022-09-20,0.5808622747671556,0.49098919984475015
2022-09-21,0.5689678128637095,0.466383820647149
2022-09-22,0.5630810056090513,0.5031366461348817
2022-09-23,0.5512043862679575,0.4646004403795553
2022-09-26,0.5440846934113125,0.4941965531005865
2022-09-27,0.5426604601810157,0.5308329999405299
2022-09-28,0.5559364743009169,0.6253952053056515
2022-09-29,0.5416580043272259,0.4482274463932105
2022-09-30,0.5316974870580546,0.47484283021376894
2022-10-03,0.5487283210575858,0.6510074688148377
2022-10-04,0.5692212378739862,0.6699444530693709
2022-10-05,0.5677681309787023,0.5309830503493121
2022-10-06,0.5607130880562022,0.495694565341911
2022-10-07,0.5416272269860557,0.4177283617760909
2022-10-10,0.536551952123827,0.5069522882724345
2022-10-11,0.5322716132849195,0.5119433651247525
2022-10-12,0.5301719331659395,0.5262049200735807
2022-10-13,0.5469262587177612,0.6494763875950407
2022-10-14,0.5310692875202949,0.43658680952662954
2022-10-17,0.5482771579499846,0.6522507313876291
2022-10-18,0.5559040114088108,0.5888858416344498
2022-10-19,0.5512547342564941,0.510371741966559
2022-10-20,0.5458718891932639,0.5054334568447847
2022-10-21,0.561726773804202,0.6413040474614613
2022-10-24,0.5697691248557916,0.5905396946510814
2022-10-25,0.5810589123642624,0.6099545732341852
2022-10-26,0.5759910481674795,0.5088325641218403
2022-10-27,0.5718140431089653,0.514154867141602
2022-10-28,0.5886943996194703,0.6438559904632063
2022-10-31,0.5833476732385349,0.5074572780688568
2022-11-01,0.5805593696430592,0.5229643663283224
2022-11-02,0.5630611848668307,0.43118994050438286
2022-11-03,0.5558004570174125,0.494083820704014
2022-11-04,0.5651663463579581,0.5992923539587927
2022-11-07,0.5716679479418942,0.5807147548153916
2022-11-08,0.5756851061378379,0.5649950828766699
2022-11-09,0.5612502697767912,0.4498242855599813
2022-11-10,0.599248818423598,0.7737474679754708
2022-11-11,0.6059144712532308,0.5798055950482667
2022-11-14,0.5994294912412247,0.5014098803228902
2022-11-15,0.605772340041267,0.5778801110596858
2022-11-16,0.599846732040695,0.5047509311418752
2022-11-17,0.597534598552499,0.5262092997340173
2022-11-18,0.6008731601974784,0.5600620677473682
2022-11-21,0.5980437513514604,0.5231268331452738
2022-11-22,0.6078183244083424,0.5983129288802855
2022-11-23,0.6121876963939628,0.5658556097809782
2022-11-25,0.6119812708493172,0.538851842252701
2022-11-28,0.600658629563326,0.47290464235682195
2022-11-29,0.5995208619669543,0.5332607352337065
2022-11-30,0.6218601675705886,0.6718050411239278
2022-12-01,0.6214065887206971,0.5374309446585313
2022-12-02,0.6205363423147039,0.535005154143846
2022-12-05,0.60714497867549,0.4614326828217259
2022-12-06,0.59675520127739,0.4780719732307965
2022-12-07,0.5955647703471875,0.532907342527672
2022-12-08,0.6008945069187938,0.5720301856351394
2022-12-09,0.5955849795581135,0.5082250472437017
2022-12-12,0.6057145150313614,0.6006158219809977
2022-12-13,0.611161573156803,0.572284189765
2022-12-14,0.6067710788585577,0.5141171227811232
2022-12-15,0.5886534958534076,0.43133040968214026
2022-12-16,0.5808155398275835,0.49217743863172353
2022-12-19,0.5744548191884856,0.5008152762371718
2022-12-20,0.5752079033362895,0.5447323916430569
2022-12-21,0.5855198335668321,0.6034583012563137
2022-12-22,0.5752873442888903,0.47716716511432133
2022-12-23,0.5793457514259868,0.5651220475284932
2022-12-27,0.5765144286155105,0.5226022585619304
2022-12-28,0.5681289008157804,0.4879304098345494
2022-12-29,0.5801554455314734,0.6146494262456768
2022-12-30,0.5783748125644108,0.5291038495402263
2023-01-03,0.5756838223129821,0.5234468288910598
2023-01-04,0.5810006902545478,0.5728441161044776
2023-01-05,0.5727891186167673,0.4893407694493822
2023-01-06,0.5887602983707154,0.6381938359367124
2023-01-09,0.588267474859996,0.5370714758542108
2023-01-10,0.5931686404790238,0.5697649051639657
2023-01-11,0.6023551707249408,0.5951958017307409
2023-01-12,0.6049615570357662,0.5555825662446741
2023-01-13,0.6078906866822618,0.5574386124863118
2023-01-17,0.6063660288367854,0.5310330794305389
2023-01-18,0.5951957717541516,0.4733085873646154
2023-01-19,0.5898505626521587,0.5077585816292444
2023-01-20,0.6031436963931851,0.6199792248784025
2023-01-23,0.6116764137839071,0.5906051307598345
2023-01-24,0.6112218316545478,0.537388989482184
2023-01-25,0.6111295001143788,0.5395226995929664
2023-01-26,0.6190589956903163,0.5865500068646277
2023-01-27,0.620859340509598,0.5505522779085071
2023-01-30,0.6112497134331232,0.4838064933127483
2023-01-31,0.621976840617833,0.6028230069118149
2023-02-01,0.6298269088437886,0.5854292846555448
2023-02-02,0.6406555621796282,0.6018814190150098
2023-02-03,0.6325432686012413,0.49384035845017554
2023-02-06,0.627905674510592,0.5134198222929599
2023-02-07,0.6374879927756643,0.594948307769882
2023-02-08,0.629167583337327,0.49245208314628525
2023-02-09,0.6224907491548103,0.5014803713426969
2023-02-10,0.6240923757977054,0.5493538260454819
2023-02-13,0.6325656621027866,0.5888746486081375
2023-02-14,0.6323277690048883,0.5387038670629279
2023-02-15,0.6343140559649939,0.5514336001752497
2023-02-16,0.623913588427371,0.4802193475930094
2023-02-17,0.6219003322379982,0.528386994593779
2023-02-21,0.6069882065572221,0.4525728937337113
2023-02-22,0.6058309188572261,0.5332031141594691
2023-02-23,0.6097188120545375,0.5630828171136815
2023-02-24,0.60196267295148,0.49403059953220685
2023-02-27,0.6042146236194469,0.5534829856305407
2023-02-28,0.6020553911650846,0.5272037953680059
2023-03-01,0.5986525053583298,0.5197182240435818
2023-03-02,0.6040487781399595,0.5722917308116212
2023-03-03,0.6158410721524702,0.6096737189944659
2023-03-06,0.6162846384389857,0.5426636255397588
2023-03-07,0.6049150693600464,0.47301430013120943
2023-03-08,0.6059186895842199,0.5460271015529153
2023-03-09,0.5926661715375463,0.4607025515939041
2023-03-10,0.5826526713765694,0.479132858871721
2023-03-13,0.5818156031394895,0.5349345471024136
2023-03-14,0.5932093815660483,0.6094144368409029
2023-03-15,0.5883881346484607,0.5108562072282783
2023-03-16,0.600735986277059,0.614493682847732
2023-03-17,0.5930853024105808,0.4941011727236729
2023-03-20,0.5993730494174379,0.5778790171606836
2023-03-21,0.6085054747280968,0.5944118795589969
2023-03-22,0.5967860025094549,0.47020359657735655
2023-03-23,0.5990183500080574,0.5534605331402463
2023-03-24,0.602994480909585,0.5638221486236185
2023-03-27,0.6040218652545358,0.5461840381288643
2023-03-28,0.6029311661035748,0.5335722880271139
2023-03-29,0.613139582888674,0.6004793962173977
2023-03-30,0.6173827739415569,0.5649349410137534
2023-03-31,0.627988953473238,0.601616971035846
2023-04-03,0.6308444653309784,0.5564915185736126
2023-04-04,0.6266776113477884,0.5160786655493695
2023-04-05,0.6248595825713116,0.5295593603863444
2023-04-06,0.6274496502274145,0.5550286895762142
2023-04-10,0.6280701970145381,0.5436439087175543
2023-04-11,0.6280921216745425,0.540193127159025
2023-04-12,0.6250681145194986,0.5226079668637016
2023-04-13,0.6349789753241436,0.5970288481161306
2023-04-14,0.6332557084684775,0.5302153986185774
2023-04-17,0.6356479385969434,0.5537365041177879
2023-04-18,0.6363324303987288,0.5439703027448679
2023-04-19,0.6362105320123906,0.5393718913625757
2023-04-20,0.6317992816365029,0.5148452512663931
2023-04-21,0.6323889955671987,0.5434469241764845
2023-04-24,0.6330920839445369,0.5440933642562624
2023-04-25,0.6213379637836324,0.4722608479179493
2023-04-26,0.6184212491854272,0.5230776013976352
2023-04-27,0.6327509466225745,0.6229087189212061
2023-04-28,0.6389893061100899,0.5756485319449214
2023-05-01,0.6385577917440795,0.5376148371685108
2023-05-02,0.6300254240856703,0.4913004099225276
2023-05-03,0.6248996420083079,0.510507813847203
2023-05-04,0.6195934193935759,0.5092560020028929
2023-05-05,0.6330507852882277,0.6177899944193412
2023-05-08,0.6333454566848509,0.5417533641144676
2023-05-09,0.629956648484063,0.520631515124349
2023-05-10,0.6333527131642641,0.5595436032388048
2023-05-11,0.6320407088605554,0.5325525537806681
2023-05-12,0.6307826538560471,0.5328494298000843
2023-05-15,0.6329885402557067,0.5527139693557273
2023-05-16,0.628097366485406,0.511974496931008
2023-05-17,0.6369136849503823,0.5905736546856497
2023-05-18,0.6438835735440723,0.5795883188501059
2023-05-19,0.6428267668030996,0.5340972124718771
2023-05-22,0.6429203666321379,0.5405958422012295
2023-05-23,0.634426071323558,0.49179358090431075
2023-05-24,0.6288557402567623,0.5081196683556424
2023-05-25,0.6352675173253702,0.5768196494307699
2023-05-26,0.6451187272619557,0.5959415613027411
2023-05-30,0.6452204542761256,0.540640082831368
2023-05-31,0.6406078185057307,0.5139965233446363
2023-06-01,0.6481577171150015,0.5826578851464348
2023-06-02,0.6591210705589061,0.6011871370052129
2023-06-05,0.6576044905976982,0.5316624921282606
2023-06-06,0.6594458558065129,0.550268845615294
2023-06-07,0.6563607978184253,0.5229606438285104
2023-06-08,0.661281560806716,0.567320077408173
2023-06-09,0.6621281679322125,0.5447386450220494
2023-06-12,0.6693825231272137,0.5798959848773697
2023-06-13,0.6747417039833203,0.5692602378381175
2023-06-14,0.6754041328202993,0.5436618386392161
2023-06-15,0.6851735996473154,0.5927470059462536
2023-06-16,0.6822000804427821,0.5240994578111443
2023-06-20,0.6783640277934693,0.5193815642355343
2023-06-21,0.674215226902508,0.5175847916870056
2023-06-22,0.6770168851627234,0.5552613726038131
2023-06-23,0.6709812952225178,0.5072675600460941
2023-06-26,0.6674742009248187,0.5208949228829555
2023-06-27,0.6763892965689919,0.588638800747864
2023-06-28,0.6761210266821734,0.5386130060390774
2023-06-29,0.6795813567635975,0.5587819247718863
2023-06-30,0.6894172027145538,0.5928318773049176
2023-07-03,0.6903557621640565,0.5450687536787597
2023-07-05,0.6887052598607805,0.5312668057803612
2023-07-06,0.6822433383595805,0.5054428878237677
2023-07-07,0.6800118799336847,0.5280465611601404
2023-07-10,0.6819610869137146,0.5505684420128533
2023-07-11,0.6873969346857647,0.5692211290432504
2023-07-12,0.6935262063469181,0.5727094671156314
2023-07-13,0.7004604308067467,0.5767059276098788
2023-07-14,0.6995500137260956,0.5352737397759895
2023-07-17,0.7027038286035582,0.5566483292197237
2023-07-18,0.7086240503122183,0.5710247831129156
2023-07-19,0.7106040318024165,0.5503719449741551
2023-07-20,0.7049365841116844,0.5105048472770238
2023-07-21,0.7051937356181498,0.5414124467475622
2023-07-24,0.7084737251449065,0.5571945660936856
2023-07-25,0.710822508093737,0.552290942573235
2023-07-26,0.7107549023173708,0.5397154210037178
2023-07-27,0.7052523368059289,0.5113728545505525
2023-07-28,0.7134608267254753,0.5828026408064579
2023-07-31,0.7147122473114601,0.5465456476732804
2023-08-01,0.7123599342413074,0.5278804871123683
2023-08-02,0.7008281985353778,0.4798312014142608
2023-08-03,0.6986855469141376,0.528783047848946
2023-08-04,0.6944722259008272,0.5177933692513198
2023-08-07,0.7017742896929217,0.5785971085424181
2023-08-08,0.6983055308901346,0.5218056179327157
2023-08-09,0.6925549949496185,0.5096247981954432
2023-08-10,0.6926822228006835,0.5407426016271021
2023-08-11,0.6917849885222396,0.5352986737220471
2023-08-14,0.6964008894045557,0.5645417628023633
2023-08-15,0.6869606971727845,0.48986513868114995
2023-08-16,0.6808278522347918,0.5071426078173952
2023-08-17,0.6746609636698775,0.5067087984452234
2023-08-18,0.6745714424170007,0.5395806849174678
2023-08-21,0.6799788915109503,0.5693337278665657
2023-08-22,0.6777879878783415,0.528232408279175
2023-08-23,0.6867190378065732,0.588109870679171
2023-08-24,0.6758896734749532,0.4817439074262686
2023-08-25,0.6812046747505077,0.5687882930173758
2023-08-28,0.6862391121335485,0.5670998441270374
2023-08-29,0.6980107739420139,0.6026335861248312
2023-08-30,0.7011445704595103,0.5565737285001277
2023-08-31,0.6998462376165634,0.5332355041435155
2023-09-01,0.70127570115747,0.5475874542121382
2023-09-05,0.6977448606916888,0.5214669685506456
2023-09-06,0.6920336824449317,0.5098134006154832
2023-09-07,0.6894740479215927,0.5264398350955376
2023-09-08,0.690632396142535,0.5462388456721575
2023-09-11,0.696062724358436,0.5688861058851107
2023-09-12,0.6914088834238447,0.5153800037038723
2023-09-13,0.6924137960349283,0.5454092347662536
2023-09-14,0.6992273747922527,0.5761193744030741
2023-09-15,0.6893295891426922,0.48759688487603614
2023-09-18,0.689962646679782,0.5434415976375296
2023-09-19,0.6881944791666543,0.5306342681604299
2023-09-20,0.6806301244257426,0.4994831725708033
2023-09-21,0.6674450676362389,0.4684173349522508
2023-09-22,0.66570814409626,0.5305402746207567
2023-09-25,0.668739939130496,0.5566818785325637
2023-09-26,0.6571070456489329,0.47596989675207213
2023-09-27,0.6571762792514153,0.5404510555320872
2023-09-28,0.6617321471494584,0.565278972413987
2023-09-29,0.6595408346787401,0.5279581565900386
2023-10-02,0.6594639518471125,0.5396413542431442
2023-10-03,0.6486990367937443,0.48008647743230365
2023-10-04,0.6549510179578162,0.575001556328895
2023-10-05,0.653934961970704,0.5344081869518231
2023-10-06,0.6630389054684733,0.5905099909657253
2023-10-09,0.6681830659961407,0.5683152151743269
2023-10-10,0.6722485142493564,0.5622636510461899
2023-10-11,0.6757203643681648,0.5589341730402513
2023-10-12,0.6706688189642019,0.5125878123032289
2023-10-13,0.6669811206905577,0.519897507314481
2023-10-16,0.6751927804346427,0.5848531989991312
2023-10-17,0.6750603972599952,0.5393483930056044
2023-10-18,0.664509767924587,0.4824300397200118
2023-10-19,0.6579378010969293,0.5037784247636691
2023-10-20,0.6482381807497912,0.48595399981975085
2023-10-23,0.6469586943701047,0.532878634667671
2023-10-24,0.6525291259029444,0.5712758933160194
2023-10-25,0.6414668079503733,0.477869773936782
2023-10-26,0.6325670247123549,0.48938038270115297
2023-10-27,0.6290574385805575,0.519916738354499
2023-10-30,0.6379344817609639,0.5908558526107055
2023-10-31,0.6427723800795749,0.5675007511666222
2023-11-01,0.6508327026767277,0.5853963312508778
2023-11-02,0.6653871133096169,0.6207497815321411
2023-11-03,0.6728075240306397,0.5806380161679788
2023-11-06,0.6740931518892679,0.5470580119949361
2023-11-07,0.6763442821881116,0.5522816226868902
2023-11-08,0.6770989471397795,0.5441540735223468
2023-11-09,0.6706285916004565,0.5048989916838911
2023-11-10,0.6828721326148942,0.606376902536144
2023-11-13,0.6822507733992623,0.5367255947987088
2023-11-14,0.6976612023747824,0.6221905610446112
2023-11-15,0.6988773535100058,0.546482813270715
2023-11-16,0.6999564244240691,0.5457517768617192
2023-11-17,0.7010326040565653,0.5457292165406962
2023-11-20,0.707085411114841,0.5717787696526947
2023-11-21,0.7055085345409358,0.5318272527082504
2023-11-22,0.7088183303061482,0.557343431467852
2023-11-24,0.7092947841350613,0.5425482213896246
2023-11-27,0.7077777346418244,0.5321609491464906
2023-11-28,0.7087279481524863,0.5450203412826292
2023-11-29,0.7080119400489754,0.5363347047701484
2023-11-30,0.711053827743227,0.555900349597362
2023-12-01,0.7161119161450649,0.5662691639421114
2023-12-04,0.7114201468964996,0.5157673349213768
2023-12-05,0.7109831663490833,0.537796734455668
2023-12-06,0.7077860812641309,0.5234224849960347
2023-12-07,0.7143632311729997,0.574239625887814
2023-12-08,0.7176243634648792,0.5569124227397448
2023-12-11,0.720819334136626,0.5565081666553082
2023-12-12,0.7246824858960511,0.5598646920520886
2023-12-13,0.7364409688380924,0.5997826748540082
2023-12-14,0.7388306770271713,0.5521042608341308
2023-12-15,0.738680379272244,0.5393106879357037
2023-12-18,0.7425640323191367,0.5595627447686192
2023-12-19,0.7476624781727118,0.5655301804600564
2023-12-20,0.7349794302523458,0.4764477214389197
2023-12-21,0.7437886568503145,0.5843521827437181
2023-12-22,0.7452305308132402,0.5472729425819866
2023-12-26,0.7489532048729813,0.5586172954968679
2023-12-27,0.7502828626833519,0.546673663146296
2023-12-28,0.7505333681020422,0.541310406873177
2023-12-29,0.7480514658490104,0.5277300485474894
2024-01-02,0.7430930722162422,0.5153158195600879
2024-01-03,0.7361684132976778,0.5052653841928636
2024-01-04,0.7332100794494562,0.5251144525792014
2024-01-05,0.7347405376036157,0.5478085732612269
2024-01-08,0.7467150686658987,0.6001725510703155
2024-01-09,0.7454463672988241,0.5337374557506748
2024-01-10,0.7502841349770533,0.564152796884939
2024-01-11,0.7497800480834426,0.5375632406736279
2024-01-12,0.7505178531066264,0.5437306335188062
2024-01-16,0.7471384586777793,0.523260049551119
2024-01-17,0.7421889318121374,0.5153345117528401
2024-01-18,0.7497932358571652,0.5780075080838788
2024-01-19,0.760470131538711,0.592790036544956
2024-01-22,0.7623884984121861,0.5494730362402622
2024-01-23,0.764959033673973,0.5526392483656489
2024-01-24,0.7656015701650969,0.543203813038276
2024-01-25,0.770315474258299,0.5630128592348239
2024-01-26,0.7697253987188916,0.5372010250723747
2024-01-29,0.7764971076480035,0.5728424084835272
2024-01-30,0.7759955931684728,0.5376478048930748
2024-01-31,0.7616713610841451,0.4704064726687808
2024-02-01,0.7727497627182777,0.5940389319921631
2024-02-02,0.7820697936250716,0.5849637541142354
2024-02-05,0.7790911471998286,0.5257677960916213
2024-02-06,0.781249483331357,0.5504325435921327
2024-02-07,0.788620860270183,0.5752854505330387
2024-02-08,0.7891035316007968,0.542363050704853
2024-02-09,0.7942709068967678,0.5645749781886833
2024-02-12,0.7933921827447437,0.5359087736442184
2024-02-13,0.7807709858642872,0.47990578440105386
2024-02-14,0.7893933251120278,0.581255733559293
2024-02-15,0.7947329459542876,0.5653816324507748
2024-02-16,0.790353885451441,0.5193167113267353
2024-02-20,0.7849589338500825,0.5143672523360496
2024-02-21,0.7860707830712976,0.545375563767242
2024-02-22,0.8051314594791319,0.630091090309521
2024-02-23,0.8055166477436799,0.5418671470033674
2024-02-26,0.8019984696590907,0.5235955044864508
2024-02-27,0.8035493418920487,0.5473352434028846
2024-02-28,0.8020541529124552,0.53305952858748
2024-02-29,0.8069034230896663,0.5627525162112379
2024-03-01,0.8144723139933219,0.5752425768055363
2024-03-04,0.8134530900459891,0.5353464405359459
2024-03-05,0.8040784903339118,0.49641012033763643
2024-03-06,0.8088850403465954,0.5625047376613731
2024-03-07,0.8184709120024454,0.5844757974959915
2024-03-08,0.8124445670097965,0.5122007303259656
2024-03-11,0.8114122286876447,0.5352754136949307
2024-03-12,0.8216812598481472,0.5874970790239465
2024-03-13,0.8199210022925395,0.5319729039847072
2024-03-14,0.8171439976401019,0.5272673288176875
2024-03-15,0.8110786752055885,0.5119806373778738
2024-03-18,0.816939033168653,0.5672067748726991
2024-03-19,0.8222208632492257,0.5643845182208906
2024-03-20,0.830672129675969,0.5786984733726279
2024-03-21,0.8337315684084221,0.553968386847624
2024-03-22,0.8323694115934088,0.5338828184304294
2024-03-25,0.829485993444759,0.5269477037287649
2024-03-26,0.8268692698339212,0.5281270692455738
2024-03-27,0.8350838736819266,0.5774402394062619
2024-03-28,0.8362361654230346,0.5452839319833046
2024-04-01,0.8343266458449167,0.5314178431106236
2024-04-02,0.8275666491160771,0.5093103901449172
2024-04-03,0.8286776723752141,0.5451365236193506
2024-04-04,0.8170244198467685,0.4865978610601642
2024-04-05,0.8274503240058764,0.5879348620549569
2024-04-08,0.8271361669609938,0.5386320252692333
2024-04-09,0.8285704686151676,0.5466135112438006
2024-04-10,0.8194604707780774,0.4983181908142902
2024-04-11,0.8265671594618328,0.572668806391387
2024-04-12,0.8127884804398812,0.476634872843747
2024-04-15,0.8017275293779053,0.4884741881537278
2024-04-16,0.7998234670048453,0.5311239668991082
2024-04-17,0.7945123080203638,0.5150250429221556
2024-04-18,0.7925035347570878,0.5305581870704507
2024-04-19,0.7845983140561072,0.5024456815646726
2024-04-22,0.7922572395906742,0.5765206443275666
2024-04-23,0.8031137431497749,0.5912264553511614
2024-04-24,0.8032675878048897,0.5407874969441289
2024-04-25,0.7990889855088907,0.5204495445807181
2024-04-26,0.8084661010150096,0.5839676514318145
2024-04-29,0.811413935850864,0.5537774095519165
2024-04-30,0.7966393416943862,0.47091408653978306
2024-05-01,0.79360091382975,0.5257092436519886
2024-05-02,0.8019168373728902,0.5792510775660543
2024-05-03,0.8134733460720203,0.5939458983156588
2024-05-06,0.8231550911276617,0.5847014332778633
2024-05-07,0.8243993503144694,0.5457702705519638
2024-05-08,0.8243459579631144,0.5398222075445798
2024-05-09,0.8292703667295139,0.5625682401587556
2024-05-10,0.8308684057334134,0.547344093958239
2024-05-13,0.830561996381305,0.5386723768364845
2024-05-14,0.8352243773439697,0.5612367592525214
2024-05-15,0.8465221016009054,0.5909453859666348
2024-05-16,0.8444813946357403,0.5309201594944412
2024-05-17,0.8457053334430091,0.5455548923267323
2024-05-20,0.8466153633668826,0.5441428912620858
2024-05-21,0.8490226899858189,0.5508311743298105
2024-05-22,0.8462426899952304,0.5276336443865098
2024-05-23,0.8389612739431673,0.5073337019735253
2024-05-24,0.845661169467492,0.5701946620464727
2024-05-28,0.845949473526458,0.5413586011925969
2024-05-29,0.8387530291690554,0.5077073757302445
2024-05-30,0.8331080822817468,0.5145157067953612
2024-05-31,0.8406985483202404,0.5743896466195961
2024-06-03,0.8418841179367691,0.5454035852509446
2024-06-04,0.8432796401120682,0.546340370053671
2024-06-05,0.8547536140568185,0.591310756089709
2024-06-06,0.8546317195372144,0.5395255370085659
2024-06-07,0.8531658555947954,0.5335525459897841
2024-06-10,0.8557368739221817,0.5514859297354421
2024-06-11,0.8584226516085495,0.5519639733486715
2024-06-12,0.8667682813383939,0.5768308348136097
2024-06-13,0.8690578663104264,0.550099217289556
2024-06-14,0.8687778309176408,0.5388409786358505
2024-06-17,0.8762385192699556,0.5726085531238295
2024-06-18,0.8788108790779686,0.5512310927676115
2024-06-20,0.8763833538816258,0.5295318528417643
2024-06-21,0.8747079377945891,0.5327810630166324
2024-06-24,0.8717217824474184,0.5270510893586182
2024-06-25,0.8755533656351553,0.556760453988697
2024-06-26,0.8769934402546768,0.5463246073847965
2024-06-27,0.8780012931029466,0.5444410941495014
2024-06-28,0.8738952899183465,0.5222184868529246
2024-07-01,0.87651557997019,0.551465268285174
2024-07-02,0.8826897838441187,0.5668085462399376
2024-07-03,0.8879071723108599,0.5625379985707817
2024-07-05,0.8935294004075951,0.5641534807157181
2024-07-08,0.894446908940961,0.5439850547505686
2024-07-09,0.8951928423921558,0.5432497591957103
2024-07-10,0.9055371414703011,0.583970384760873
2024-07-11,0.896797140119906,0.5030010711481815
2024-07-12,0.9023943288330633,0.5638401072111577
2024-07-15,0.9052512677229281,0.5521517829914953
2024-07-16,0.9119655291320757,0.5683380657097734
2024-07-17,0.8976476014819227,0.47955776299081765
2024-07-18,0.8896543329610025,0.5059198368411877
2024-07-19,0.8823098985985959,0.5084555938685682
2024-07-22,0.893063947990321,0.5862762734175052
2024-07-23,0.8915145920005731,0.5334392471251328
2024-07-24,0.8681749233440715,0.4389978788225566
2024-07-25,0.86302766811699,0.5174605023882006
2024-07-26,0.8739786733518693,0.588023706319623
2024-07-29,0.8747845662503352,0.5435753597333495
2024-07-30,0.869967043619374,0.5190511940421967
2024-07-31,0.8857276758208021,0.6084490188228392
2024-08-01,0.8720462858377102,0.48076725796956854
2024-08-02,0.8540116829518791,0.4606539101998007
2024-08-05,0.8248954966619299,0.4087441888772639
2024-08-06,0.8344813824037403,0.5837375051212669
2024-08-07,0.8271148708524689,0.5065457002877835
2024-08-08,0.8489176210083823,0.63854594721607
2024-08-09,0.8534771102412495,0.5603846480936872
2024-08-12,0.8536867690663063,0.5409988127039964
2024-08-13,0.8700071441404229,0.612016326902318
2024-08-14,0.8737153512278572,0.5562514723934971
2024-08-15,0.8896332706518085,0.6088710632397941
2024-08-16,0.8918342494750795,0.5494960420444793
2024-08-19,0.9016024136269103,0.5816718800642741
2024-08-20,0.8996472668595651,0.5317708559201147
2024-08-21,0.9039476835785277,0.5582933706579062
2024-08-22,0.8947145700933133,0.5008401678570625
2024-08-23,0.9064516061932391,0.5898710922590201
2024-08-26,0.90326026369215,0.5265806999887827
2024-08-27,0.9049042869367652,0.5470193502361403
2024-08-28,0.8987407077440706,0.5139441224454198
2024-08-29,0.8987391161685891,0.5400600312567392
2024-08-30,0.9088610618637322,0.5828843545203795
2024-09-03,0.8872296625193968,0.44804905831962233
2024-09-04,0.8856721778944917,0.533366331909083
2024-09-05,0.8827554961635288,0.5274913270685293
2024-09-06,0.8655031401979308,0.4649357067469654
2024-09-09,0.8768927201795627,0.5898105535744161
2024-09-10,0.8813812077456625,0.5595162758432767
2024-09-11,0.8919799728832617,0.5856539487869248
2024-09-12,0.8996675210903269,0.5728383799193149
2024-09-13,0.9052536014352105,0.563727300160633
2024-09-16,0.9065635614102737,0.5455968647319617
2024-09-17,0.9067800502691832,0.540980045600698
2024-09-18,0.9037209040966134,0.5271442522641313
2024-09-19,0.9211324151936249,0.6131139662019526
2024-09-20,0.9192254785250091,0.5321256072195851
2024-09-23,0.9221383279769794,0.5521911952447687
2024-09-24,0.9248879671289272,0.5514811883720726
2024-09-25,0.9228962814481206,0.5318018125427938
2024-09-26,0.9271199272636057,0.5575753784604901
2024-09-27,0.9257802682138675,0.5345209753568249
2024-09-30,0.9300834634576618,0.5578559948731975
2024-10-01,0.9204921054581491,0.500317338847234
2024-10-02,0.9206210739611144,0.5406036767949515
2024-10-03,0.9188448918814932,0.532666985399621
2024-10-04,0.9280148501325383,0.5781366432678414
2024-10-07,0.9179806615617702,0.4983919325770598
2024-10-08,0.9279044955363812,0.5812854732144487
2024-10-09,0.9352271762036811,0.570235170812984
2024-10-10,0.9331300048357621,0.531447936094211
2024-10-11,0.9395614556416362,0.5664450035934416
2024-10-14,0.9476378229077626,0.5729684562708712
2024-10-15,0.939624906680984,0.5074245895413265
2024-10-16,0.9446065153582508,0.5603889141405577
2024-10-17,0.9444279133840195,0.5393398275429737
2024-10-18,0.9487261362145762,0.5575286416794195
2024-10-21,0.946718262312283,0.5319183118862891
2024-10-22,0.9463287414409356,0.538484263436413
2024-10-23,0.9364522362948646,0.49974889776313713
2024-10-24,0.938793726720794,0.5496587993809152
2024-10-25,0.9384818346846104,0.5387903296191645
2024-10-28,0.94123168284736,0.5513082056384051
2024-10-29,0.943043394208482,0.5474573826540825
2024-10-30,0.9396090163361404,0.5260462172248884
2024-10-31,0.9198790283732187,0.4586408090868008
2024-11-01,0.9240179010094234,0.5572737082111533
2024-11-04,0.921171808033237,0.5282417273593225
2024-11-05,0.9339049894764804,0.5927252281996418
2024-11-06,0.9600131565912722,0.6461006460207054
2024-11-07,0.9682183408672353,0.5728683212756083
2024-11-08,0.9722250962358283,0.5559957505061698
2024-11-11,0.9730301818844486,0.5432604681217764
2024-11-12,0.969747214696041,0.527029073082085
2024-11-13,0.9699066003814906,0.5407006646169065
2024-11-14,0.9633249244600559,0.5138153522268004
2024-11-15,0.9490889140606159,0.4827424164714064
2024-11-18,0.9534417923527351,0.5576742396845209
2024-11-19,0.9577656630941896,0.5574872190839354
2024-11-20,0.9578277379213501,0.5403163868356304
2024-11-21,0.9636215938535608,0.5633003943228737
2024-11-22,0.9674790442512728,0.5554673778590195
2024-11-25,0.9705592665428021,0.5523256494080511
2024-11-26,0.9767615195006161,0.5646474457907767
2024-11-27,0.9726626053520215,0.5238375023839899
2024-11-29,0.978870021297838,0.5646211938864488
2024-12-02,0.9814614587445871,0.5502771051748473
2024-12-03,0.9819615645589812,0.5420344898626158
2024-12-04,0.9886452813215084,0.566279870939073
2024-12-05,0.9865209392398429,0.531752241712866
2024-12-06,0.9892924735679457,0.5509112974162075
2024-12-09,0.9825825632016343,0.5137659019030644
2024-12-10,0.9794410852091892,0.5276987148318557
2024-12-11,0.9884318516709155,0.5753711884798036
2024-12-12,0.9822902792372814,0.5159812275798207
2024-12-13,0.9821130349011026,0.5393697259885467
2024-12-16,0.9863013206737639,0.5565090476102336
2024-12-17,0.9820138546148489,0.5232344390988155
2024-12-18,0.9494568238226861,0.4100978071562105
2024-12-19,0.9485227111176948,0.536280360424141
2024-12-20,0.9601888346238409,0.5871227048441321
2024-12-23,0.9679389659264876,0.5710506232239202
2024-12-24,0.9799136116098246,0.5875134224440214
2024-12-26,0.9795344740250094,0.5385723960583535
2024-12-27,0.9673738834388953,0.4918628407352051
2024-12-30,0.9558274077415939,0.4938016843144195
2024-12-31,0.9512914783140227,0.5217576362895394
2025-01-02,0.9490516691919394,0.530997605750273
2025-01-03,0.9623471999630234,0.5936289846764826
2025-01-06,0.9682839228915072,0.5637738154204648
2025-01-07,0.9562907132927136,0.49204176899970975
2025-01-08,0.9580170853432158,0.5470122735589683
2025-01-10,0.9415554003238936,0.47338696110594897
2025-01-13,0.9431237722227251,0.5464635161867714
2025-01-14,0.9443842658246856,0.5452010602747841
2025-01-15,0.963921333088902,0.6188866339186944
2025-01-16,0.9617272476863074,0.5312852963565503
2025-01-17,0.9724128926138748,0.5826698010128204
2025-01-21,0.9821004487498167,0.5783361447529438
2025-01-22,0.9888428299488494,0.5665059741748061
2025-01-23,0.9946634409899122,0.5627639431789476
2025-01-24,0.9915760623397705,0.5280423626415953
2025-01-27,0.9754230445692261,0.47661253635431333
2025-01-28,0.985531324120367,0.5798827114643512
2025-01-29,0.9803520173250468,0.5197109598898765
2025-01-30,0.9862740443153105,0.5633339627181246
2025-01-31,0.980723458175123,0.5182626249266923
2025-02-03,0.9724704075945435,0.5074449412991796
2025-02-04,0.9804241192848854,0.5715096845828083
2025-02-05,0.9848059677722529,0.5572934758987577
2025-02-06,0.9887686202735415,0.5555874264685043
2025-02-07,0.9783302142027178,0.49906362027213297
2025-02-10,0.9858285512212543,0.5695597839905402
2025-02-11,0.9861483730319711,0.5413203444233098
2025-02-12,0.9831024099378038,0.5281135233300008
2025-02-13,0.9946860476451889,0.5853519193459833
2025-02-14,0.9945000974256519,0.5393435217722146
2025-02-18,0.9973356998824765,0.5510832691622546
2025-02-19,1.0,0.5503926030590292
2025-02-20,0.9952021369512951,0.5214545584701834
2025-02-21,0.9763314436288353,0.4660863571143656
2025-02-24,0.9709916315903714,0.5189041932859774
2025-02-25,0.9658502406802364,0.519593647837257
2025-02-26,0.9660220977578203,0.540752681778099
2025-02-27,0.9487551425223614,0.47061252967931755
2025-02-28,0.9655574223470054,0.6076662883810303
2025-03-03,0.946735225883057,0.46427012199754775
2025-03-04,0.9338399327756907,0.4873712502503536
2025-03-05,0.9454925802983069,0.5877118449159672
2025-03-06,0.926583526209064,0.4624883519009234
2025-03-07,0.9323168276312053,0.5637341472763137
2025-03-10,0.9041055523993278,0.42235772899526014
2025-03-11,0.896493913642565,0.5077593326738463
2025-03-12,0.9014337029663123,0.5610607241729226
2025-03-13,0.8875583358374495,0.48083985578871713
2025-03-14,0.9087988814609143,0.6304100923793401
2025-03-17,0.9154212034581862,0.5678575395440738
2025-03-18,0.904603450170306,0.49457828707431595
2025-03-19,0.9156559966089596,0.5865373978338219
2025-03-20,0.9134064344089957,0.5306482933248384
2025-03-21,0.9141522122241327,0.5431914726391857
2025-03-24,0.9321715889457947,0.6148960620728281
2025-03-25,0.9338701434331311,0.5470550181652604
2025-03-26,0.9221688807713615,0.49169792212672947
2025-03-27,0.9188814186423605,0.5263810787664587
2025-03-28,0.8986764288092772,0.4550026167462004
2025-03-31,0.9044508859566543,0.56454639457164
2025-04-01,0.9083111799231935,0.556355850607675
2025-04-02,0.9151859099105575,0.568926763399574
2025-04-03,0.8654689460445646,0.32694726302607935
2025-04-04,0.8068435683204181,0.2746885746185433
2025-04-07,0.8043358776421242,0.5283492892663745
2025-04-08,0.7899313168444159,0.47214659565638023
2025-04-09,0.8761711657289571,0.9318419845077899
2025-04-10,0.8421471943160032,0.38965211921362053
2025-04-11,0.8596010202609227,0.6178714291435631
2025-04-14,0.867314532139175,0.5740168134141886
2025-04-15,0.8656998855802577,0.5329818501080184
2025-04-16,0.8442045948710261,0.4446405190858531
2025-04-17,0.8454035874415853,0.5454446243465544
2025-04-21,0.82314040589201,0.43911860365395483
2025-04-22,0.8464526275704051,0.645714836427108
2025-04-23,0.8621496034503204,0.6097966756913614
2025-04-24,0.8820886789973462,0.6270724286797613
2025-04-25,0.8893278769389087,0.5712334208973634
2025-04-28,0.8901507437654733,0.543595478126365
2025-04-29,0.8958647976197137,0.5644922705963092
2025-04-30,0.8972476895905748,0.5459577675081334
2025-05-01,0.9033085546470568,0.5657925252148641
