Date,Open,High,Low,Close,Volume,Dividends,Stock Splits
2004-04-26 00:00:00+02:00,246.9499969482422,248.14999389648438,246.89999389648438,247.07000732421875,0,0.0,0.0
2004-04-27 00:00:00+02:00,247.19000244140625,247.66000366210938,246.22999572753906,246.9199981689453,0,0.0,0.0
2004-04-28 00:00:00+02:00,246.9600067138672,247.0500030517578,243.3800048828125,243.3800048828125,0,0.0,0.0
2004-04-29 00:00:00+02:00,243.19000244140625,243.42999267578125,240.1699981689453,241.25,0,0.0,0.0
2004-04-30 00:00:00+02:00,240.80999755859375,240.80999755859375,239.0500030517578,239.0500030517578,0,0.0,0.0
2004-05-03 00:00:00+02:00,239.3000030517578,240.49000549316406,238.49000549316406,240.38999938964844,0,0.0,0.0
2004-05-04 00:00:00+02:00,240.64999389648438,241.74000549316406,239.9600067138672,241.33999633789062,0,0.0,0.0
2004-05-05 00:00:00+02:00,241.02999877929688,242.6699981689453,240.3699951171875,242.38999938964844,0,0.0,0.0
2004-05-06 00:00:00+02:00,242.19000244140625,242.19000244140625,239.02000427246094,239.1999969482422,0,0.0,0.0
2004-05-07 00:00:00+02:00,239.2100067138672,239.6699981689453,237.32000732421875,239.35000610351562,0,0.0,0.0
2004-05-10 00:00:00+02:00,239.3000030517578,239.3000030517578,232.94000244140625,232.99000549316406,0,0.0,0.0
2004-05-11 00:00:00+02:00,232.9499969482422,235.52999877929688,232.9499969482422,235.52999877929688,0,0.0,0.0
2004-05-12 00:00:00+02:00,235.2899932861328,235.58999633789062,233.07000732421875,233.1300048828125,0,0.0,0.0
2004-05-13 00:00:00+02:00,232.94000244140625,235.5500030517578,232.94000244140625,235.52999877929688,0,0.0,0.0
2004-05-14 00:00:00+02:00,235.41000366210938,235.41000366210938,232.67999267578125,234.0399932861328,0,0.0,0.0
2004-05-17 00:00:00+02:00,233.1699981689453,233.1699981689453,228.8800048828125,230.60000610351562,0,0.0,0.0
2004-05-18 00:00:00+02:00,230.5399932861328,232.6199951171875,230.5399932861328,232.2899932861328,0,0.0,0.0
2004-05-19 00:00:00+02:00,232.39999389648438,236.52000427246094,232.39999389648438,236.14999389648438,0,0.0,0.0
2004-05-20 00:00:00+02:00,236.00999450683594,236.00999450683594,234.0,234.6699981689453,0,0.0,0.0
2004-05-21 00:00:00+02:00,234.66000366210938,235.77000427246094,233.67999267578125,234.49000549316406,0,0.0,0.0
2004-05-24 00:00:00+02:00,234.77999877929688,237.2100067138672,234.77000427246094,235.72999572753906,0,0.0,0.0
2004-05-25 00:00:00+02:00,235.41000366210938,235.41000366210938,233.55999755859375,234.4199981689453,0,0.0,0.0
2004-05-26 00:00:00+02:00,234.67999267578125,237.22000122070312,234.67999267578125,236.50999450683594,0,0.0,0.0
2004-05-27 00:00:00+02:00,236.52000427246094,238.50999450683594,236.52000427246094,237.72000122070312,0,0.0,0.0
2004-05-28 00:00:00+02:00,237.92999267578125,238.66000366210938,236.69000244140625,236.92999267578125,0,0.0,0.0
2004-06-01 00:00:00+02:00,237.3699951171875,237.69000244140625,235.41000366210938,235.75,0,0.0,0.0
2004-06-02 00:00:00+02:00,235.8300018310547,238.05999755859375,235.8300018310547,236.61000061035156,0,0.0,0.0
2004-06-03 00:00:00+02:00,236.52999877929688,237.4600067138672,235.30999755859375,237.4600067138672,0,0.0,0.0
2004-06-04 00:00:00+02:00,237.58999633789062,239.35000610351562,237.27999877929688,239.1699981689453,0,0.0,0.0
2004-06-07 00:00:00+02:00,239.13999938964844,241.17999267578125,239.13999938964844,240.8000030517578,0,0.0,0.0
2004-06-08 00:00:00+02:00,241.0800018310547,241.7899932861328,240.6300048828125,241.4600067138672,0,0.0,0.0
2004-06-09 00:00:00+02:00,241.77000427246094,242.5800018310547,241.39999389648438,241.5800018310547,0,0.0,0.0
2004-06-10 00:00:00+02:00,241.75,242.2899932861328,241.2100067138672,241.94000244140625,0,0.0,0.0
2004-06-11 00:00:00+02:00,242.47999572753906,242.47999572753906,241.3000030517578,241.64999389648438,0,0.0,0.0
2004-06-14 00:00:00+02:00,241.67999267578125,241.67999267578125,237.8300018310547,238.1999969482422,0,0.0,0.0
2004-06-15 00:00:00+02:00,238.30999755859375,240.2899932861328,237.99000549316406,239.9600067138672,0,0.0,0.0
2004-06-16 00:00:00+02:00,240.19000244140625,242.5,240.14999389648438,242.35000610351562,0,0.0,0.0
2004-06-17 00:00:00+02:00,242.36000061035156,243.36000061035156,242.02999877929688,242.72999572753906,0,0.0,0.0
2004-06-18 00:00:00+02:00,242.72000122070312,243.14999389648438,241.8300018310547,243.0,0,0.0,0.0
2004-06-21 00:00:00+02:00,242.9199981689453,243.3800048828125,242.1199951171875,242.7100067138672,0,0.0,0.0
2004-06-22 00:00:00+02:00,242.5,242.5,239.75999450683594,240.19000244140625,0,0.0,0.0
2004-06-23 00:00:00+02:00,239.8300018310547,241.3800048828125,239.8300018310547,241.02000427246094,0,0.0,0.0
2004-06-24 00:00:00+02:00,241.05999755859375,242.89999389648438,241.05999755859375,242.00999450683594,0,0.0,0.0
2004-06-25 00:00:00+02:00,242.25999450683594,242.4600067138672,241.2899932861328,242.0399932861328,0,0.0,0.0
2004-06-28 00:00:00+02:00,242.08999633789062,244.0399932861328,241.60000610351562,243.60000610351562,0,0.0,0.0
2004-06-29 00:00:00+02:00,243.38999938964844,243.38999938964844,241.83999633789062,242.47999572753906,0,0.0,0.0
2004-06-30 00:00:00+02:00,242.6199951171875,242.8800048828125,240.86000061035156,240.86000061035156,0,0.0,0.0
2004-07-01 00:00:00+02:00,241.33999633789062,242.82000732421875,239.9600067138672,240.0800018310547,0,0.0,0.0
2004-07-02 00:00:00+02:00,240.11000061035156,240.3300018310547,238.02999877929688,238.44000244140625,0,0.0,0.0
2004-07-05 00:00:00+02:00,238.50999450683594,239.27999877929688,238.3000030517578,238.3000030517578,0,0.0,0.0
2004-07-06 00:00:00+02:00,238.2899932861328,238.6199951171875,236.42999267578125,237.0800018310547,0,0.0,0.0
2004-07-07 00:00:00+02:00,236.9600067138672,237.97999572753906,236.47000122070312,236.74000549316406,0,0.0,0.0
2004-07-08 00:00:00+02:00,236.6300048828125,237.44000244140625,235.02999877929688,237.44000244140625,0,0.0,0.0
2004-07-09 00:00:00+02:00,237.11000061035156,237.39999389648438,235.50999450683594,237.32000732421875,0,0.0,0.0
2004-07-12 00:00:00+02:00,237.41000366210938,238.02999877929688,236.11000061035156,236.3300018310547,0,0.0,0.0
2004-07-13 00:00:00+02:00,236.5800018310547,237.3300018310547,236.0500030517578,236.6999969482422,0,0.0,0.0
2004-07-14 00:00:00+02:00,236.3699951171875,236.3699951171875,234.13999938964844,236.22999572753906,0,0.0,0.0
2004-07-15 00:00:00+02:00,236.1999969482422,236.1999969482422,233.8000030517578,233.8000030517578,0,0.0,0.0
2004-07-16 00:00:00+02:00,233.91000366210938,235.42999267578125,233.66000366210938,234.32000732421875,0,0.0,0.0
2004-07-19 00:00:00+02:00,234.33999633789062,234.3800048828125,233.13999938964844,233.13999938964844,0,0.0,0.0
2004-07-20 00:00:00+02:00,232.5500030517578,233.74000549316406,231.3000030517578,233.52999877929688,0,0.0,0.0
2004-07-21 00:00:00+02:00,234.1300048828125,236.4600067138672,234.1300048828125,235.80999755859375,0,0.0,0.0
2004-07-22 00:00:00+02:00,235.4199981689453,235.4199981689453,232.1999969482422,232.1999969482422,0,0.0,0.0
2004-07-23 00:00:00+02:00,232.5800018310547,233.3000030517578,232.1999969482422,232.8000030517578,0,0.0,0.0
2004-07-26 00:00:00+02:00,232.77999877929688,233.25999450683594,230.5500030517578,230.7100067138672,0,0.0,0.0
2004-07-27 00:00:00+02:00,230.8300018310547,232.74000549316406,230.8300018310547,232.6699981689453,0,0.0,0.0
2004-07-28 00:00:00+02:00,233.02000427246094,234.47999572753906,232.85000610351562,233.4499969482422,0,0.0,0.0
2004-07-29 00:00:00+02:00,233.58999633789062,236.22000122070312,233.58999633789062,236.08999633789062,0,0.0,0.0
2004-07-30 00:00:00+02:00,236.1300048828125,237.05999755859375,234.94000244140625,236.39999389648438,0,0.0,0.0
2004-08-02 00:00:00+02:00,236.44000244140625,236.44000244140625,235.1699981689453,236.13999938964844,0,0.0,0.0
2004-08-03 00:00:00+02:00,236.3000030517578,236.92999267578125,235.9199981689453,236.80999755859375,0,0.0,0.0
2004-08-04 00:00:00+02:00,236.69000244140625,236.69000244140625,233.94000244140625,234.89999389648438,0,0.0,0.0
2004-08-05 00:00:00+02:00,235.16000366210938,236.39999389648438,235.16000366210938,235.2899932861328,0,0.0,0.0
2004-08-06 00:00:00+02:00,234.8800048828125,234.8800048828125,229.97000122070312,229.97000122070312,0,0.0,0.0
2004-08-09 00:00:00+02:00,229.8699951171875,230.19000244140625,227.1199951171875,228.00999450683594,0,0.0,0.0
2004-08-10 00:00:00+02:00,227.88999938964844,229.39999389648438,227.77999877929688,229.39999389648438,0,0.0,0.0
2004-08-11 00:00:00+02:00,229.57000732421875,229.77000427246094,226.41000366210938,227.77000427246094,0,0.0,0.0
2004-08-12 00:00:00+02:00,227.97000122070312,229.25,226.60000610351562,227.35000610351562,0,0.0,0.0
2004-08-13 00:00:00+02:00,227.1999969482422,227.49000549316406,225.97000122070312,226.57000732421875,0,0.0,0.0
2004-08-16 00:00:00+02:00,226.25,228.8300018310547,225.17999267578125,228.74000549316406,0,0.0,0.0
2004-08-17 00:00:00+02:00,228.52999877929688,230.25,228.0500030517578,229.05999755859375,0,0.0,0.0
2004-08-18 00:00:00+02:00,228.88999938964844,229.3000030517578,227.52999877929688,229.16000366210938,0,0.0,0.0
2004-08-19 00:00:00+02:00,228.99000549316406,230.32000732421875,228.99000549316406,229.66000366210938,0,0.0,0.0
2004-08-20 00:00:00+02:00,229.49000549316406,229.5,228.3699951171875,229.08999633789062,0,0.0,0.0
2004-08-23 00:00:00+02:00,229.32000732421875,232.3699951171875,229.32000732421875,232.1699981689453,0,0.0,0.0
2004-08-24 00:00:00+02:00,232.22000122070312,232.9199981689453,231.58999633789062,231.8800048828125,0,0.0,0.0
2004-08-25 00:00:00+02:00,232.38999938964844,232.97000122070312,231.75999450683594,232.55999755859375,0,0.0,0.0
2004-08-26 00:00:00+02:00,232.7899932861328,234.4499969482422,232.7899932861328,234.4499969482422,0,0.0,0.0
2004-08-27 00:00:00+02:00,234.52999877929688,236.24000549316406,234.47000122070312,236.24000549316406,0,0.0,0.0
2004-08-30 00:00:00+02:00,236.1699981689453,236.27999877929688,235.6300048828125,235.88999938964844,0,0.0,0.0
2004-08-31 00:00:00+02:00,235.4600067138672,235.4600067138672,233.55999755859375,233.6300048828125,0,0.0,0.0
2004-09-01 00:00:00+02:00,233.6699981689453,235.47000122070312,233.6699981689453,235.2100067138672,0,0.0,0.0
2004-09-02 00:00:00+02:00,235.08999633789062,236.5399932861328,234.38999938964844,236.11000061035156,0,0.0,0.0
2004-09-03 00:00:00+02:00,236.02000427246094,238.2100067138672,235.52999877929688,237.9499969482422,0,0.0,0.0
2004-09-06 00:00:00+02:00,237.94000244140625,239.05999755859375,237.94000244140625,238.7899932861328,0,0.0,0.0
2004-09-07 00:00:00+02:00,239.0,239.22000122070312,238.19000244140625,238.6699981689453,0,0.0,0.0
2004-09-08 00:00:00+02:00,238.8000030517578,239.25,238.27999877929688,238.60000610351562,0,0.0,0.0
2004-09-09 00:00:00+02:00,238.13999938964844,238.13999938964844,236.27999877929688,237.13999938964844,0,0.0,0.0
2004-09-10 00:00:00+02:00,236.86000061035156,238.4499969482422,236.86000061035156,237.9499969482422,0,0.0,0.0
2004-09-13 00:00:00+02:00,238.41000366210938,240.0399932861328,238.41000366210938,240.0,0,0.0,0.0
2004-09-14 00:00:00+02:00,239.91000366210938,239.91000366210938,238.72000122070312,239.17999267578125,0,0.0,0.0
2004-09-15 00:00:00+02:00,239.1300048828125,240.0399932861328,238.4499969482422,238.6999969482422,0,0.0,0.0
2004-09-16 00:00:00+02:00,238.75,239.91000366210938,238.75,239.75,0,0.0,0.0
2004-09-17 00:00:00+02:00,239.55999755859375,241.7100067138672,239.10000610351562,241.11000061035156,0,0.0,0.0
2004-09-20 00:00:00+02:00,241.10000610351562,241.10000610351562,239.3699951171875,240.25999450683594,0,0.0,0.0
2004-09-21 00:00:00+02:00,240.0500030517578,241.5399932861328,239.89999389648438,241.3699951171875,0,0.0,0.0
2004-09-22 00:00:00+02:00,241.1699981689453,241.75,239.88999938964844,240.00999450683594,0,0.0,0.0
2004-09-23 00:00:00+02:00,239.8300018310547,239.8300018310547,237.72999572753906,238.22000122070312,0,0.0,0.0
2004-09-24 00:00:00+02:00,238.2100067138672,239.13999938964844,237.6199951171875,238.94000244140625,0,0.0,0.0
2004-09-27 00:00:00+02:00,239.11000061035156,239.11000061035156,237.02000427246094,237.3699951171875,0,0.0,0.0
2004-09-28 00:00:00+02:00,237.38999938964844,238.7899932861328,236.75999450683594,238.50999450683594,0,0.0,0.0
2004-09-29 00:00:00+02:00,238.42999267578125,240.0399932861328,238.42999267578125,239.33999633789062,0,0.0,0.0
2004-09-30 00:00:00+02:00,239.24000549316406,240.36000061035156,237.69000244140625,237.74000549316406,0,0.0,0.0
2004-10-01 00:00:00+02:00,237.88999938964844,241.85000610351562,237.88999938964844,241.85000610351562,0,0.0,0.0
2004-10-04 00:00:00+02:00,242.07000732421875,244.5500030517578,242.07000732421875,244.17999267578125,0,0.0,0.0
2004-10-05 00:00:00+02:00,244.1999969482422,245.41000366210938,243.61000061035156,244.38999938964844,0,0.0,0.0
2004-10-06 00:00:00+02:00,244.33999633789062,245.07000732421875,243.61000061035156,244.19000244140625,0,0.0,0.0
2004-10-07 00:00:00+02:00,244.4199981689453,245.57000732421875,243.69000244140625,244.14999389648438,0,0.0,0.0
2004-10-08 00:00:00+02:00,243.77000427246094,245.05999755859375,242.64999389648438,243.07000732421875,0,0.0,0.0
2004-10-11 00:00:00+02:00,243.0800018310547,243.1699981689453,242.1999969482422,242.92999267578125,0,0.0,0.0
2004-10-12 00:00:00+02:00,243.05999755859375,243.05999755859375,240.22000122070312,241.0500030517578,0,0.0,0.0
2004-10-13 00:00:00+02:00,241.35000610351562,243.02000427246094,241.35000610351562,241.60000610351562,0,0.0,0.0
2004-10-14 00:00:00+02:00,241.27999877929688,241.27999877929688,239.8300018310547,239.97000122070312,0,0.0,0.0
2004-10-15 00:00:00+02:00,239.97999572753906,239.97999572753906,238.47000122070312,239.49000549316406,0,0.0,0.0
2004-10-18 00:00:00+02:00,239.38999938964844,239.99000549316406,238.39999389648438,238.77000427246094,0,0.0,0.0
2004-10-19 00:00:00+02:00,238.92999267578125,241.72000122070312,238.92999267578125,241.0500030517578,0,0.0,0.0
2004-10-20 00:00:00+02:00,240.8699951171875,240.8699951171875,237.97999572753906,238.64999389648438,0,0.0,0.0
2004-10-21 00:00:00+02:00,239.13999938964844,240.41000366210938,238.52000427246094,240.05999755859375,0,0.0,0.0
2004-10-22 00:00:00+02:00,239.85000610351562,241.1999969482422,239.7899932861328,239.8699951171875,0,0.0,0.0
2004-10-25 00:00:00+02:00,239.49000549316406,239.49000549316406,235.77000427246094,235.9499969482422,0,0.0,0.0
2004-10-26 00:00:00+02:00,235.89999389648438,237.02999877929688,235.77999877929688,236.64999389648438,0,0.0,0.0
2004-10-27 00:00:00+02:00,236.94000244140625,239.47999572753906,236.94000244140625,239.47999572753906,0,0.0,0.0
2004-10-28 00:00:00+02:00,239.6199951171875,241.58999633789062,239.6199951171875,240.94000244140625,0,0.0,0.0
2004-10-29 00:00:00+02:00,240.80999755859375,241.6699981689453,240.16000366210938,240.3000030517578,0,0.0,0.0
2004-11-01 00:00:00+01:00,240.07000732421875,242.57000732421875,239.97000122070312,242.2899932861328,0,0.0,0.0
2004-11-02 00:00:00+01:00,242.72000122070312,244.5,242.6199951171875,244.5,0,0.0,0.0
2004-11-03 00:00:00+01:00,244.66000366210938,246.0500030517578,244.66000366210938,245.2899932861328,0,0.0,0.0
2004-11-04 00:00:00+01:00,245.0,245.0,243.47000122070312,244.55999755859375,0,0.0,0.0
2004-11-05 00:00:00+01:00,244.77999877929688,247.16000366210938,244.77999877929688,245.89999389648438,0,0.0,0.0
2004-11-08 00:00:00+01:00,245.99000549316406,246.22999572753906,245.1300048828125,245.60000610351562,0,0.0,0.0
2004-11-09 00:00:00+01:00,245.60000610351562,246.0500030517578,245.2100067138672,245.52000427246094,0,0.0,0.0
2004-11-10 00:00:00+01:00,245.6999969482422,246.9199981689453,245.6999969482422,246.0500030517578,0,0.0,0.0
2004-11-11 00:00:00+01:00,246.25,248.41000366210938,245.8800048828125,248.32000732421875,0,0.0,0.0
2004-11-12 00:00:00+01:00,248.52999877929688,249.42999267578125,248.52999877929688,249.1999969482422,0,0.0,0.0
2004-11-15 00:00:00+01:00,249.3300018310547,250.47999572753906,248.44000244140625,248.88999938964844,0,0.0,0.0
2004-11-16 00:00:00+01:00,248.72999572753906,248.94000244140625,246.77000427246094,247.24000549316406,0,0.0,0.0
2004-11-17 00:00:00+01:00,247.38999938964844,249.4499969482422,247.1699981689453,249.4499969482422,0,0.0,0.0
2004-11-18 00:00:00+01:00,249.3300018310547,249.72999572753906,248.5500030517578,249.5,0,0.0,0.0
2004-11-19 00:00:00+01:00,249.64999389648438,250.08999633789062,247.42999267578125,247.61000061035156,0,0.0,0.0
2004-11-22 00:00:00+01:00,247.58999633789062,247.58999633789062,245.2899932861328,246.32000732421875,0,0.0,0.0
2004-11-23 00:00:00+01:00,246.57000732421875,248.2899932861328,246.4600067138672,246.7100067138672,0,0.0,0.0
2004-11-24 00:00:00+01:00,246.6199951171875,247.3800048828125,246.00999450683594,246.39999389648438,0,0.0,0.0
2004-11-25 00:00:00+01:00,246.49000549316406,248.22000122070312,246.49000549316406,248.1699981689453,0,0.0,0.0
2004-11-26 00:00:00+01:00,248.10000610351562,248.10000610351562,247.00999450683594,247.77999877929688,0,0.0,0.0
2004-11-29 00:00:00+01:00,247.6699981689453,249.60000610351562,247.52999877929688,247.52999877929688,0,0.0,0.0
2004-11-30 00:00:00+01:00,247.77000427246094,247.97999572753906,246.14999389648438,246.50999450683594,0,0.0,0.0
2004-12-01 00:00:00+01:00,246.44000244140625,249.47999572753906,246.2100067138672,249.2899932861328,0,0.0,0.0
2004-12-02 00:00:00+01:00,249.6199951171875,250.60000610351562,249.25999450683594,250.32000732421875,0,0.0,0.0
2004-12-03 00:00:00+01:00,250.2100067138672,251.02000427246094,249.0500030517578,249.74000549316406,0,0.0,0.0
2004-12-06 00:00:00+01:00,249.39999389648438,249.39999389648438,247.85000610351562,248.5399932861328,0,0.0,0.0
2004-12-07 00:00:00+01:00,248.72999572753906,250.0800018310547,248.4600067138672,249.44000244140625,0,0.0,0.0
2004-12-08 00:00:00+01:00,249.5,249.5,248.24000549316406,248.97000122070312,0,0.0,0.0
2004-12-09 00:00:00+01:00,248.4199981689453,248.9199981689453,246.50999450683594,247.19000244140625,0,0.0,0.0
2004-12-10 00:00:00+01:00,247.25999450683594,248.44000244140625,247.25999450683594,248.17999267578125,0,0.0,0.0
2004-12-13 00:00:00+01:00,248.13999938964844,250.14999389648438,248.13999938964844,250.0399932861328,0,0.0,0.0
2004-12-14 00:00:00+01:00,250.25,251.10000610351562,249.67999267578125,250.30999755859375,0,0.0,0.0
2004-12-15 00:00:00+01:00,250.27999877929688,251.2100067138672,250.11000061035156,250.17999267578125,0,0.0,0.0
2004-12-16 00:00:00+01:00,250.27999877929688,251.4600067138672,250.27999877929688,251.08999633789062,0,0.0,0.0
2004-12-17 00:00:00+01:00,251.1699981689453,251.60000610351562,248.83999633789062,249.1300048828125,0,0.0,0.0
2004-12-20 00:00:00+01:00,248.91000366210938,250.83999633789062,248.89999389648438,250.2899932861328,0,0.0,0.0
2004-12-21 00:00:00+01:00,250.16000366210938,250.47999572753906,249.55999755859375,249.77000427246094,0,0.0,0.0
2004-12-22 00:00:00+01:00,249.85000610351562,251.4600067138672,249.85000610351562,250.91000366210938,0,0.0,0.0
2004-12-23 00:00:00+01:00,250.8699951171875,251.3699951171875,250.5,250.97999572753906,0,0.0,0.0
2004-12-27 00:00:00+01:00,251.13999938964844,251.27000427246094,250.74000549316406,250.83999633789062,0,0.0,0.0
2004-12-28 00:00:00+01:00,250.97000122070312,251.22000122070312,250.66000366210938,251.08999633789062,0,0.0,0.0
2004-12-29 00:00:00+01:00,251.0399932861328,251.66000366210938,250.25,251.02999877929688,0,0.0,0.0
2004-12-30 00:00:00+01:00,250.9499969482422,251.47000122070312,250.8699951171875,251.02000427246094,0,0.0,0.0
2005-01-03 00:00:00+01:00,251.24000549316406,253.1999969482422,251.24000549316406,252.5500030517578,0,0.0,0.0
2005-01-04 00:00:00+01:00,252.55999755859375,253.8800048828125,252.22000122070312,253.5500030517578,0,0.0,0.0
2005-01-05 00:00:00+01:00,253.44000244140625,253.44000244140625,251.44000244140625,251.85000610351562,0,0.0,0.0
2005-01-06 00:00:00+01:00,251.8800048828125,253.08999633789062,251.8800048828125,253.08999633789062,0,0.0,0.0
2005-01-07 00:00:00+01:00,253.0500030517578,254.72999572753906,252.94000244140625,254.72000122070312,0,0.0,0.0
2005-01-10 00:00:00+01:00,254.89999389648438,255.1999969482422,254.02999877929688,254.6199951171875,0,0.0,0.0
2005-01-11 00:00:00+01:00,254.5,254.72000122070312,252.3300018310547,252.72999572753906,0,0.0,0.0
2005-01-12 00:00:00+01:00,252.89999389648438,253.19000244140625,250.0399932861328,250.7899932861328,0,0.0,0.0
2005-01-13 00:00:00+01:00,251.0399932861328,252.3000030517578,250.8300018310547,251.72999572753906,0,0.0,0.0
2005-01-14 00:00:00+01:00,251.8300018310547,253.30999755859375,251.1199951171875,252.99000549316406,0,0.0,0.0
2005-01-17 00:00:00+01:00,253.0,254.1199951171875,253.0,254.02999877929688,0,0.0,0.0
2005-01-18 00:00:00+01:00,254.27000427246094,254.35000610351562,252.89999389648438,254.27999877929688,0,0.0,0.0
2005-01-19 00:00:00+01:00,254.3699951171875,255.42999267578125,254.3699951171875,254.72999572753906,0,0.0,0.0
2005-01-20 00:00:00+01:00,254.55999755859375,254.55999755859375,252.6300048828125,253.69000244140625,0,0.0,0.0
2005-01-21 00:00:00+01:00,253.47000122070312,253.72999572753906,252.35000610351562,253.4199981689453,0,0.0,0.0
2005-01-24 00:00:00+01:00,253.4499969482422,253.4499969482422,251.66000366210938,253.27999877929688,0,0.0,0.0
2005-01-25 00:00:00+01:00,253.38999938964844,255.16000366210938,252.92999267578125,254.94000244140625,0,0.0,0.0
2005-01-26 00:00:00+01:00,254.9199981689453,255.55999755859375,254.83999633789062,255.02999877929688,0,0.0,0.0
2005-01-27 00:00:00+01:00,255.00999450683594,256.1199951171875,254.6199951171875,256.1199951171875,0,0.0,0.0
2005-01-28 00:00:00+01:00,256.2200012207031,256.6400146484375,254.88999938964844,255.13999938964844,0,0.0,0.0
2005-01-31 00:00:00+01:00,255.39999389648438,257.42999267578125,255.39999389648438,256.8500061035156,0,0.0,0.0
2005-02-01 00:00:00+01:00,256.6600036621094,258.8599853515625,256.54998779296875,258.8599853515625,0,0.0,0.0
2005-02-02 00:00:00+01:00,258.70001220703125,259.739990234375,258.4599914550781,259.6700134277344,0,0.0,0.0
2005-02-03 00:00:00+01:00,259.6099853515625,260.07000732421875,258.989990234375,259.5400085449219,0,0.0,0.0
2005-02-04 00:00:00+01:00,259.6199951171875,262.04998779296875,259.6199951171875,261.9200134277344,0,0.0,0.0
2005-02-07 00:00:00+01:00,262.07000732421875,263.4599914550781,262.07000732421875,263.32000732421875,0,0.0,0.0
2005-02-08 00:00:00+01:00,263.2699890136719,263.94000244140625,262.8800048828125,263.80999755859375,0,0.0,0.0
2005-02-09 00:00:00+01:00,263.8299865722656,264.6099853515625,262.80999755859375,263.3900146484375,0,0.0,0.0
2005-02-10 00:00:00+01:00,263.4100036621094,263.95001220703125,262.7699890136719,263.1300048828125,0,0.0,0.0
2005-02-11 00:00:00+01:00,263.3900146484375,265.5199890136719,263.3900146484375,265.5199890136719,0,0.0,0.0
2005-02-14 00:00:00+01:00,265.6300048828125,265.9599914550781,265.3800048828125,265.9100036621094,0,0.0,0.0
2005-02-15 00:00:00+01:00,265.95001220703125,267.2099914550781,265.6099853515625,266.9700012207031,0,0.0,0.0
2005-02-16 00:00:00+01:00,266.9200134277344,266.9200134277344,264.3999938964844,265.3500061035156,0,0.0,0.0
2005-02-17 00:00:00+01:00,265.30999755859375,266.57000732421875,265.30999755859375,265.6400146484375,0,0.0,0.0
2005-02-18 00:00:00+01:00,265.8299865722656,266.57000732421875,265.55999755859375,266.010009765625,0,0.0,0.0
2005-02-21 00:00:00+01:00,266.1199951171875,266.82000732421875,265.25,265.6600036621094,0,0.0,0.0
2005-02-22 00:00:00+01:00,265.42999267578125,265.45001220703125,262.8699951171875,263.75,0,0.0,0.0
2005-02-23 00:00:00+01:00,263.6300048828125,263.6300048828125,261.0400085449219,262.29998779296875,0,0.0,0.0
2005-02-24 00:00:00+01:00,262.29998779296875,262.75,261.6400146484375,262.1400146484375,0,0.0,0.0
2005-02-25 00:00:00+01:00,262.510009765625,265.1400146484375,262.510009765625,265.1400146484375,0,0.0,0.0
2005-02-28 00:00:00+01:00,265.1300048828125,266.4200134277344,264.25,264.2900085449219,0,0.0,0.0
2005-03-01 00:00:00+01:00,264.4200134277344,266.42999267578125,264.2799987792969,266.25,0,0.0,0.0
2005-03-02 00:00:00+01:00,266.3299865722656,266.3299865722656,264.7900085449219,266.1600036621094,0,0.0,0.0
2005-03-03 00:00:00+01:00,265.989990234375,266.739990234375,265.6000061035156,266.1499938964844,0,0.0,0.0
2005-03-04 00:00:00+01:00,266.29998779296875,267.9100036621094,266.0400085449219,267.9100036621094,0,0.0,0.0
2005-03-07 00:00:00+01:00,267.70001220703125,268.29998779296875,267.1199951171875,267.67999267578125,0,0.0,0.0
2005-03-08 00:00:00+01:00,267.44000244140625,267.44000244140625,265.9599914550781,266.2099914550781,0,0.0,0.0
2005-03-09 00:00:00+01:00,266.1000061035156,266.92999267578125,264.44000244140625,264.5899963378906,0,0.0,0.0
2005-03-10 00:00:00+01:00,264.2799987792969,264.2799987792969,262.20001220703125,262.45001220703125,0,0.0,0.0
2005-03-11 00:00:00+01:00,262.57000732421875,263.8500061035156,262.57000732421875,263.04998779296875,0,0.0,0.0
2005-03-14 00:00:00+01:00,262.9200134277344,263.2699890136719,261.9700012207031,262.6600036621094,0,0.0,0.0
2005-03-15 00:00:00+01:00,262.94000244140625,264.8699951171875,262.94000244140625,264.7900085449219,0,0.0,0.0
2005-03-16 00:00:00+01:00,264.70001220703125,264.70001220703125,260.8900146484375,261.1199951171875,0,0.0,0.0
2005-03-17 00:00:00+01:00,261.2699890136719,261.6700134277344,260.45001220703125,261.1199951171875,0,0.0,0.0
2005-03-18 00:00:00+01:00,261.17999267578125,262.4700012207031,261.17999267578125,261.69000244140625,0,0.0,0.0
2005-03-21 00:00:00+01:00,261.94000244140625,262.3599853515625,260.95001220703125,261.05999755859375,0,0.0,0.0
2005-03-22 00:00:00+01:00,261.2799987792969,261.67999267578125,260.05999755859375,261.54998779296875,0,0.0,0.0
2005-03-23 00:00:00+01:00,261.45001220703125,261.45001220703125,259.3599853515625,260.6600036621094,0,0.0,0.0
2005-03-24 00:00:00+01:00,260.75,262.45001220703125,260.57000732421875,262.1700134277344,0,0.0,0.0
2005-03-29 00:00:00+02:00,262.4100036621094,262.8900146484375,261.0899963378906,262.8900146484375,0,0.0,0.0
2005-03-30 00:00:00+02:00,262.6199951171875,262.6199951171875,261.2099914550781,262.0899963378906,0,0.0,0.0
2005-03-31 00:00:00+02:00,262.3699951171875,263.7099914550781,262.19000244140625,262.19000244140625,0,0.0,0.0
2005-04-01 00:00:00+02:00,262.2900085449219,264.4700012207031,262.2900085449219,263.42999267578125,0,0.0,0.0
2005-04-04 00:00:00+02:00,263.32000732421875,263.32000732421875,261.0199890136719,262.260009765625,0,0.0,0.0
2005-04-05 00:00:00+02:00,262.57000732421875,264.5400085449219,262.57000732421875,264.4700012207031,0,0.0,0.0
2005-04-06 00:00:00+02:00,264.69000244140625,265.5199890136719,264.6600036621094,265.5199890136719,0,0.0,0.0
2005-04-07 00:00:00+02:00,265.17999267578125,266.45001220703125,264.9100036621094,266.30999755859375,0,0.0,0.0
2005-04-08 00:00:00+02:00,266.510009765625,267.3299865722656,266.3999938964844,266.8900146484375,0,0.0,0.0
2005-04-11 00:00:00+02:00,266.7099914550781,266.7099914550781,265.7200012207031,266.32000732421875,0,0.0,0.0
2005-04-12 00:00:00+02:00,266.2200012207031,266.239990234375,265.17999267578125,265.4200134277344,0,0.0,0.0
2005-04-13 00:00:00+02:00,265.57000732421875,266.8900146484375,265.57000732421875,266.6499938964844,0,0.0,0.0
2005-04-14 00:00:00+02:00,266.57000732421875,266.69000244140625,265.4200134277344,266.010009765625,0,0.0,0.0
2005-04-15 00:00:00+02:00,265.760009765625,265.760009765625,261.8500061035156,261.8500061035156,0,0.0,0.0
2005-04-18 00:00:00+02:00,261.7200012207031,261.7200012207031,256.1000061035156,257.2799987792969,0,0.0,0.0
2005-04-19 00:00:00+02:00,257.57000732421875,259.5199890136719,257.57000732421875,259.04998779296875,0,0.0,0.0
2005-04-20 00:00:00+02:00,259.0,259.92999267578125,257.510009765625,257.6600036621094,0,0.0,0.0
2005-04-21 00:00:00+02:00,257.4800109863281,258.32000732421875,256.7300109863281,257.2799987792969,0,0.0,0.0
2005-04-22 00:00:00+02:00,257.6700134277344,259.5899963378906,257.6700134277344,259.2699890136719,0,0.0,0.0
2005-04-25 00:00:00+02:00,259.489990234375,260.4800109863281,259.0,260.45001220703125,0,0.0,0.0
2005-04-26 00:00:00+02:00,260.1700134277344,260.54998779296875,258.5899963378906,259.5199890136719,0,0.0,0.0
2005-04-27 00:00:00+02:00,259.5799865722656,259.5799865722656,255.3300018310547,255.99000549316406,0,0.0,0.0
2005-04-28 00:00:00+02:00,256.1099853515625,257.17999267578125,254.8000030517578,255.6300048828125,0,0.0,0.0
2005-04-29 00:00:00+02:00,255.42999267578125,256.8399963378906,254.3800048828125,256.05999755859375,0,0.0,0.0
2005-05-02 00:00:00+02:00,256.19000244140625,257.5199890136719,256.19000244140625,256.8299865722656,0,0.0,0.0
2005-05-03 00:00:00+02:00,256.7699890136719,258.1600036621094,256.7699890136719,257.9599914550781,0,0.0,0.0
2005-05-04 00:00:00+02:00,257.9700012207031,259.2900085449219,257.6000061035156,259.2900085449219,0,0.0,0.0
2005-05-05 00:00:00+02:00,259.3900146484375,260.989990234375,259.3900146484375,260.7699890136719,0,0.0,0.0
2005-05-06 00:00:00+02:00,260.5799865722656,262.0899963378906,259.92999267578125,261.8999938964844,0,0.0,0.0
2005-05-09 00:00:00+02:00,261.8800048828125,262.010009765625,260.4100036621094,261.010009765625,0,0.0,0.0
2005-05-10 00:00:00+02:00,260.7099914550781,261.6300048828125,258.7300109863281,259.1099853515625,0,0.0,0.0
2005-05-11 00:00:00+02:00,259.1000061035156,259.7799987792969,258.1099853515625,258.54998779296875,0,0.0,0.0
2005-05-12 00:00:00+02:00,258.7699890136719,260.45001220703125,258.7699890136719,260.1300048828125,0,0.0,0.0
2005-05-13 00:00:00+02:00,260.29998779296875,260.29998779296875,258.7099914550781,260.1499938964844,0,0.0,0.0
2005-05-16 00:00:00+02:00,259.8699951171875,259.8699951171875,258.55999755859375,259.05999755859375,0,0.0,0.0
2005-05-17 00:00:00+02:00,259.1199951171875,259.760009765625,258.67999267578125,259.32000732421875,0,0.0,0.0
2005-05-18 00:00:00+02:00,259.1199951171875,262.4700012207031,259.1199951171875,259.1199951171875,0,0.0,0.0
2005-05-19 00:00:00+02:00,262.3399963378906,263.7200012207031,262.3399963378906,263.5199890136719,0,0.0,0.0
2005-05-20 00:00:00+02:00,263.44000244140625,264.2300109863281,263.260009765625,263.75,0,0.0,0.0
2005-05-23 00:00:00+02:00,263.9800109863281,264.8699951171875,263.9800109863281,264.8399963378906,0,0.0,0.0
2005-05-24 00:00:00+02:00,264.8599853515625,264.8599853515625,264.07000732421875,264.6300048828125,0,0.0,0.0
2005-05-25 00:00:00+02:00,264.6499938964844,265.05999755859375,264.0299987792969,264.4800109863281,0,0.0,0.0
2005-05-26 00:00:00+02:00,264.3500061035156,266.3999938964844,264.1300048828125,266.3299865722656,0,0.0,0.0
2005-05-27 00:00:00+02:00,266.3599853515625,266.3599853515625,265.489990234375,266.1000061035156,0,0.0,0.0
2005-05-30 00:00:00+02:00,266.2799987792969,267.3699951171875,265.8399963378906,267.3699951171875,0,0.0,0.0
2005-05-31 00:00:00+02:00,267.6400146484375,268.5,267.2900085449219,267.2900085449219,0,0.0,0.0
2005-06-01 00:00:00+02:00,267.5199890136719,270.8699951171875,267.5199890136719,270.8699951171875,0,0.0,0.0
2005-06-02 00:00:00+02:00,270.989990234375,271.3900146484375,270.2300109863281,270.8299865722656,0,0.0,0.0
2005-06-03 00:00:00+02:00,271.0199890136719,271.45001220703125,269.7900085449219,270.25,0,0.0,0.0
2005-06-06 00:00:00+02:00,270.4800109863281,270.7699890136719,269.1099853515625,269.3999938964844,0,0.0,0.0
2005-06-07 00:00:00+02:00,269.8599853515625,272.6099853515625,269.8599853515625,272.57000732421875,0,0.0,0.0
2005-06-08 00:00:00+02:00,272.4700012207031,272.4700012207031,271.3999938964844,271.9200134277344,0,0.0,0.0
2005-06-09 00:00:00+02:00,271.9700012207031,272.0199890136719,270.82000732421875,271.9800109863281,0,0.0,0.0
2005-06-10 00:00:00+02:00,272.1400146484375,274.25,272.1400146484375,273.6300048828125,0,0.0,0.0
2005-06-13 00:00:00+02:00,273.69000244140625,274.75,273.45001220703125,274.7200012207031,0,0.0,0.0
2005-06-14 00:00:00+02:00,274.2300109863281,275.260009765625,273.5899963378906,275.1000061035156,0,0.0,0.0
2005-06-15 00:00:00+02:00,275.2200012207031,275.75,273.739990234375,273.989990234375,0,0.0,0.0
2005-06-16 00:00:00+02:00,274.3599853515625,275.7099914550781,274.3599853515625,275.510009765625,0,0.0,0.0
2005-06-17 00:00:00+02:00,275.4100036621094,277.30999755859375,275.4100036621094,275.8699951171875,0,0.0,0.0
2005-06-20 00:00:00+02:00,275.9800109863281,275.989990234375,274.5,275.7799987792969,0,0.0,0.0
2005-06-21 00:00:00+02:00,275.8699951171875,277.25,275.8699951171875,277.1000061035156,0,0.0,0.0
2005-06-22 00:00:00+02:00,276.8699951171875,278.1499938964844,276.69000244140625,277.4200134277344,0,0.0,0.0
2005-06-23 00:00:00+02:00,277.3999938964844,278.6499938964844,277.3999938964844,278.5899963378906,0,0.0,0.0
2005-06-24 00:00:00+02:00,278.3500061035156,278.3500061035156,275.9599914550781,276.32000732421875,0,0.0,0.0
2005-06-27 00:00:00+02:00,275.8599853515625,275.8599853515625,273.3399963378906,273.6400146484375,0,0.0,0.0
2005-06-28 00:00:00+02:00,273.7699890136719,275.9700012207031,273.7699890136719,275.9700012207031,0,0.0,0.0
2005-06-29 00:00:00+02:00,276.3299865722656,277.4800109863281,276.0799865722656,276.7900085449219,0,0.0,0.0
2005-06-30 00:00:00+02:00,276.6600036621094,277.2200012207031,275.8699951171875,275.9200134277344,0,0.0,0.0
2005-07-01 00:00:00+02:00,275.8500061035156,278.07000732421875,275.1099853515625,278.07000732421875,0,0.0,0.0
2005-07-04 00:00:00+02:00,277.67999267578125,278.92999267578125,277.6300048828125,278.760009765625,0,0.0,0.0
2005-07-05 00:00:00+02:00,278.57000732421875,278.7200012207031,277.25,278.1400146484375,0,0.0,0.0
2005-07-06 00:00:00+02:00,278.1400146484375,280.19000244140625,278.1400146484375,279.7799987792969,0,0.0,0.0
2005-07-07 00:00:00+02:00,279.1600036621094,279.1600036621094,267.8800048828125,274.69000244140625,0,0.0,0.0
2005-07-08 00:00:00+02:00,275.0199890136719,278.4700012207031,275.0199890136719,278.4700012207031,0,0.0,0.0
2005-07-11 00:00:00+02:00,278.0899963378906,280.1099853515625,278.0899963378906,279.92999267578125,0,0.0,0.0
2005-07-12 00:00:00+02:00,279.7099914550781,279.7799987792969,278.29998779296875,278.8599853515625,0,0.0,0.0
2005-07-13 00:00:00+02:00,278.8800048828125,280.4800109863281,278.8800048828125,280.4599914550781,0,0.0,0.0
2005-07-14 00:00:00+02:00,281.07000732421875,282.8699951171875,281.07000732421875,281.739990234375,0,0.0,0.0
2005-07-15 00:00:00+02:00,281.5400085449219,281.7699890136719,280.8299865722656,281.2300109863281,0,0.0,0.0
2005-07-18 00:00:00+02:00,280.8699951171875,281.7300109863281,280.1499938964844,280.57000732421875,0,0.0,0.0
2005-07-19 00:00:00+02:00,280.3800048828125,281.739990234375,280.3800048828125,281.6700134277344,0,0.0,0.0
2005-07-20 00:00:00+02:00,280.9100036621094,282.1400146484375,280.1600036621094,281.05999755859375,0,0.0,0.0
2005-07-21 00:00:00+02:00,280.7699890136719,283.0299987792969,279.6600036621094,281.4599914550781,0,0.0,0.0
2005-07-22 00:00:00+02:00,281.489990234375,281.8500061035156,280.510009765625,281.6600036621094,0,0.0,0.0
2005-07-25 00:00:00+02:00,281.989990234375,283.0799865722656,281.55999755859375,282.8299865722656,0,0.0,0.0
2005-07-26 00:00:00+02:00,282.8500061035156,283.82000732421875,282.3399963378906,283.0,0,0.0,0.0
2005-07-27 00:00:00+02:00,282.92999267578125,284.44000244140625,282.92999267578125,283.7900085449219,0,0.0,0.0
2005-07-28 00:00:00+02:00,283.739990234375,285.42999267578125,283.739990234375,285.20001220703125,0,0.0,0.0
2005-07-29 00:00:00+02:00,285.0,286.3999938964844,284.6600036621094,285.0299987792969,0,0.0,0.0
2005-08-01 00:00:00+02:00,284.8399963378906,285.82000732421875,284.8399963378906,285.29998779296875,0,0.0,0.0
2005-08-02 00:00:00+02:00,285.3399963378906,287.44000244140625,285.30999755859375,287.44000244140625,0,0.0,0.0
2005-08-03 00:00:00+02:00,287.3399963378906,287.4200134277344,286.1400146484375,287.0899963378906,0,0.0,0.0
2005-08-04 00:00:00+02:00,286.79998779296875,286.79998779296875,284.6700134277344,284.92999267578125,0,0.0,0.0
2005-08-05 00:00:00+02:00,284.80999755859375,285.510009765625,283.8500061035156,283.8500061035156,0,0.0,0.0
2005-08-08 00:00:00+02:00,284.0199890136719,286.19000244140625,284.0199890136719,285.6199951171875,0,0.0,0.0
2005-08-09 00:00:00+02:00,285.45001220703125,287.3699951171875,285.29998779296875,287.3599853515625,0,0.0,0.0
2005-08-10 00:00:00+02:00,287.3699951171875,289.760009765625,287.3299865722656,289.760009765625,0,0.0,0.0
2005-08-11 00:00:00+02:00,289.55999755859375,289.55999755859375,288.20001220703125,288.8500061035156,0,0.0,0.0
2005-08-12 00:00:00+02:00,288.8900146484375,289.30999755859375,287.8999938964844,288.20001220703125,0,0.0,0.0
2005-08-15 00:00:00+02:00,288.3800048828125,289.1499938964844,287.94000244140625,288.0799865722656,0,0.0,0.0
2005-08-16 00:00:00+02:00,288.3699951171875,289.2699890136719,286.9700012207031,287.3999938964844,0,0.0,0.0
2005-08-17 00:00:00+02:00,287.2200012207031,287.2200012207031,285.739990234375,286.6600036621094,0,0.0,0.0
2005-08-18 00:00:00+02:00,286.67999267578125,287.1199951171875,285.2799987792969,285.75,0,0.0,0.0
2005-08-19 00:00:00+02:00,285.69000244140625,288.54998779296875,285.69000244140625,288.4800109863281,0,0.0,0.0
2005-08-22 00:00:00+02:00,288.6099853515625,289.3500061035156,288.4599914550781,288.67999267578125,0,0.0,0.0
2005-08-23 00:00:00+02:00,288.6000061035156,288.6000061035156,286.5899963378906,287.0299987792969,0,0.0,0.0
2005-08-24 00:00:00+02:00,286.8699951171875,286.8699951171875,284.6199951171875,285.6300048828125,0,0.0,0.0
2005-08-25 00:00:00+02:00,285.57000732421875,285.57000732421875,283.3399963378906,283.67999267578125,0,0.0,0.0
2005-08-26 00:00:00+02:00,283.6000061035156,284.9200134277344,281.82000732421875,281.82000732421875,0,0.0,0.0
2005-08-29 00:00:00+02:00,281.70001220703125,282.6099853515625,280.510009765625,282.6099853515625,0,0.0,0.0
2005-08-30 00:00:00+02:00,282.6600036621094,283.8999938964844,282.4700012207031,282.5400085449219,0,0.0,0.0
2005-08-31 00:00:00+02:00,282.4700012207031,284.9200134277344,282.4700012207031,284.82000732421875,0,0.0,0.0
2005-09-01 00:00:00+02:00,285.04998779296875,287.2699890136719,285.04998779296875,286.8399963378906,0,0.0,0.0
2005-09-02 00:00:00+02:00,286.8999938964844,287.42999267578125,285.8699951171875,286.7099914550781,0,0.0,0.0
2005-09-05 00:00:00+02:00,286.7200012207031,288.3599853515625,286.6600036621094,288.3299865722656,0,0.0,0.0
2005-09-06 00:00:00+02:00,288.29998779296875,290.8299865722656,288.29998779296875,290.7300109863281,0,0.0,0.0
2005-09-07 00:00:00+02:00,290.7699890136719,292.010009765625,290.7699890136719,291.8299865722656,0,0.0,0.0
2005-09-08 00:00:00+02:00,291.8900146484375,291.8900146484375,290.8999938964844,291.54998779296875,0,0.0,0.0
2005-09-09 00:00:00+02:00,291.5799865722656,292.6300048828125,291.44000244140625,292.45001220703125,0,0.0,0.0
2005-09-12 00:00:00+02:00,292.4599914550781,293.8699951171875,292.4599914550781,293.1199951171875,0,0.0,0.0
2005-09-13 00:00:00+02:00,293.1199951171875,293.32000732421875,290.8900146484375,291.0899963378906,0,0.0,0.0
2005-09-14 00:00:00+02:00,291.1099853515625,292.25,291.1099853515625,292.04998779296875,0,0.0,0.0
2005-09-15 00:00:00+02:00,292.04998779296875,293.010009765625,291.67999267578125,292.1300048828125,0,0.0,0.0
2005-09-16 00:00:00+02:00,292.1300048828125,294.2900085449219,292.0299987792969,293.8800048828125,0,0.0,0.0
2005-09-19 00:00:00+02:00,293.8599853515625,295.2799987792969,292.3399963378906,294.6000061035156,0,0.0,0.0
2005-09-20 00:00:00+02:00,294.5199890136719,295.7799987792969,294.5199890136719,294.92999267578125,0,0.0,0.0
2005-09-21 00:00:00+02:00,294.8599853515625,294.8599853515625,291.8800048828125,291.8900146484375,0,0.0,0.0
2005-09-22 00:00:00+02:00,291.4800109863281,291.4800109863281,289.8599853515625,290.8399963378906,0,0.0,0.0
2005-09-23 00:00:00+02:00,291.0299987792969,292.3500061035156,291.0299987792969,292.2099914550781,0,0.0,0.0
2005-09-26 00:00:00+02:00,292.2799987792969,295.75,292.2799987792969,295.75,0,0.0,0.0
2005-09-27 00:00:00+02:00,295.6000061035156,295.6099853515625,294.4700012207031,294.80999755859375,0,0.0,0.0
2005-09-28 00:00:00+02:00,294.9700012207031,297.3299865722656,294.9700012207031,297.3299865722656,0,0.0,0.0
2005-09-29 00:00:00+02:00,297.2200012207031,297.67999267578125,295.9800109863281,296.32000732421875,0,0.0,0.0
2005-09-30 00:00:00+02:00,296.29998779296875,297.75,296.29998779296875,297.3999938964844,0,0.0,0.0
2005-10-03 00:00:00+02:00,297.6300048828125,299.80999755859375,297.6300048828125,299.75,0,0.0,0.0
2005-10-04 00:00:00+02:00,299.6400146484375,300.6099853515625,298.75,300.6099853515625,0,0.0,0.0
2005-10-05 00:00:00+02:00,300.4100036621094,300.4100036621094,297.510009765625,297.5199890136719,0,0.0,0.0
2005-10-06 00:00:00+02:00,297.0,297.0,292.739990234375,293.4200134277344,0,0.0,0.0
2005-10-07 00:00:00+02:00,292.9800109863281,293.3599853515625,291.5899963378906,292.07000732421875,0,0.0,0.0
2005-10-10 00:00:00+02:00,291.9800109863281,294.0400085449219,291.9800109863281,292.8699951171875,0,0.0,0.0
2005-10-11 00:00:00+02:00,292.8699951171875,294.82000732421875,292.8599853515625,293.5400085449219,0,0.0,0.0
2005-10-12 00:00:00+02:00,293.3900146484375,293.3900146484375,291.3399963378906,291.44000244140625,0,0.0,0.0
2005-10-13 00:00:00+02:00,291.4200134277344,291.4200134277344,287.5199890136719,288.44000244140625,0,0.0,0.0
2005-10-14 00:00:00+02:00,288.2300109863281,289.67999267578125,287.17999267578125,288.9100036621094,0,0.0,0.0
2005-10-17 00:00:00+02:00,288.8500061035156,290.0199890136719,288.6099853515625,288.8299865722656,0,0.0,0.0
2005-10-18 00:00:00+02:00,289.2200012207031,289.9100036621094,287.92999267578125,288.260009765625,0,0.0,0.0
2005-10-19 00:00:00+02:00,288.239990234375,288.239990234375,283.010009765625,283.260009765625,0,0.0,0.0
2005-10-20 00:00:00+02:00,283.54998779296875,287.2699890136719,283.54998779296875,284.55999755859375,0,0.0,0.0
2005-10-21 00:00:00+02:00,284.04998779296875,284.239990234375,282.9100036621094,283.2799987792969,0,0.0,0.0
2005-10-24 00:00:00+02:00,283.4800109863281,286.6099853515625,283.2799987792969,286.6099853515625,0,0.0,0.0
2005-10-25 00:00:00+02:00,286.7200012207031,287.8399963378906,285.7699890136719,285.7699890136719,0,0.0,0.0
2005-10-26 00:00:00+02:00,285.739990234375,287.57000732421875,285.739990234375,286.9100036621094,0,0.0,0.0
2005-10-27 00:00:00+02:00,286.9800109863281,286.9800109863281,282.92999267578125,283.1099853515625,0,0.0,0.0
2005-10-28 00:00:00+02:00,282.9200134277344,284.2900085449219,280.9100036621094,283.5199890136719,0,0.0,0.0
2005-10-31 00:00:00+01:00,284.5799865722656,290.2900085449219,284.5799865722656,290.2900085449219,0,0.0,0.0
2005-11-01 00:00:00+01:00,290.2300109863281,291.0899963378906,289.5299987792969,290.45001220703125,0,0.0,0.0
2005-11-02 00:00:00+01:00,290.3399963378906,291.6700134277344,289.4599914550781,291.54998779296875,0,0.0,0.0
2005-11-03 00:00:00+01:00,291.760009765625,295.8800048828125,291.760009765625,295.8800048828125,0,0.0,0.0
2005-11-04 00:00:00+01:00,295.9800109863281,296.2799987792969,294.8699951171875,295.510009765625,0,0.0,0.0
2005-11-07 00:00:00+01:00,295.54998779296875,297.17999267578125,294.6600036621094,296.6700134277344,0,0.0,0.0
2005-11-08 00:00:00+01:00,297.0,298.30999755859375,296.3399963378906,296.80999755859375,0,0.0,0.0
2005-11-09 00:00:00+01:00,296.8900146484375,297.4700012207031,296.2200012207031,296.5199890136719,0,0.0,0.0
2005-11-10 00:00:00+01:00,296.4599914550781,298.0199890136719,296.44000244140625,296.7200012207031,0,0.0,0.0
2005-11-11 00:00:00+01:00,297.4800109863281,299.8699951171875,297.4800109863281,299.8500061035156,0,0.0,0.0
2005-11-14 00:00:00+01:00,299.69000244140625,300.8800048828125,299.2300109863281,299.9100036621094,0,0.0,0.0
2005-11-15 00:00:00+01:00,299.9200134277344,300.2699890136719,298.2200012207031,299.0199890136719,0,0.0,0.0
2005-11-16 00:00:00+01:00,298.7099914550781,298.739990234375,296.05999755859375,296.739990234375,0,0.0,0.0
2005-11-17 00:00:00+01:00,297.2799987792969,299.2699890136719,297.2799987792969,298.0299987792969,0,0.0,0.0
2005-11-18 00:00:00+01:00,298.05999755859375,301.2200012207031,298.05999755859375,299.8699951171875,0,0.0,0.0
2005-11-21 00:00:00+01:00,299.489990234375,301.1099853515625,298.9700012207031,300.7200012207031,0,0.0,0.0
2005-11-22 00:00:00+01:00,300.80999755859375,301.3599853515625,300.42999267578125,300.9599914550781,0,0.0,0.0
2005-11-23 00:00:00+01:00,300.8599853515625,302.19000244140625,300.82000732421875,302.19000244140625,0,0.0,0.0
2005-11-24 00:00:00+01:00,302.1400146484375,302.4100036621094,300.67999267578125,301.42999267578125,0,0.0,0.0
2005-11-25 00:00:00+01:00,301.45001220703125,302.55999755859375,301.3800048828125,302.30999755859375,0,0.0,0.0
2005-11-28 00:00:00+01:00,302.3900146484375,303.8500061035156,300.2799987792969,300.2799987792969,0,0.0,0.0
2005-11-29 00:00:00+01:00,300.19000244140625,301.92999267578125,299.239990234375,300.95001220703125,0,0.0,0.0
2005-11-30 00:00:00+01:00,300.8599853515625,300.8599853515625,299.3800048828125,299.4700012207031,0,0.0,0.0
2005-12-01 00:00:00+01:00,299.7200012207031,304.44000244140625,299.7200012207031,304.30999755859375,0,0.0,0.0
2005-12-02 00:00:00+01:00,304.45001220703125,306.67999267578125,304.45001220703125,306.67999267578125,0,0.0,0.0
2005-12-05 00:00:00+01:00,306.70001220703125,306.8999938964844,304.94000244140625,305.489990234375,0,0.0,0.0
2005-12-06 00:00:00+01:00,305.6499938964844,307.3599853515625,305.6499938964844,307.1000061035156,0,0.0,0.0
2005-12-07 00:00:00+01:00,307.1300048828125,308.6199951171875,306.30999755859375,306.7799987792969,0,0.0,0.0
2005-12-08 00:00:00+01:00,306.6400146484375,306.9200134277344,305.05999755859375,306.9200134277344,0,0.0,0.0
2005-12-09 00:00:00+01:00,307.2900085449219,307.2900085449219,306.19000244140625,306.8599853515625,0,0.0,0.0
2005-12-12 00:00:00+01:00,307.2099914550781,308.9100036621094,306.55999755859375,306.79998779296875,0,0.0,0.0
2005-12-13 00:00:00+01:00,306.989990234375,307.739990234375,306.6099853515625,307.2200012207031,0,0.0,0.0
2005-12-14 00:00:00+01:00,306.8900146484375,307.30999755859375,305.8500061035156,306.30999755859375,0,0.0,0.0
2005-12-15 00:00:00+01:00,306.45001220703125,306.7699890136719,305.30999755859375,305.6700134277344,0,0.0,0.0
2005-12-16 00:00:00+01:00,305.6199951171875,308.32000732421875,305.6199951171875,307.82000732421875,0,0.0,0.0
2005-12-19 00:00:00+01:00,307.44000244140625,307.92999267578125,307.2200012207031,307.45001220703125,0,0.0,0.0
2005-12-20 00:00:00+01:00,307.2900085449219,308.69000244140625,306.510009765625,308.5899963378906,0,0.0,0.0
2005-12-21 00:00:00+01:00,308.4700012207031,310.44000244140625,308.4700012207031,310.17999267578125,0,0.0,0.0
2005-12-22 00:00:00+01:00,310.17999267578125,310.6300048828125,309.3900146484375,309.54998779296875,0,0.0,0.0
2005-12-23 00:00:00+01:00,309.6700134277344,310.5400085449219,309.5,309.70001220703125,0,0.0,0.0
2005-12-27 00:00:00+01:00,309.8800048828125,310.94000244140625,309.8699951171875,310.5400085449219,0,0.0,0.0
2005-12-28 00:00:00+01:00,310.489990234375,311.07000732421875,309.7699890136719,310.1099853515625,0,0.0,0.0
2005-12-29 00:00:00+01:00,310.3599853515625,311.8599853515625,310.3599853515625,311.8599853515625,0,0.0,0.0
2005-12-30 00:00:00+01:00,311.7099914550781,311.7099914550781,309.3299865722656,310.0299987792969,0,0.0,0.0
2006-01-02 00:00:00+01:00,310.010009765625,311.4100036621094,310.010009765625,311.19000244140625,0,0.0,0.0
2006-01-03 00:00:00+01:00,311.0899963378906,314.32000732421875,311.0899963378906,313.0400085449219,0,0.0,0.0
2006-01-04 00:00:00+01:00,313.17999267578125,316.1400146484375,313.17999267578125,316.1400146484375,0,0.0,0.0
2006-01-05 00:00:00+01:00,315.8900146484375,315.95001220703125,314.8800048828125,315.0400085449219,0,0.0,0.0
2006-01-06 00:00:00+01:00,314.92999267578125,317.1000061035156,314.92999267578125,317.1000061035156,0,0.0,0.0
2006-01-09 00:00:00+01:00,317.3900146484375,318.57000732421875,317.3900146484375,317.7099914550781,0,0.0,0.0
2006-01-10 00:00:00+01:00,317.8500061035156,317.8500061035156,315.4599914550781,315.70001220703125,0,0.0,0.0
2006-01-11 00:00:00+01:00,315.70001220703125,317.54998779296875,315.70001220703125,317.54998779296875,0,0.0,0.0
2006-01-12 00:00:00+01:00,317.4599914550781,318.8500061035156,317.2200012207031,318.67999267578125,0,0.0,0.0
2006-01-13 00:00:00+01:00,318.57000732421875,318.57000732421875,316.0,316.8699951171875,0,0.0,0.0
2006-01-16 00:00:00+01:00,316.54998779296875,317.6600036621094,316.1499938964844,317.57000732421875,0,0.0,0.0
2006-01-17 00:00:00+01:00,317.3999938964844,317.3999938964844,315.1400146484375,315.2300109863281,0,0.0,0.0
2006-01-18 00:00:00+01:00,315.1099853515625,315.1099853515625,310.8800048828125,312.510009765625,0,0.0,0.0
2006-01-19 00:00:00+01:00,312.3500061035156,314.760009765625,312.3500061035156,314.3500061035156,0,0.0,0.0
2006-01-20 00:00:00+01:00,314.42999267578125,315.989990234375,312.4599914550781,312.4599914550781,0,0.0,0.0
2006-01-23 00:00:00+01:00,311.95001220703125,311.95001220703125,309.2900085449219,311.70001220703125,0,0.0,0.0
2006-01-24 00:00:00+01:00,311.6199951171875,312.3999938964844,310.6400146484375,311.0,0,0.0,0.0
2006-01-25 00:00:00+01:00,310.94000244140625,314.489990234375,310.94000244140625,314.489990234375,0,0.0,0.0
2006-01-26 00:00:00+01:00,314.2900085449219,317.7300109863281,314.2900085449219,317.5400085449219,0,0.0,0.0
2006-01-27 00:00:00+01:00,318.0400085449219,321.3699951171875,318.0400085449219,321.2200012207031,0,0.0,0.0
2006-01-30 00:00:00+01:00,321.04998779296875,321.54998779296875,320.4700012207031,321.07000732421875,0,0.0,0.0
2006-01-31 00:00:00+01:00,321.04998779296875,322.489990234375,320.239990234375,321.0400085449219,0,0.0,0.0
2006-02-01 00:00:00+01:00,321.0799865722656,324.6400146484375,320.6300048828125,324.4800109863281,0,0.0,0.0
2006-02-02 00:00:00+01:00,324.489990234375,325.5299987792969,321.55999755859375,321.55999755859375,0,0.0,0.0
2006-02-03 00:00:00+01:00,321.7300109863281,322.7699890136719,320.5799865722656,321.7699890136719,0,0.0,0.0
2006-02-06 00:00:00+01:00,321.7300109863281,323.3999938964844,321.6499938964844,322.1300048828125,0,0.0,0.0
2006-02-07 00:00:00+01:00,322.1000061035156,322.8599853515625,320.17999267578125,321.1000061035156,0,0.0,0.0
2006-02-08 00:00:00+01:00,321.04998779296875,321.2300109863281,318.05999755859375,320.55999755859375,0,0.0,0.0
2006-02-09 00:00:00+01:00,320.489990234375,324.29998779296875,320.489990234375,324.29998779296875,0,0.0,0.0
2006-02-10 00:00:00+01:00,324.4200134277344,324.8399963378906,322.8800048828125,323.0899963378906,0,0.0,0.0
2006-02-13 00:00:00+01:00,323.07000732421875,324.70001220703125,322.8599853515625,324.70001220703125,0,0.0,0.0
2006-02-14 00:00:00+01:00,324.82000732421875,326.0899963378906,322.82000732421875,324.1199951171875,0,0.0,0.0
2006-02-15 00:00:00+01:00,324.1400146484375,325.3900146484375,323.5899963378906,324.510009765625,0,0.0,0.0
2006-02-16 00:00:00+01:00,324.44000244140625,326.3399963378906,324.4100036621094,326.3399963378906,0,0.0,0.0
2006-02-17 00:00:00+01:00,326.5199890136719,327.8699951171875,326.2200012207031,327.30999755859375,0,0.0,0.0
2006-02-20 00:00:00+01:00,327.25,328.2200012207031,326.54998779296875,328.0799865722656,0,0.0,0.0
2006-02-21 00:00:00+01:00,328.2900085449219,330.42999267578125,328.2900085449219,329.17999267578125,0,0.0,0.0
2006-02-22 00:00:00+01:00,329.0799865722656,331.04998779296875,328.4700012207031,331.04998779296875,0,0.0,0.0
2006-02-23 00:00:00+01:00,331.20001220703125,331.8299865722656,329.70001220703125,330.45001220703125,0,0.0,0.0
2006-02-24 00:00:00+01:00,330.7300109863281,331.55999755859375,330.55999755859375,331.489990234375,0,0.0,0.0
2006-02-27 00:00:00+01:00,331.489990234375,332.5,331.3500061035156,332.4800109863281,0,0.0,0.0
2006-02-28 00:00:00+01:00,332.44000244140625,332.44000244140625,327.8299865722656,327.8800048828125,0,0.0,0.0
2006-03-01 00:00:00+01:00,328.0,330.739990234375,328.0,330.739990234375,0,0.0,0.0
2006-03-02 00:00:00+01:00,330.6300048828125,331.989990234375,326.6400146484375,327.75,0,0.0,0.0
2006-03-03 00:00:00+01:00,327.8500061035156,329.25,325.94000244140625,327.5899963378906,0,0.0,0.0
2006-03-06 00:00:00+01:00,327.80999755859375,330.4700012207031,327.80999755859375,329.4100036621094,0,0.0,0.0
2006-03-07 00:00:00+01:00,329.3599853515625,329.3599853515625,326.0199890136719,327.55999755859375,0,0.0,0.0
2006-03-08 00:00:00+01:00,327.5899963378906,327.7200012207031,323.6700134277344,324.9200134277344,0,0.0,0.0
2006-03-09 00:00:00+01:00,325.30999755859375,327.5899963378906,325.30999755859375,327.5,0,0.0,0.0
2006-03-10 00:00:00+01:00,327.1700134277344,330.1000061035156,326.4599914550781,330.1000061035156,0,0.0,0.0
2006-03-13 00:00:00+01:00,329.7900085449219,332.79998779296875,329.7900085449219,332.6099853515625,0,0.0,0.0
2006-03-14 00:00:00+01:00,332.42999267578125,333.3299865722656,331.760009765625,333.260009765625,0,0.0,0.0
2006-03-15 00:00:00+01:00,333.2300109863281,334.6700134277344,333.2300109863281,334.0,0,0.0,0.0
2006-03-16 00:00:00+01:00,334.239990234375,334.45001220703125,333.1000061035156,334.1600036621094,0,0.0,0.0
2006-03-17 00:00:00+01:00,334.1300048828125,336.57000732421875,333.8599853515625,334.4100036621094,0,0.0,0.0
2006-03-20 00:00:00+01:00,334.6600036621094,336.8599853515625,334.6600036621094,335.1300048828125,0,0.0,0.0
2006-03-21 00:00:00+01:00,335.17999267578125,335.4800109863281,333.1300048828125,335.4800109863281,0,0.0,0.0
2006-03-22 00:00:00+01:00,335.3999938964844,336.6600036621094,334.8299865722656,336.44000244140625,0,0.0,0.0
2006-03-23 00:00:00+01:00,336.6700134277344,337.3500061035156,335.3699951171875,336.1700134277344,0,0.0,0.0
2006-03-24 00:00:00+01:00,336.239990234375,337.95001220703125,336.239990234375,337.8599853515625,0,0.0,0.0
2006-03-27 00:00:00+02:00,338.010009765625,338.1099853515625,335.2300109863281,335.2300109863281,0,0.0,0.0
2006-03-28 00:00:00+02:00,335.3900146484375,336.2699890136719,332.7799987792969,333.2200012207031,0,0.0,0.0
2006-03-29 00:00:00+02:00,333.3999938964844,334.6099853515625,332.7200012207031,333.9800109863281,0,0.0,0.0
2006-03-30 00:00:00+02:00,334.04998779296875,337.1400146484375,334.04998779296875,336.6400146484375,0,0.0,0.0
2006-03-31 00:00:00+02:00,336.3599853515625,336.3599853515625,334.25,334.44000244140625,0,0.0,0.0
2006-04-03 00:00:00+02:00,334.92999267578125,337.260009765625,334.92999267578125,337.20001220703125,0,0.0,0.0
2006-04-04 00:00:00+02:00,336.9800109863281,336.9800109863281,334.95001220703125,335.54998779296875,0,0.0,0.0
2006-04-05 00:00:00+02:00,335.8399963378906,337.0400085449219,334.6499938964844,336.75,0,0.0,0.0
2006-04-06 00:00:00+02:00,336.989990234375,337.7300109863281,336.989990234375,337.5400085449219,0,0.0,0.0
2006-04-07 00:00:00+02:00,337.7699890136719,338.82000732421875,335.8399963378906,336.0199890136719,0,0.0,0.0
2006-04-10 00:00:00+02:00,336.2300109863281,337.6499938964844,335.9200134277344,337.6499938964844,0,0.0,0.0
2006-04-11 00:00:00+02:00,337.3900146484375,337.8800048828125,333.3500061035156,333.739990234375,0,0.0,0.0
2006-04-12 00:00:00+02:00,333.67999267578125,333.8399963378906,331.54998779296875,333.0799865722656,0,0.0,0.0
2006-04-13 00:00:00+02:00,333.32000732421875,334.510009765625,332.6499938964844,334.3599853515625,0,0.0,0.0
2006-04-18 00:00:00+02:00,334.2200012207031,334.4800109863281,332.9599914550781,334.0400085449219,0,0.0,0.0
2006-04-19 00:00:00+02:00,334.2799987792969,337.8800048828125,334.2799987792969,337.8800048828125,0,0.0,0.0
2006-04-20 00:00:00+02:00,337.7699890136719,340.0,337.7699890136719,338.7200012207031,0,0.0,0.0
2006-04-21 00:00:00+02:00,339.0299987792969,341.1300048828125,339.0299987792969,341.1000061035156,0,0.0,0.0
2006-04-24 00:00:00+02:00,341.010009765625,341.010009765625,339.29998779296875,339.29998779296875,0,0.0,0.0
2006-04-25 00:00:00+02:00,339.4599914550781,341.1499938964844,338.7099914550781,339.05999755859375,0,0.0,0.0
2006-04-26 00:00:00+02:00,338.9700012207031,340.1499938964844,338.9700012207031,339.70001220703125,0,0.0,0.0
2006-04-27 00:00:00+02:00,339.5,339.5799865722656,335.510009765625,337.8399963378906,0,0.0,0.0
2006-04-28 00:00:00+02:00,337.80999755859375,337.80999755859375,335.9599914550781,336.4800109863281,0,0.0,0.0
2006-05-02 00:00:00+02:00,336.9700012207031,340.07000732421875,336.7900085449219,339.8900146484375,0,0.0,0.0
2006-05-03 00:00:00+02:00,340.3699951171875,341.30999755859375,337.1199951171875,337.20001220703125,0,0.0,0.0
2006-05-04 00:00:00+02:00,336.9599914550781,338.8699951171875,336.1600036621094,338.760009765625,0,0.0,0.0
2006-05-05 00:00:00+02:00,339.0299987792969,342.1099853515625,338.9200134277344,342.1099853515625,0,0.0,0.0
2006-05-08 00:00:00+02:00,342.5799865722656,344.1300048828125,342.1199951171875,342.3699951171875,0,0.0,0.0
2006-05-09 00:00:00+02:00,342.6199951171875,343.8399963378906,341.75,343.8399963378906,0,0.0,0.0
2006-05-10 00:00:00+02:00,343.67999267578125,343.79998779296875,341.8800048828125,341.94000244140625,0,0.0,0.0
2006-05-11 00:00:00+02:00,342.0199890136719,344.3900146484375,340.7300109863281,340.7799987792969,0,0.0,0.0
2006-05-12 00:00:00+02:00,340.3599853515625,340.3599853515625,333.67999267578125,333.67999267578125,0,0.0,0.0
2006-05-15 00:00:00+02:00,333.30999755859375,333.30999755859375,328.79998779296875,328.79998779296875,0,0.0,0.0
2006-05-16 00:00:00+02:00,328.95001220703125,330.75,327.0799865722656,329.2900085449219,0,0.0,0.0
2006-05-17 00:00:00+02:00,329.54998779296875,329.54998779296875,320.0799865722656,320.0799865722656,0,0.0,0.0
2006-05-18 00:00:00+02:00,320.2200012207031,321.75,315.989990234375,318.6300048828125,0,0.0,0.0
2006-05-19 00:00:00+02:00,318.4599914550781,320.42999267578125,317.69000244140625,318.7699890136719,0,0.0,0.0
2006-05-22 00:00:00+02:00,318.3800048828125,318.3800048828125,308.82000732421875,309.6199951171875,0,0.0,0.0
2006-05-23 00:00:00+02:00,309.7099914550781,318.67999267578125,309.7099914550781,317.510009765625,0,0.0,0.0
2006-05-24 00:00:00+02:00,317.4100036621094,317.4100036621094,311.54998779296875,313.05999755859375,0,0.0,0.0
2006-05-25 00:00:00+02:00,313.30999755859375,316.9100036621094,311.8599853515625,316.9100036621094,0,0.0,0.0
2006-05-26 00:00:00+02:00,317.3999938964844,323.1700134277344,317.3999938964844,323.1700134277344,0,0.0,0.0
2006-05-29 00:00:00+02:00,323.1499938964844,323.3900146484375,322.6400146484375,322.9100036621094,0,0.0,0.0
2006-05-30 00:00:00+02:00,323.0400085449219,323.1400146484375,315.6199951171875,315.8500061035156,0,0.0,0.0
2006-05-31 00:00:00+02:00,315.1499938964844,319.4599914550781,311.70001220703125,318.8599853515625,0,0.0,0.0
2006-06-01 00:00:00+02:00,318.95001220703125,320.3599853515625,316.3399963378906,320.1000061035156,0,0.0,0.0
2006-06-02 00:00:00+02:00,320.4800109863281,323.6700134277344,320.0400085449219,320.9599914550781,0,0.0,0.0
2006-06-05 00:00:00+02:00,320.8900146484375,321.2900085449219,318.4200134277344,318.94000244140625,0,0.0,0.0
2006-06-06 00:00:00+02:00,318.79998779296875,318.79998779296875,311.92999267578125,312.57000732421875,0,0.0,0.0
2006-06-07 00:00:00+02:00,312.8399963378906,314.989990234375,310.95001220703125,314.260009765625,0,0.0,0.0
2006-06-08 00:00:00+02:00,313.2300109863281,313.2300109863281,305.8399963378906,305.8399963378906,0,0.0,0.0
2006-06-09 00:00:00+02:00,306.6099853515625,311.7300109863281,306.6099853515625,311.010009765625,0,0.0,0.0
2006-06-12 00:00:00+02:00,311.1000061035156,311.6700134277344,308.2699890136719,308.54998779296875,0,0.0,0.0
2006-06-13 00:00:00+02:00,308.1099853515625,308.1099853515625,299.80999755859375,301.6600036621094,0,0.0,0.0
2006-06-14 00:00:00+02:00,301.8699951171875,303.6499938964844,299.7099914550781,302.25,0,0.0,0.0
2006-06-15 00:00:00+02:00,302.6499938964844,310.0199890136719,302.6499938964844,309.6199951171875,0,0.0,0.0
2006-06-16 00:00:00+02:00,310.20001220703125,313.9700012207031,307.4100036621094,307.55999755859375,0,0.0,0.0
2006-06-19 00:00:00+02:00,308.19000244140625,311.8800048828125,308.19000244140625,309.7799987792969,0,0.0,0.0
2006-06-20 00:00:00+02:00,308.8800048828125,311.3999938964844,307.0899963378906,311.3999938964844,0,0.0,0.0
2006-06-21 00:00:00+02:00,311.6099853515625,312.2699890136719,308.2799987792969,311.4700012207031,0,0.0,0.0
2006-06-22 00:00:00+02:00,312.1099853515625,315.0299987792969,311.29998779296875,312.7200012207031,0,0.0,0.0
2006-06-23 00:00:00+02:00,312.7799987792969,314.1099853515625,311.7900085449219,313.1700134277344,0,0.0,0.0
2006-06-26 00:00:00+02:00,313.30999755859375,314.5400085449219,312.04998779296875,312.29998779296875,0,0.0,0.0
2006-06-27 00:00:00+02:00,312.8500061035156,314.2300109863281,310.1300048828125,310.19000244140625,0,0.0,0.0
2006-06-28 00:00:00+02:00,309.9100036621094,312.0199890136719,308.6199951171875,310.70001220703125,0,0.0,0.0
2006-06-29 00:00:00+02:00,311.3299865722656,316.2900085449219,311.3299865722656,316.2200012207031,0,0.0,0.0
2006-06-30 00:00:00+02:00,316.9700012207031,321.2900085449219,316.9700012207031,320.6600036621094,0,0.0,0.0
2006-07-03 00:00:00+02:00,320.7200012207031,322.20001220703125,320.2799987792969,322.20001220703125,0,0.0,0.0
2006-07-04 00:00:00+02:00,322.2200012207031,322.8699951171875,320.95001220703125,322.8699951171875,0,0.0,0.0
2006-07-05 00:00:00+02:00,322.2900085449219,322.2900085449219,318.2799987792969,318.9800109863281,0,0.0,0.0
2006-07-06 00:00:00+02:00,319.25,322.2099914550781,319.25,321.94000244140625,0,0.0,0.0
2006-07-07 00:00:00+02:00,321.75,322.3399963378906,319.4100036621094,321.3500061035156,0,0.0,0.0
2006-07-10 00:00:00+02:00,321.2099914550781,322.5400085449219,319.7200012207031,322.4100036621094,0,0.0,0.0
2006-07-11 00:00:00+02:00,321.9700012207031,321.9700012207031,318.8299865722656,319.45001220703125,0,0.0,0.0
2006-07-12 00:00:00+02:00,320.05999755859375,322.6600036621094,319.760009765625,320.29998779296875,0,0.0,0.0
2006-07-13 00:00:00+02:00,319.8299865722656,319.8299865722656,314.92999267578125,315.6400146484375,0,0.0,0.0
2006-07-14 00:00:00+02:00,314.8500061035156,315.0,311.67999267578125,311.67999267578125,0,0.0,0.0
2006-07-17 00:00:00+02:00,311.9200134277344,312.2699890136719,308.29998779296875,310.3999938964844,0,0.0,0.0
2006-07-18 00:00:00+02:00,310.1000061035156,311.510009765625,308.6000061035156,309.82000732421875,0,0.0,0.0
2006-07-19 00:00:00+02:00,310.07000732421875,316.79998779296875,310.07000732421875,316.79998779296875,0,0.0,0.0
2006-07-20 00:00:00+02:00,317.4200134277344,319.2900085449219,316.760009765625,317.5,0,0.0,0.0
2006-07-21 00:00:00+02:00,317.0199890136719,317.0199890136719,313.7099914550781,314.55999755859375,0,0.0,0.0
2006-07-24 00:00:00+02:00,314.6600036621094,320.42999267578125,314.6600036621094,320.4100036621094,0,0.0,0.0
2006-07-25 00:00:00+02:00,320.6000061035156,322.0899963378906,319.8599853515625,320.7799987792969,0,0.0,0.0
2006-07-26 00:00:00+02:00,320.9800109863281,322.3800048828125,320.9800109863281,322.1099853515625,0,0.0,0.0
2006-07-27 00:00:00+02:00,322.8299865722656,325.3699951171875,322.7799987792969,325.3699951171875,0,0.0,0.0
2006-07-28 00:00:00+02:00,324.7900085449219,327.3900146484375,323.9700012207031,327.32000732421875,0,0.0,0.0
2006-07-31 00:00:00+02:00,327.3599853515625,327.489990234375,325.94000244140625,326.0400085449219,0,0.0,0.0
2006-08-01 00:00:00+02:00,326.1000061035156,326.9599914550781,322.94000244140625,323.510009765625,0,0.0,0.0
2006-08-02 00:00:00+02:00,324.0400085449219,326.79998779296875,324.0400085449219,326.79998779296875,0,0.0,0.0
2006-08-03 00:00:00+02:00,326.8399963378906,327.2300109863281,322.9700012207031,324.1199951171875,0,0.0,0.0
2006-08-04 00:00:00+02:00,324.44000244140625,328.1099853515625,324.44000244140625,327.8699951171875,0,0.0,0.0
2006-08-07 00:00:00+02:00,327.3999938964844,327.3999938964844,324.1000061035156,324.2300109863281,0,0.0,0.0
2006-08-08 00:00:00+02:00,324.989990234375,326.32000732421875,323.82000732421875,324.44000244140625,0,0.0,0.0
2006-08-09 00:00:00+02:00,324.6400146484375,326.8699951171875,322.44000244140625,326.6099853515625,0,0.0,0.0
2006-08-10 00:00:00+02:00,325.6600036621094,325.6600036621094,320.739990234375,324.0400085449219,0,0.0,0.0
2006-08-11 00:00:00+02:00,324.2099914550781,325.79998779296875,323.32000732421875,324.45001220703125,0,0.0,0.0
2006-08-14 00:00:00+02:00,324.8699951171875,327.3599853515625,324.8699951171875,327.3599853515625,0,0.0,0.0
2006-08-15 00:00:00+02:00,327.0,330.4700012207031,326.3699951171875,330.1199951171875,0,0.0,0.0
2006-08-16 00:00:00+02:00,330.2099914550781,331.7900085449219,329.05999755859375,331.42999267578125,0,0.0,0.0
2006-08-17 00:00:00+02:00,331.44000244140625,332.4100036621094,330.8999938964844,331.8399963378906,0,0.0,0.0
2006-08-18 00:00:00+02:00,331.79998779296875,332.3399963378906,330.6499938964844,330.9800109863281,0,0.0,0.0
2006-08-21 00:00:00+02:00,331.1400146484375,331.75,329.6700134277344,330.69000244140625,0,0.0,0.0
2006-08-22 00:00:00+02:00,331.17999267578125,332.3399963378906,329.5299987792969,331.7300109863281,0,0.0,0.0
2006-08-23 00:00:00+02:00,331.7900085449219,331.9599914550781,329.69000244140625,330.1600036621094,0,0.0,0.0
2006-08-24 00:00:00+02:00,330.2099914550781,332.0299987792969,328.6499938964844,331.05999755859375,0,0.0,0.0
2006-08-25 00:00:00+02:00,331.260009765625,332.1400146484375,330.5400085449219,331.4100036621094,0,0.0,0.0
2006-08-28 00:00:00+02:00,331.3500061035156,332.9800109863281,330.260009765625,332.7900085449219,0,0.0,0.0
2006-08-29 00:00:00+02:00,333.19000244140625,334.989990234375,332.8399963378906,333.6000061035156,0,0.0,0.0
2006-08-30 00:00:00+02:00,333.8500061035156,336.19000244140625,333.8500061035156,335.510009765625,0,0.0,0.0
2006-08-31 00:00:00+02:00,335.739990234375,336.0899963378906,334.1199951171875,334.7300109863281,0,0.0,0.0
2006-09-01 00:00:00+02:00,334.8599853515625,337.42999267578125,334.8599853515625,336.42999267578125,0,0.0,0.0
2006-09-04 00:00:00+02:00,336.2900085449219,337.8599853515625,336.2900085449219,337.79998779296875,0,0.0,0.0
2006-09-05 00:00:00+02:00,337.80999755859375,337.8800048828125,335.5400085449219,336.6499938964844,0,0.0,0.0
2006-09-06 00:00:00+02:00,336.67999267578125,336.67999267578125,332.6600036621094,332.9800109863281,0,0.0,0.0
2006-09-07 00:00:00+02:00,332.6400146484375,332.6400146484375,329.42999267578125,329.8699951171875,0,0.0,0.0
2006-09-08 00:00:00+02:00,330.3299865722656,331.989990234375,330.3299865722656,331.2200012207031,0,0.0,0.0
2006-09-11 00:00:00+02:00,330.7799987792969,330.7799987792969,327.95001220703125,329.4100036621094,0,0.0,0.0
2006-09-12 00:00:00+02:00,329.6700134277344,333.760009765625,328.4599914550781,333.6400146484375,0,0.0,0.0
2006-09-13 00:00:00+02:00,333.94000244140625,335.05999755859375,333.6499938964844,334.6499938964844,0,0.0,0.0
2006-09-14 00:00:00+02:00,334.92999267578125,337.1199951171875,334.05999755859375,334.6600036621094,0,0.0,0.0
2006-09-15 00:00:00+02:00,334.7300109863281,336.55999755859375,334.260009765625,335.67999267578125,0,0.0,0.0
2006-09-18 00:00:00+02:00,335.94000244140625,336.8900146484375,334.82000732421875,335.79998779296875,0,0.0,0.0
2006-09-19 00:00:00+02:00,336.0199890136719,336.1700134277344,333.75,333.9700012207031,0,0.0,0.0
2006-09-20 00:00:00+02:00,334.1000061035156,337.8599853515625,333.7099914550781,337.5299987792969,0,0.0,0.0
2006-09-21 00:00:00+02:00,337.7099914550781,339.44000244140625,337.0,339.0,0,0.0,0.0
2006-09-22 00:00:00+02:00,337.7799987792969,337.7799987792969,334.489990234375,335.1099853515625,0,0.0,0.0
2006-09-25 00:00:00+02:00,335.5,336.989990234375,333.70001220703125,334.92999267578125,0,0.0,0.0
2006-09-26 00:00:00+02:00,335.70001220703125,339.80999755859375,335.70001220703125,339.5199890136719,0,0.0,0.0
2006-09-27 00:00:00+02:00,339.6600036621094,341.75,339.6600036621094,341.3800048828125,0,0.0,0.0
2006-09-28 00:00:00+02:00,340.9700012207031,342.2900085449219,340.6199951171875,341.6300048828125,0,0.0,0.0
2006-09-29 00:00:00+02:00,341.6400146484375,343.17999267578125,340.9700012207031,341.42999267578125,0,0.0,0.0
2006-10-02 00:00:00+02:00,341.92999267578125,342.8800048828125,340.6600036621094,341.3900146484375,0,0.0,0.0
2006-10-03 00:00:00+02:00,341.17999267578125,341.17999267578125,338.7900085449219,340.5199890136719,0,0.0,0.0
2006-10-04 00:00:00+02:00,340.5299987792969,343.04998779296875,340.3500061035156,343.010009765625,0,0.0,0.0
2006-10-05 00:00:00+02:00,343.5400085449219,345.7200012207031,343.5400085449219,344.989990234375,0,0.0,0.0
2006-10-06 00:00:00+02:00,344.8999938964844,345.6600036621094,344.3399963378906,345.54998779296875,0,0.0,0.0
2006-10-09 00:00:00+02:00,345.1000061035156,346.2300109863281,344.44000244140625,345.94000244140625,0,0.0,0.0
2006-10-10 00:00:00+02:00,346.5199890136719,348.3399963378906,346.4700012207031,348.260009765625,0,0.0,0.0
2006-10-11 00:00:00+02:00,347.739990234375,348.79998779296875,346.6000061035156,348.57000732421875,0,0.0,0.0
2006-10-12 00:00:00+02:00,348.8399963378906,351.4200134277344,348.7300109863281,351.4200134277344,0,0.0,0.0
2006-10-13 00:00:00+02:00,351.6600036621094,353.0899963378906,350.44000244140625,352.3800048828125,0,0.0,0.0
2006-10-16 00:00:00+02:00,352.3900146484375,353.3900146484375,351.9800109863281,353.0799865722656,0,0.0,0.0
2006-10-17 00:00:00+02:00,352.75,352.75,349.1099853515625,349.260009765625,0,0.0,0.0
2006-10-18 00:00:00+02:00,349.739990234375,353.55999755859375,349.739990234375,352.5899963378906,0,0.0,0.0
2006-10-19 00:00:00+02:00,352.2799987792969,353.55999755859375,350.739990234375,352.5799865722656,0,0.0,0.0
2006-10-20 00:00:00+02:00,352.6600036621094,354.82000732421875,352.6199951171875,353.6499938964844,0,0.0,0.0
2006-10-23 00:00:00+02:00,353.8399963378906,355.3500061035156,352.2900085449219,354.8399963378906,0,0.0,0.0
2006-10-24 00:00:00+02:00,354.7900085449219,355.2200012207031,354.07000732421875,354.8999938964844,0,0.0,0.0
2006-10-25 00:00:00+02:00,354.8900146484375,356.3500061035156,354.70001220703125,356.010009765625,0,0.0,0.0
2006-10-26 00:00:00+02:00,356.1199951171875,357.6300048828125,355.1499938964844,355.4599914550781,0,0.0,0.0
2006-10-27 00:00:00+02:00,355.7200012207031,356.5,353.19000244140625,354.54998779296875,0,0.0,0.0
2006-10-30 00:00:00+01:00,354.25,354.25,351.8900146484375,353.4100036621094,0,0.0,0.0
2006-10-31 00:00:00+01:00,353.2699890136719,354.510009765625,352.30999755859375,353.3399963378906,0,0.0,0.0
2006-11-01 00:00:00+01:00,353.4599914550781,355.8699951171875,353.4599914550781,354.6000061035156,0,0.0,0.0
2006-11-02 00:00:00+01:00,354.2099914550781,355.0199890136719,351.7300109863281,353.19000244140625,0,0.0,0.0
2006-11-03 00:00:00+01:00,353.3299865722656,355.5,353.1099853515625,354.3299865722656,0,0.0,0.0
2006-11-06 00:00:00+01:00,354.2900085449219,358.2699890136719,354.2900085449219,358.2699890136719,0,0.0,0.0
2006-11-07 00:00:00+01:00,358.44000244140625,359.9800109863281,358.3999938964844,359.8399963378906,0,0.0,0.0
2006-11-08 00:00:00+01:00,359.32000732421875,359.75,357.7799987792969,359.55999755859375,0,0.0,0.0
2006-11-09 00:00:00+01:00,359.55999755859375,360.4599914550781,357.9800109863281,358.9200134277344,0,0.0,0.0
2006-11-10 00:00:00+01:00,358.54998779296875,359.17999267578125,357.1400146484375,358.4700012207031,0,0.0,0.0
2006-11-13 00:00:00+01:00,358.45001220703125,360.1600036621094,357.8900146484375,359.2200012207031,0,0.0,0.0
2006-11-14 00:00:00+01:00,359.1199951171875,360.20001220703125,357.3900146484375,358.2300109863281,0,0.0,0.0
2006-11-15 00:00:00+01:00,358.4200134277344,360.239990234375,358.4200134277344,360.239990234375,0,0.0,0.0
2006-11-16 00:00:00+01:00,360.05999755859375,361.2099914550781,359.3500061035156,361.0400085449219,0,0.0,0.0
2006-11-17 00:00:00+01:00,360.7300109863281,360.7300109863281,357.260009765625,358.25,0,0.0,0.0
2006-11-20 00:00:00+01:00,357.9800109863281,359.9700012207031,355.760009765625,359.4800109863281,0,0.0,0.0
2006-11-21 00:00:00+01:00,359.3999938964844,361.07000732421875,359.2099914550781,359.9800109863281,0,0.0,0.0
2006-11-22 00:00:00+01:00,360.45001220703125,362.0400085449219,358.8800048828125,359.54998779296875,0,0.0,0.0
2006-11-23 00:00:00+01:00,359.8299865722656,360.3800048828125,357.6700134277344,358.69000244140625,0,0.0,0.0
2006-11-24 00:00:00+01:00,358.25,358.3999938964844,353.95001220703125,355.9800109863281,0,0.0,0.0
2006-11-27 00:00:00+01:00,355.75,356.2900085449219,350.6000061035156,350.6000061035156,0,0.0,0.0
2006-11-28 00:00:00+01:00,350.6700134277344,351.0,348.30999755859375,349.5400085449219,0,0.0,0.0
2006-11-29 00:00:00+01:00,350.44000244140625,354.4100036621094,350.44000244140625,354.2300109863281,0,0.0,0.0
2006-11-30 00:00:00+01:00,354.44000244140625,355.2200012207031,351.760009765625,351.7799987792969,0,0.0,0.0
2006-12-01 00:00:00+01:00,352.3999938964844,354.3599853515625,347.8500061035156,349.30999755859375,0,0.0,0.0
2006-12-04 00:00:00+01:00,349.6099853515625,351.70001220703125,349.1499938964844,351.5899963378906,0,0.0,0.0
2006-12-05 00:00:00+01:00,351.75,354.489990234375,351.3999938964844,353.9100036621094,0,0.0,0.0
2006-12-06 00:00:00+01:00,353.8500061035156,354.80999755859375,352.7300109863281,354.0299987792969,0,0.0,0.0
2006-12-07 00:00:00+01:00,353.6700134277344,357.07000732421875,353.45001220703125,356.0299987792969,0,0.0,0.0
2006-12-08 00:00:00+01:00,355.55999755859375,356.3699951171875,353.8599853515625,356.3399963378906,0,0.0,0.0
2006-12-11 00:00:00+01:00,356.94000244140625,359.1000061035156,356.94000244140625,358.42999267578125,0,0.0,0.0
2006-12-12 00:00:00+01:00,358.44000244140625,359.7900085449219,357.95001220703125,359.70001220703125,0,0.0,0.0
2006-12-13 00:00:00+01:00,359.6700134277344,362.0899963378906,359.19000244140625,361.989990234375,0,0.0,0.0
2006-12-14 00:00:00+01:00,362.3900146484375,364.17999267578125,362.3900146484375,364.17999267578125,0,0.0,0.0
2006-12-15 00:00:00+01:00,364.32000732421875,366.6000061035156,364.32000732421875,366.1600036621094,0,0.0,0.0
2006-12-18 00:00:00+01:00,366.3699951171875,366.8399963378906,365.75,365.94000244140625,0,0.0,0.0
2006-12-19 00:00:00+01:00,365.3699951171875,365.3699951171875,362.5899963378906,363.489990234375,0,0.0,0.0
2006-12-20 00:00:00+01:00,364.29998779296875,365.79998779296875,364.29998779296875,364.55999755859375,0,0.0,0.0
2006-12-21 00:00:00+01:00,364.20001220703125,365.1099853515625,363.4800109863281,364.1499938964844,0,0.0,0.0
2006-12-22 00:00:00+01:00,363.82000732421875,363.82000732421875,362.3800048828125,362.45001220703125,0,0.0,0.0
2006-12-27 00:00:00+01:00,362.7300109863281,366.1700134277344,362.7300109863281,366.1700134277344,0,0.0,0.0
2006-12-28 00:00:00+01:00,366.3399963378906,366.75,365.6300048828125,366.32000732421875,0,0.0,0.0
2006-12-29 00:00:00+01:00,366.2699890136719,366.70001220703125,365.20001220703125,365.260009765625,0,0.0,0.0
2007-01-03 00:00:00+01:00,369.7900085449219,370.2900085449219,368.82000732421875,369.8399963378906,0,0.0,0.0
2007-01-04 00:00:00+01:00,369.6199951171875,369.6199951171875,367.04998779296875,368.760009765625,0,0.0,0.0
2007-01-05 00:00:00+01:00,368.3599853515625,368.3599853515625,365.69000244140625,365.69000244140625,0,0.0,0.0
2007-01-08 00:00:00+01:00,366.0400085449219,367.2200012207031,364.82000732421875,365.3800048828125,0,0.0,0.0
2007-01-09 00:00:00+01:00,365.7900085449219,367.760009765625,365.7900085449219,366.2099914550781,0,0.0,0.0
2007-01-10 00:00:00+01:00,365.8699951171875,365.8699951171875,362.4800109863281,363.8399963378906,0,0.0,0.0
2007-01-11 00:00:00+01:00,363.9800109863281,370.1000061035156,363.9800109863281,370.1000061035156,0,0.0,0.0
2007-01-12 00:00:00+01:00,370.1600036621094,371.8599853515625,369.4700012207031,371.8599853515625,0,0.0,0.0
2007-01-15 00:00:00+01:00,372.0899963378906,374.6199951171875,372.0899963378906,374.1600036621094,0,0.0,0.0
2007-01-16 00:00:00+01:00,373.95001220703125,374.29998779296875,371.8599853515625,372.0199890136719,0,0.0,0.0
2007-01-17 00:00:00+01:00,372.3699951171875,373.2200012207031,370.2900085449219,371.7300109863281,0,0.0,0.0
2007-01-18 00:00:00+01:00,371.9800109863281,374.0,370.9100036621094,371.5799865722656,0,0.0,0.0
2007-01-19 00:00:00+01:00,371.25,374.3500061035156,369.7900085449219,374.2300109863281,0,0.0,0.0
2007-01-22 00:00:00+01:00,374.04998779296875,375.7200012207031,372.6700134277344,372.79998779296875,0,0.0,0.0
2007-01-23 00:00:00+01:00,373.1400146484375,373.7300109863281,370.8900146484375,372.6099853515625,0,0.0,0.0
2007-01-24 00:00:00+01:00,372.3999938964844,376.4700012207031,372.3999938964844,376.0199890136719,0,0.0,0.0
2007-01-25 00:00:00+01:00,376.239990234375,377.6099853515625,374.2200012207031,374.8699951171875,0,0.0,0.0
2007-01-26 00:00:00+01:00,374.45001220703125,374.45001220703125,371.80999755859375,372.3800048828125,0,0.0,0.0
2007-01-29 00:00:00+01:00,372.32000732421875,373.8900146484375,371.75,373.3399963378906,0,0.0,0.0
2007-01-30 00:00:00+01:00,373.5,374.8399963378906,372.6600036621094,374.6000061035156,0,0.0,0.0
2007-01-31 00:00:00+01:00,374.2200012207031,374.7300109863281,372.4100036621094,372.7200012207031,0,0.0,0.0
2007-02-01 00:00:00+01:00,373.6300048828125,378.0899963378906,373.6300048828125,376.95001220703125,0,0.0,0.0
2007-02-02 00:00:00+01:00,376.7699890136719,379.4700012207031,376.7699890136719,378.9800109863281,0,0.0,0.0
2007-02-05 00:00:00+01:00,378.989990234375,379.510009765625,378.20001220703125,379.2300109863281,0,0.0,0.0
2007-02-06 00:00:00+01:00,379.3699951171875,381.82000732421875,379.3699951171875,380.5400085449219,0,0.0,0.0
2007-02-07 00:00:00+01:00,380.54998779296875,381.8699951171875,380.54998779296875,381.6199951171875,0,0.0,0.0
2007-02-08 00:00:00+01:00,381.510009765625,381.6199951171875,377.6499938964844,378.29998779296875,0,0.0,0.0
2007-02-09 00:00:00+01:00,378.32000732421875,380.6700134277344,378.32000732421875,380.239990234375,0,0.0,0.0
2007-02-12 00:00:00+01:00,380.0400085449219,380.0400085449219,377.3599853515625,378.05999755859375,0,0.0,0.0
2007-02-13 00:00:00+01:00,378.05999755859375,379.2699890136719,377.57000732421875,378.7200012207031,0,0.0,0.0
2007-02-14 00:00:00+01:00,379.0299987792969,381.70001220703125,379.0299987792969,381.70001220703125,0,0.0,0.0
2007-02-15 00:00:00+01:00,381.9200134277344,382.29998779296875,380.30999755859375,381.2900085449219,0,0.0,0.0
2007-02-16 00:00:00+01:00,381.1199951171875,381.2300109863281,380.07000732421875,380.80999755859375,0,0.0,0.0
2007-02-19 00:00:00+01:00,380.82000732421875,382.8500061035156,380.82000732421875,382.19000244140625,0,0.0,0.0
2007-02-20 00:00:00+01:00,382.1099853515625,382.42999267578125,379.3599853515625,380.989990234375,0,0.0,0.0
2007-02-21 00:00:00+01:00,381.3299865722656,382.3800048828125,377.9599914550781,378.4599914550781,0,0.0,0.0
2007-02-22 00:00:00+01:00,379.1499938964844,381.3900146484375,379.1499938964844,379.70001220703125,0,0.0,0.0
2007-02-23 00:00:00+01:00,380.19000244140625,380.9800109863281,378.80999755859375,380.5299987792969,0,0.0,0.0
2007-02-26 00:00:00+01:00,380.67999267578125,382.6400146484375,380.67999267578125,382.1700134277344,0,0.0,0.0
2007-02-27 00:00:00+01:00,381.55999755859375,381.55999755859375,370.25,370.55999755859375,0,0.0,0.0
2007-02-28 00:00:00+01:00,369.79998779296875,369.79998779296875,362.29998779296875,365.0299987792969,0,0.0,0.0
2007-03-01 00:00:00+01:00,364.94000244140625,368.3500061035156,356.45001220703125,361.7900085449219,0,0.0,0.0
2007-03-02 00:00:00+01:00,362.2099914550781,364.7099914550781,358.0799865722656,360.6700134277344,0,0.0,0.0
2007-03-05 00:00:00+01:00,359.3299865722656,359.3299865722656,351.3500061035156,356.3999938964844,0,0.0,0.0
2007-03-06 00:00:00+01:00,357.1099853515625,360.05999755859375,357.1099853515625,359.69000244140625,0,0.0,0.0
2007-03-07 00:00:00+01:00,359.94000244140625,362.2799987792969,359.2900085449219,361.6499938964844,0,0.0,0.0
2007-03-08 00:00:00+01:00,362.04998779296875,366.5799865722656,362.04998779296875,366.5400085449219,0,0.0,0.0
2007-03-09 00:00:00+01:00,366.2300109863281,368.2900085449219,363.7099914550781,367.3500061035156,0,0.0,0.0
2007-03-12 00:00:00+01:00,367.67999267578125,369.8999938964844,364.760009765625,365.489990234375,0,0.0,0.0
2007-03-13 00:00:00+01:00,365.69000244140625,366.1099853515625,361.55999755859375,361.55999755859375,0,0.0,0.0
2007-03-14 00:00:00+01:00,360.739990234375,360.739990234375,351.92999267578125,351.92999267578125,0,0.0,0.0
2007-03-15 00:00:00+01:00,352.6700134277344,359.0299987792969,352.6700134277344,359.0199890136719,0,0.0,0.0
2007-03-16 00:00:00+01:00,358.5299987792969,360.67999267578125,357.0299987792969,359.05999755859375,0,0.0,0.0
2007-03-19 00:00:00+01:00,359.8599853515625,364.5199890136719,359.8599853515625,364.4200134277344,0,0.0,0.0
2007-03-20 00:00:00+01:00,364.5,367.2300109863281,363.3800048828125,367.2300109863281,0,0.0,0.0
2007-03-21 00:00:00+01:00,367.1099853515625,369.7900085449219,366.9800109863281,368.75,0,0.0,0.0
2007-03-22 00:00:00+01:00,369.20001220703125,374.7300109863281,369.20001220703125,374.20001220703125,0,0.0,0.0
2007-03-23 00:00:00+01:00,374.2200012207031,376.1199951171875,373.1400146484375,375.9800109863281,0,0.0,0.0
2007-03-26 00:00:00+02:00,376.25,376.69000244140625,371.67999267578125,372.8500061035156,0,0.0,0.0
2007-03-27 00:00:00+02:00,373.29998779296875,375.30999755859375,372.1000061035156,372.4599914550781,0,0.0,0.0
2007-03-28 00:00:00+02:00,371.9200134277344,371.9200134277344,368.9800109863281,370.1000061035156,0,0.0,0.0
2007-03-29 00:00:00+02:00,370.9200134277344,374.3599853515625,370.9200134277344,374.2900085449219,0,0.0,0.0
2007-03-30 00:00:00+02:00,374.1499938964844,375.7699890136719,372.739990234375,374.2200012207031,0,0.0,0.0
2007-04-02 00:00:00+02:00,374.32000732421875,375.9200134277344,373.2900085449219,375.5299987792969,0,0.0,0.0
2007-04-03 00:00:00+02:00,376.1300048828125,379.489990234375,376.1300048828125,379.489990234375,0,0.0,0.0
2007-04-04 00:00:00+02:00,379.989990234375,380.4599914550781,378.6600036621094,379.989990234375,0,0.0,0.0
2007-04-05 00:00:00+02:00,379.94000244140625,380.4200134277344,379.2699890136719,380.260009765625,0,0.0,0.0
2007-04-10 00:00:00+02:00,380.3699951171875,383.0799865722656,380.1099853515625,382.510009765625,0,0.0,0.0
2007-04-11 00:00:00+02:00,383.0,384.4700012207031,381.5,382.19000244140625,0,0.0,0.0
2007-04-12 00:00:00+02:00,381.4700012207031,381.4700012207031,378.5400085449219,380.7900085449219,0,0.0,0.0
2007-04-13 00:00:00+02:00,381.19000244140625,383.3299865722656,381.19000244140625,383.3299865722656,0,0.0,0.0
2007-04-16 00:00:00+02:00,383.8800048828125,387.7200012207031,383.8800048828125,387.7200012207031,0,0.0,0.0
2007-04-17 00:00:00+02:00,387.6400146484375,388.32000732421875,385.5400085449219,387.8599853515625,0,0.0,0.0
2007-04-18 00:00:00+02:00,387.6300048828125,387.6300048828125,384.70001220703125,385.8800048828125,0,0.0,0.0
2007-04-19 00:00:00+02:00,384.5799865722656,384.5799865722656,380.7699890136719,384.3900146484375,0,0.0,0.0
2007-04-20 00:00:00+02:00,384.9599914550781,390.0299987792969,384.9599914550781,389.2699890136719,0,0.0,0.0
2007-04-23 00:00:00+02:00,389.19000244140625,390.17999267578125,388.1199951171875,388.8500061035156,0,0.0,0.0
2007-04-24 00:00:00+02:00,388.67999267578125,388.8599853515625,383.9599914550781,385.3800048828125,0,0.0,0.0
2007-04-25 00:00:00+02:00,385.7099914550781,388.489990234375,385.7099914550781,387.79998779296875,0,0.0,0.0
2007-04-26 00:00:00+02:00,388.6600036621094,390.6400146484375,387.0400085449219,388.3999938964844,0,0.0,0.0
2007-04-27 00:00:00+02:00,387.9700012207031,388.0899963378906,385.17999267578125,386.1000061035156,0,0.0,0.0
2007-04-30 00:00:00+02:00,385.8900146484375,388.2200012207031,385.5,386.92999267578125,0,0.0,0.0
2007-05-02 00:00:00+02:00,386.9800109863281,389.0299987792969,386.7900085449219,388.6400146484375,0,0.0,0.0
2007-05-03 00:00:00+02:00,389.2099914550781,390.1000061035156,387.0799865722656,389.7200012207031,0,0.0,0.0
2007-05-04 00:00:00+02:00,389.80999755859375,393.1099853515625,389.5400085449219,392.7300109863281,0,0.0,0.0
2007-05-07 00:00:00+02:00,392.8800048828125,393.4100036621094,392.3500061035156,392.8800048828125,0,0.0,0.0
2007-05-08 00:00:00+02:00,392.6000061035156,392.6300048828125,388.8900146484375,389.7900085449219,0,0.0,0.0
2007-05-09 00:00:00+02:00,390.0199890136719,392.0400085449219,388.8999938964844,390.5799865722656,0,0.0,0.0
2007-05-10 00:00:00+02:00,390.44000244140625,390.7900085449219,387.5400085449219,387.7200012207031,0,0.0,0.0
2007-05-11 00:00:00+02:00,387.0299987792969,390.07000732421875,383.1199951171875,389.7799987792969,0,0.0,0.0
2007-05-14 00:00:00+02:00,390.19000244140625,391.4100036621094,388.010009765625,388.9599914550781,0,0.0,0.0
2007-05-15 00:00:00+02:00,388.4700012207031,390.70001220703125,387.3500061035156,390.2099914550781,0,0.0,0.0
2007-05-16 00:00:00+02:00,389.95001220703125,390.5899963378906,388.489990234375,389.4700012207031,0,0.0,0.0
2007-05-18 00:00:00+02:00,390.4200134277344,394.3900146484375,390.3800048828125,393.95001220703125,0,0.0,0.0
2007-05-21 00:00:00+02:00,393.9200134277344,395.2799987792969,392.4200134277344,393.3599853515625,0,0.0,0.0
2007-05-22 00:00:00+02:00,393.5,394.6199951171875,392.8399963378906,393.3900146484375,0,0.0,0.0
2007-05-23 00:00:00+02:00,393.7200012207031,396.6099853515625,393.3999938964844,396.3900146484375,0,0.0,0.0
2007-05-24 00:00:00+02:00,395.7300109863281,396.7900085449219,393.1700134277344,393.54998779296875,0,0.0,0.0
2007-05-25 00:00:00+02:00,393.010009765625,393.69000244140625,391.42999267578125,393.4800109863281,0,0.0,0.0
2007-05-29 00:00:00+02:00,394.3699951171875,395.1700134277344,393.80999755859375,394.3900146484375,0,0.0,0.0
2007-05-30 00:00:00+02:00,393.55999755859375,393.69000244140625,390.4100036621094,393.6499938964844,0,0.0,0.0
2007-05-31 00:00:00+02:00,394.30999755859375,397.57000732421875,394.30999755859375,396.739990234375,0,0.0,0.0
2007-06-01 00:00:00+02:00,397.0400085449219,400.54998779296875,397.0299987792969,400.30999755859375,0,0.0,0.0
2007-06-04 00:00:00+02:00,400.1300048828125,400.7300109863281,397.7699890136719,399.0199890136719,0,0.0,0.0
2007-06-05 00:00:00+02:00,399.17999267578125,400.010009765625,396.260009765625,396.6099853515625,0,0.0,0.0
2007-06-06 00:00:00+02:00,396.54998779296875,396.7099914550781,389.6400146484375,390.07000732421875,0,0.0,0.0
2007-06-07 00:00:00+02:00,390.7699890136719,392.29998779296875,384.54998779296875,385.4599914550781,0,0.0,0.0
2007-06-08 00:00:00+02:00,384.9700012207031,386.1700134277344,381.260009765625,385.0899963378906,0,0.0,0.0
2007-06-11 00:00:00+02:00,385.92999267578125,388.8800048828125,385.92999267578125,388.8800048828125,0,0.0,0.0
2007-06-12 00:00:00+02:00,388.9599914550781,389.8800048828125,385.92999267578125,386.79998779296875,0,0.0,0.0
2007-06-13 00:00:00+02:00,386.4200134277344,388.67999267578125,384.1700134277344,388.2200012207031,0,0.0,0.0
2007-06-14 00:00:00+02:00,389.239990234375,394.2900085449219,389.239990234375,394.2900085449219,0,0.0,0.0
2007-06-15 00:00:00+02:00,394.6700134277344,399.7300109863281,394.6700134277344,399.2699890136719,0,0.0,0.0
2007-06-18 00:00:00+02:00,399.5199890136719,400.489990234375,397.07000732421875,397.8699951171875,0,0.0,0.0
2007-06-19 00:00:00+02:00,397.8999938964844,399.0199890136719,396.2099914550781,396.4200134277344,0,0.0,0.0
2007-06-20 00:00:00+02:00,397.0299987792969,399.8399963378906,397.0299987792969,397.8500061035156,0,0.0,0.0
2007-06-21 00:00:00+02:00,397.0199890136719,397.0199890136719,391.6499938964844,393.70001220703125,0,0.0,0.0
2007-06-22 00:00:00+02:00,394.1000061035156,395.010009765625,392.05999755859375,392.42999267578125,0,0.0,0.0
2007-06-25 00:00:00+02:00,391.2699890136719,392.2699890136719,388.57000732421875,391.94000244140625,0,0.0,0.0
2007-06-26 00:00:00+02:00,390.9800109863281,391.32000732421875,388.3500061035156,389.5199890136719,0,0.0,0.0
2007-06-27 00:00:00+02:00,388.5,388.5,385.6099853515625,387.69000244140625,0,0.0,0.0
2007-06-28 00:00:00+02:00,389.17999267578125,391.6000061035156,389.17999267578125,391.6000061035156,0,0.0,0.0
2007-06-29 00:00:00+02:00,392.2900085449219,393.7099914550781,389.5,393.7099914550781,0,0.0,0.0
2007-07-02 00:00:00+02:00,392.5899963378906,393.20001220703125,391.05999755859375,392.2300109863281,0,0.0,0.0
2007-07-03 00:00:00+02:00,393.3399963378906,396.1199951171875,393.3399963378906,395.7099914550781,0,0.0,0.0
2007-07-04 00:00:00+02:00,395.92999267578125,397.79998779296875,395.92999267578125,397.5,0,0.0,0.0
2007-07-05 00:00:00+02:00,398.2300109863281,398.6600036621094,394.6000061035156,394.92999267578125,0,0.0,0.0
2007-07-06 00:00:00+02:00,395.07000732421875,397.2699890136719,394.7699890136719,397.2699890136719,0,0.0,0.0
2007-07-09 00:00:00+02:00,397.7200012207031,399.5299987792969,397.7200012207031,398.5199890136719,0,0.0,0.0
2007-07-10 00:00:00+02:00,398.7799987792969,399.8699951171875,393.1199951171875,394.0199890136719,0,0.0,0.0
2007-07-11 00:00:00+02:00,392.75,393.260009765625,389.7099914550781,392.7200012207031,0,0.0,0.0
2007-07-12 00:00:00+02:00,393.25,397.3399963378906,391.7099914550781,397.3399963378906,0,0.0,0.0
2007-07-13 00:00:00+02:00,398.69000244140625,400.989990234375,398.32000732421875,399.0199890136719,0,0.0,0.0
2007-07-16 00:00:00+02:00,399.3800048828125,400.75,398.6099853515625,399.7099914550781,0,0.0,0.0
2007-07-17 00:00:00+02:00,399.6499938964844,399.6499938964844,396.54998779296875,397.7900085449219,0,0.0,0.0
2007-07-18 00:00:00+02:00,396.3999938964844,396.4800109863281,393.1400146484375,393.1400146484375,0,0.0,0.0
2007-07-19 00:00:00+02:00,394.5,398.1099853515625,394.5,396.94000244140625,0,0.0,0.0
2007-07-20 00:00:00+02:00,396.8599853515625,398.3399963378906,392.5899963378906,392.5899963378906,0,0.0,0.0
2007-07-23 00:00:00+02:00,392.6700134277344,395.010009765625,391.8299865722656,394.989990234375,0,0.0,0.0
2007-07-24 00:00:00+02:00,394.989990234375,395.29998779296875,388.94000244140625,388.94000244140625,0,0.0,0.0
2007-07-25 00:00:00+02:00,388.04998779296875,389.57000732421875,384.55999755859375,385.5,0,0.0,0.0
2007-07-26 00:00:00+02:00,386.1600036621094,387.2200012207031,374.55999755859375,374.55999755859375,0,0.0,0.0
2007-07-27 00:00:00+02:00,372.9100036621094,377.19000244140625,370.54998779296875,372.69000244140625,0,0.0,0.0
2007-07-30 00:00:00+02:00,372.6400146484375,374.4200134277344,370.5,372.0299987792969,0,0.0,0.0
2007-07-31 00:00:00+02:00,373.5799865722656,380.2799987792969,373.5799865722656,380.07000732421875,0,0.0,0.0
2007-08-02 00:00:00+02:00,375.75,378.4599914550781,375.4599914550781,376.92999267578125,0,0.0,0.0
2007-08-03 00:00:00+02:00,377.3800048828125,378.20001220703125,371.3699951171875,372.0299987792969,0,0.0,0.0
2007-08-06 00:00:00+02:00,370.19000244140625,370.80999755859375,367.9100036621094,368.6400146484375,0,0.0,0.0
2007-08-07 00:00:00+02:00,370.1499938964844,373.6199951171875,370.1499938964844,373.6199951171875,0,0.0,0.0
2007-08-08 00:00:00+02:00,374.9599914550781,381.7099914550781,374.9599914550781,381.04998779296875,0,0.0,0.0
2007-08-09 00:00:00+02:00,380.6099853515625,380.6099853515625,371.6099853515625,374.2699890136719,0,0.0,0.0
2007-08-10 00:00:00+02:00,371.7200012207031,371.7200012207031,361.44000244140625,362.7699890136719,0,0.0,0.0
2007-08-13 00:00:00+02:00,364.5799865722656,371.32000732421875,364.5799865722656,370.9100036621094,0,0.0,0.0
2007-08-14 00:00:00+02:00,369.9200134277344,371.55999755859375,365.75,366.3399963378906,0,0.0,0.0
2007-08-15 00:00:00+02:00,364.79998779296875,365.9800109863281,361.510009765625,365.3599853515625,0,0.0,0.0
2007-08-16 00:00:00+02:00,362.07000732421875,362.07000732421875,352.3699951171875,352.3699951171875,0,0.0,0.0
2007-08-17 00:00:00+02:00,351.67999267578125,364.80999755859375,348.8999938964844,359.9800109863281,0,0.0,0.0
2007-08-20 00:00:00+02:00,361.1099853515625,365.7300109863281,361.1099853515625,362.3299865722656,0,0.0,0.0
2007-08-21 00:00:00+02:00,362.7900085449219,363.8699951171875,358.9100036621094,362.3900146484375,0,0.0,0.0
2007-08-22 00:00:00+02:00,363.0199890136719,369.0899963378906,363.0199890136719,368.6199951171875,0,0.0,0.0
2007-08-23 00:00:00+02:00,370.4100036621094,373.3699951171875,369.3299865722656,369.3299865722656,0,0.0,0.0
2007-08-24 00:00:00+02:00,368.489990234375,370.95001220703125,367.5,370.5199890136719,0,0.0,0.0
2007-08-27 00:00:00+02:00,371.1000061035156,371.9800109863281,370.8500061035156,371.0899963378906,0,0.0,0.0
2007-08-28 00:00:00+02:00,370.4599914550781,370.4599914550781,364.1199951171875,364.6600036621094,0,0.0,0.0
2007-08-29 00:00:00+02:00,363.5199890136719,366.9100036621094,361.42999267578125,366.80999755859375,0,0.0,0.0
2007-08-30 00:00:00+02:00,368.32000732421875,371.3800048828125,366.07000732421875,370.989990234375,0,0.0,0.0
2007-08-31 00:00:00+02:00,371.8299865722656,376.3900146484375,371.4599914550781,375.94000244140625,0,0.0,0.0
2007-09-03 00:00:00+02:00,376.30999755859375,377.54998779296875,375.8900146484375,376.989990234375,0,0.0,0.0
2007-09-04 00:00:00+02:00,376.6400146484375,379.5899963378906,374.4599914550781,379.4700012207031,0,0.0,0.0
2007-09-05 00:00:00+02:00,379.0299987792969,379.1499938964844,372.6199951171875,372.6600036621094,0,0.0,0.0
2007-09-06 00:00:00+02:00,373.9100036621094,375.8900146484375,369.5,373.8399963378906,0,0.0,0.0
2007-09-07 00:00:00+02:00,373.6199951171875,375.0400085449219,365.17999267578125,365.5799865722656,0,0.0,0.0
2007-09-10 00:00:00+02:00,365.739990234375,367.29998779296875,361.8999938964844,362.2300109863281,0,0.0,0.0
2007-09-11 00:00:00+02:00,363.6199951171875,368.7799987792969,363.6199951171875,368.4100036621094,0,0.0,0.0
2007-09-12 00:00:00+02:00,368.2300109863281,369.5799865722656,365.92999267578125,369.2300109863281,0,0.0,0.0
2007-09-13 00:00:00+02:00,368.5899963378906,372.5899963378906,366.75,372.2099914550781,0,0.0,0.0
2007-09-14 00:00:00+02:00,370.9700012207031,370.9700012207031,365.1499938964844,367.75,0,0.0,0.0
2007-09-17 00:00:00+02:00,366.79998779296875,366.79998779296875,360.760009765625,362.17999267578125,0,0.0,0.0
2007-09-18 00:00:00+02:00,361.6300048828125,368.1499938964844,361.0,367.6700134277344,0,0.0,0.0
2007-09-19 00:00:00+02:00,371.25,378.92999267578125,371.25,377.5299987792969,0,0.0,0.0
2007-09-20 00:00:00+02:00,376.3500061035156,376.3500061035156,373.7099914550781,374.95001220703125,0,0.0,0.0
2007-09-21 00:00:00+02:00,374.0299987792969,377.6400146484375,373.69000244140625,376.739990234375,0,0.0,0.0
2007-09-24 00:00:00+02:00,376.69000244140625,378.0,375.9100036621094,376.54998779296875,0,0.0,0.0
2007-09-25 00:00:00+02:00,375.4200134277344,375.4200134277344,370.45001220703125,372.3999938964844,0,0.0,0.0
2007-09-26 00:00:00+02:00,373.260009765625,376.4200134277344,373.260009765625,375.0299987792969,0,0.0,0.0
2007-09-27 00:00:00+02:00,376.3999938964844,378.80999755859375,376.3999938964844,377.9599914550781,0,0.0,0.0
2007-09-28 00:00:00+02:00,377.7699890136719,378.57000732421875,375.0899963378906,377.8599853515625,0,0.0,0.0
2007-10-01 00:00:00+02:00,377.29998779296875,380.94000244140625,375.8900146484375,380.8599853515625,0,0.0,0.0
2007-10-02 00:00:00+02:00,381.82000732421875,384.5400085449219,381.82000732421875,382.7799987792969,0,0.0,0.0
2007-10-03 00:00:00+02:00,382.8699951171875,383.7799987792969,381.8500061035156,383.5899963378906,0,0.0,0.0
2007-10-04 00:00:00+02:00,383.17999267578125,385.55999755859375,381.8299865722656,384.17999267578125,0,0.0,0.0
2007-10-05 00:00:00+02:00,384.3599853515625,387.6499938964844,384.1300048828125,386.92999267578125,0,0.0,0.0
2007-10-08 00:00:00+02:00,387.489990234375,387.7300109863281,385.8599853515625,385.8599853515625,0,0.0,0.0
2007-10-09 00:00:00+02:00,385.7300109863281,388.1700134277344,384.8999938964844,387.8399963378906,0,0.0,0.0
2007-10-10 00:00:00+02:00,388.1499938964844,388.489990234375,386.6700134277344,388.2300109863281,0,0.0,0.0
2007-10-11 00:00:00+02:00,387.8500061035156,391.29998779296875,387.8500061035156,390.42999267578125,0,0.0,0.0
2007-10-12 00:00:00+02:00,389.0299987792969,390.6300048828125,386.010009765625,390.6300048828125,0,0.0,0.0
2007-10-15 00:00:00+02:00,390.5400085449219,390.9599914550781,386.4599914550781,386.95001220703125,0,0.0,0.0
2007-10-16 00:00:00+02:00,386.2200012207031,386.2200012207031,382.739990234375,384.0299987792969,0,0.0,0.0
2007-10-17 00:00:00+02:00,383.54998779296875,387.69000244140625,383.0,386.6199951171875,0,0.0,0.0
2007-10-18 00:00:00+02:00,386.82000732421875,388.1300048828125,382.510009765625,383.3599853515625,0,0.0,0.0
2007-10-19 00:00:00+02:00,382.5899963378906,384.0,380.55999755859375,380.8800048828125,0,0.0,0.0
2007-10-22 00:00:00+02:00,380.1000061035156,380.1000061035156,373.8399963378906,375.82000732421875,0,0.0,0.0
2007-10-23 00:00:00+02:00,375.8699951171875,381.3900146484375,375.8699951171875,379.7799987792969,0,0.0,0.0
2007-10-24 00:00:00+02:00,379.8900146484375,381.04998779296875,376.760009765625,377.45001220703125,0,0.0,0.0
2007-10-25 00:00:00+02:00,378.6199951171875,382.6499938964844,378.6199951171875,381.8299865722656,0,0.0,0.0
2007-10-26 00:00:00+02:00,381.9700012207031,384.7200012207031,380.5799865722656,383.95001220703125,0,0.0,0.0
2007-10-29 00:00:00+01:00,384.54998779296875,386.92999267578125,384.54998779296875,386.6000061035156,0,0.0,0.0
2007-10-30 00:00:00+01:00,386.2699890136719,386.2699890136719,384.489990234375,384.8999938964844,0,0.0,0.0
2007-10-31 00:00:00+01:00,385.04998779296875,388.42999267578125,384.42999267578125,388.42999267578125,0,0.0,0.0
2007-11-01 00:00:00+01:00,388.6700134277344,389.2900085449219,380.8599853515625,382.57000732421875,0,0.0,0.0
2007-11-02 00:00:00+01:00,381.4599914550781,381.4599914550781,378.20001220703125,379.9200134277344,0,0.0,0.0
2007-11-05 00:00:00+01:00,379.760009765625,379.760009765625,375.80999755859375,377.32000732421875,0,0.0,0.0
2007-11-06 00:00:00+01:00,378.1199951171875,380.0199890136719,378.1000061035156,378.6400146484375,0,0.0,0.0
2007-11-07 00:00:00+01:00,379.0199890136719,380.760009765625,374.3699951171875,375.5799865722656,0,0.0,0.0
2007-11-08 00:00:00+01:00,374.3800048828125,375.4599914550781,370.010009765625,373.4800109863281,0,0.0,0.0
2007-11-09 00:00:00+01:00,373.94000244140625,376.44000244140625,366.1000061035156,367.57000732421875,0,0.0,0.0
2007-11-12 00:00:00+01:00,366.739990234375,369.3900146484375,365.2200012207031,367.69000244140625,0,0.0,0.0
2007-11-13 00:00:00+01:00,366.8800048828125,369.260009765625,364.3599853515625,368.5199890136719,0,0.0,0.0
2007-11-14 00:00:00+01:00,369.8500061035156,373.45001220703125,368.9100036621094,370.4599914550781,0,0.0,0.0
2007-11-15 00:00:00+01:00,369.70001220703125,371.010009765625,364.6700134277344,365.82000732421875,0,0.0,0.0
2007-11-16 00:00:00+01:00,364.67999267578125,364.8399963378906,361.3699951171875,362.7200012207031,0,0.0,0.0
2007-11-19 00:00:00+01:00,362.80999755859375,364.8900146484375,354.3900146484375,354.70001220703125,0,0.0,0.0
2007-11-20 00:00:00+01:00,354.92999267578125,359.0799865722656,351.94000244140625,358.6499938964844,0,0.0,0.0
2007-11-21 00:00:00+01:00,356.9599914550781,356.9599914550781,347.7200012207031,349.17999267578125,0,0.0,0.0
2007-11-22 00:00:00+01:00,349.95001220703125,352.82000732421875,348.1499938964844,351.8599853515625,0,0.0,0.0
2007-11-23 00:00:00+01:00,351.92999267578125,357.8299865722656,351.92999267578125,357.739990234375,0,0.0,0.0
2007-11-26 00:00:00+01:00,358.4599914550781,361.7799987792969,355.4200134277344,355.7799987792969,0,0.0,0.0
2007-11-27 00:00:00+01:00,355.1300048828125,356.3500061035156,350.82000732421875,354.2699890136719,0,0.0,0.0
2007-11-28 00:00:00+01:00,355.25,364.25,353.70001220703125,364.0899963378906,0,0.0,0.0
2007-11-29 00:00:00+01:00,364.4200134277344,367.1499938964844,363.0799865722656,365.7200012207031,0,0.0,0.0
2007-11-30 00:00:00+01:00,366.30999755859375,371.3299865722656,366.30999755859375,370.3599853515625,0,0.0,0.0
2007-12-03 00:00:00+01:00,370.3999938964844,371.82000732421875,368.3299865722656,368.80999755859375,0,0.0,0.0
2007-12-04 00:00:00+01:00,368.5899963378906,368.7900085449219,362.4599914550781,363.3399963378906,0,0.0,0.0
2007-12-05 00:00:00+01:00,364.3800048828125,369.7300109863281,364.3800048828125,369.6099853515625,0,0.0,0.0
2007-12-06 00:00:00+01:00,370.2799987792969,374.04998779296875,367.760009765625,369.8699951171875,0,0.0,0.0
2007-12-07 00:00:00+01:00,370.260009765625,374.0299987792969,370.260009765625,372.8800048828125,0,0.0,0.0
2007-12-10 00:00:00+01:00,372.57000732421875,376.20001220703125,371.69000244140625,375.05999755859375,0,0.0,0.0
2007-12-11 00:00:00+01:00,375.3999938964844,376.2699890136719,372.55999755859375,373.54998779296875,0,0.0,0.0
2007-12-12 00:00:00+01:00,373.6300048828125,377.55999755859375,368.29998779296875,374.75,0,0.0,0.0
2007-12-13 00:00:00+01:00,373.0799865722656,373.0799865722656,365.6099853515625,365.6099853515625,0,0.0,0.0
2007-12-14 00:00:00+01:00,366.5199890136719,368.30999755859375,364.010009765625,367.239990234375,0,0.0,0.0
2007-12-17 00:00:00+01:00,366.4599914550781,366.4599914550781,360.45001220703125,360.8299865722656,0,0.0,0.0
2007-12-18 00:00:00+01:00,360.6400146484375,364.1099853515625,359.92999267578125,360.42999267578125,0,0.0,0.0
2007-12-19 00:00:00+01:00,360.4800109863281,361.0400085449219,357.8299865722656,358.739990234375,0,0.0,0.0
2007-12-20 00:00:00+01:00,358.75,361.75,358.75,359.4599914550781,0,0.0,0.0
2007-12-21 00:00:00+01:00,360.30999755859375,365.3299865722656,360.30999755859375,364.489990234375,0,0.0,0.0
2007-12-24 00:00:00+01:00,364.489990234375,364.489990234375,364.489990234375,364.489990234375,0,0.0,0.0
2007-12-27 00:00:00+01:00,364.7200012207031,366.7799987792969,364.5,365.0899963378906,0,0.0,0.0
2007-12-28 00:00:00+01:00,364.1499938964844,365.42999267578125,362.94000244140625,364.3900146484375,0,0.0,0.0
2007-12-31 00:00:00+01:00,364.3699951171875,364.9800109863281,364.0,364.6400146484375,0,0.0,0.0
2008-01-03 00:00:00+01:00,360.0299987792969,360.8599853515625,356.1099853515625,358.95001220703125,0,0.0,0.0
2008-01-04 00:00:00+01:00,359.17999267578125,360.70001220703125,351.0299987792969,352.0,0,0.0,0.0
2008-01-07 00:00:00+01:00,352.239990234375,353.3999938964844,348.989990234375,351.2699890136719,0,0.0,0.0
2008-01-08 00:00:00+01:00,352.0799865722656,356.04998779296875,352.0799865722656,353.42999267578125,0,0.0,0.0
2008-01-09 00:00:00+01:00,352.6400146484375,352.6400146484375,347.4200134277344,348.7699890136719,0,0.0,0.0
2008-01-10 00:00:00+01:00,349.0799865722656,351.0400085449219,345.260009765625,345.3800048828125,0,0.0,0.0
2008-01-11 00:00:00+01:00,344.70001220703125,345.54998779296875,341.55999755859375,343.69000244140625,0,0.0,0.0
2008-01-14 00:00:00+01:00,343.1000061035156,346.1400146484375,342.17999267578125,344.7799987792969,0,0.0,0.0
2008-01-15 00:00:00+01:00,344.75,344.75,335.94000244140625,335.94000244140625,0,0.0,0.0
2008-01-16 00:00:00+01:00,335.19000244140625,336.5199890136719,330.1199951171875,332.75,0,0.0,0.0
2008-01-17 00:00:00+01:00,333.8999938964844,337.57000732421875,330.79998779296875,331.07000732421875,0,0.0,0.0
2008-01-18 00:00:00+01:00,330.9700012207031,335.5899963378906,326.9599914550781,327.5299987792969,0,0.0,0.0
2008-01-21 00:00:00+01:00,327.6199951171875,327.6199951171875,308.69000244140625,308.7699890136719,0,0.0,0.0
2008-01-22 00:00:00+01:00,307.82000732421875,317.7699890136719,296.2099914550781,315.54998779296875,0,0.0,0.0
2008-01-23 00:00:00+01:00,317.0199890136719,320.54998779296875,302.1000061035156,306.0299987792969,0,0.0,0.0
2008-01-24 00:00:00+01:00,307.5,322.0799865722656,307.5,322.0799865722656,0,0.0,0.0
2008-01-25 00:00:00+01:00,323.32000732421875,328.5,321.44000244140625,322.2300109863281,0,0.0,0.0
2008-01-28 00:00:00+01:00,321.239990234375,321.239990234375,314.1000061035156,318.70001220703125,0,0.0,0.0
2008-01-29 00:00:00+01:00,319.79998779296875,324.9100036621094,319.79998779296875,324.30999755859375,0,0.0,0.0
2008-01-30 00:00:00+01:00,323.7900085449219,323.8900146484375,320.8800048828125,322.19000244140625,0,0.0,0.0
2008-01-31 00:00:00+01:00,321.6199951171875,322.70001220703125,313.82000732421875,322.1600036621094,0,0.0,0.0
2008-02-01 00:00:00+01:00,322.9200134277344,330.2200012207031,322.9200134277344,328.4200134277344,0,0.0,0.0
2008-02-04 00:00:00+01:00,329.04998779296875,331.57000732421875,327.8699951171875,329.1300048828125,0,0.0,0.0
2008-02-05 00:00:00+01:00,328.8800048828125,328.8800048828125,318.25,318.7300109863281,0,0.0,0.0
2008-02-06 00:00:00+01:00,318.5799865722656,320.75,316.0299987792969,320.3500061035156,0,0.0,0.0
2008-02-07 00:00:00+01:00,320.6000061035156,320.6000061035156,311.5,314.1400146484375,0,0.0,0.0
2008-02-08 00:00:00+01:00,315.4200134277344,318.8599853515625,312.6700134277344,315.5,0,0.0,0.0
2008-02-11 00:00:00+01:00,314.5400085449219,315.989990234375,310.9599914550781,312.5899963378906,0,0.0,0.0
2008-02-12 00:00:00+01:00,313.7799987792969,323.0299987792969,312.17999267578125,323.0299987792969,0,0.0,0.0
2008-02-13 00:00:00+01:00,322.5400085449219,324.8800048828125,318.760009765625,323.29998779296875,0,0.0,0.0
2008-02-14 00:00:00+01:00,324.32000732421875,327.4100036621094,322.6600036621094,323.6600036621094,0,0.0,0.0
2008-02-15 00:00:00+01:00,323.19000244140625,324.5299987792969,316.239990234375,317.3599853515625,0,0.0,0.0
2008-02-18 00:00:00+01:00,317.6099853515625,324.04998779296875,317.6099853515625,323.5299987792969,0,0.0,0.0
2008-02-19 00:00:00+01:00,322.5400085449219,327.3399963378906,319.2699890136719,324.1600036621094,0,0.0,0.0
2008-02-20 00:00:00+01:00,323.32000732421875,323.32000732421875,318.4599914550781,320.3299865722656,0,0.0,0.0
2008-02-21 00:00:00+01:00,321.2699890136719,326.2300109863281,321.2699890136719,322.42999267578125,0,0.0,0.0
2008-02-22 00:00:00+01:00,321.9700012207031,323.6300048828125,318.3900146484375,319.8800048828125,0,0.0,0.0
2008-02-25 00:00:00+01:00,320.6199951171875,325.82000732421875,320.6199951171875,325.29998779296875,0,0.0,0.0
2008-02-26 00:00:00+01:00,326.19000244140625,330.1000061035156,326.1700134277344,330.010009765625,0,0.0,0.0
2008-02-27 00:00:00+01:00,330.3800048828125,331.239990234375,324.92999267578125,329.3900146484375,0,0.0,0.0
2008-02-28 00:00:00+01:00,328.3900146484375,329.1600036621094,323.0,323.3399963378906,0,0.0,0.0
2008-02-29 00:00:00+01:00,322.55999755859375,323.2900085449219,317.510009765625,318.95001220703125,0,0.0,0.0
2008-03-03 00:00:00+01:00,317.8800048828125,317.8800048828125,312.3399963378906,314.4599914550781,0,0.0,0.0
2008-03-04 00:00:00+01:00,315.05999755859375,317.30999755859375,308.6300048828125,310.260009765625,0,0.0,0.0
2008-03-05 00:00:00+01:00,311.0299987792969,316.1300048828125,311.0299987792969,315.6099853515625,0,0.0,0.0
2008-03-06 00:00:00+01:00,315.82000732421875,316.0799865722656,310.54998779296875,311.4200134277344,0,0.0,0.0
2008-03-07 00:00:00+01:00,311.54998779296875,311.54998779296875,305.3299865722656,307.9800109863281,0,0.0,0.0
2008-03-10 00:00:00+01:00,307.7799987792969,308.3699951171875,302.8399963378906,304.1499938964844,0,0.0,0.0
2008-03-11 00:00:00+01:00,304.5799865722656,311.42999267578125,303.6700134277344,307.82000732421875,0,0.0,0.0
2008-03-12 00:00:00+01:00,309.2099914550781,313.07000732421875,309.2099914550781,311.4800109863281,0,0.0,0.0
2008-03-13 00:00:00+01:00,310.44000244140625,310.44000244140625,303.0,307.260009765625,0,0.0,0.0
2008-03-14 00:00:00+01:00,307.4599914550781,312.29998779296875,302.45001220703125,304.1499938964844,0,0.0,0.0
2008-03-17 00:00:00+01:00,301.4100036621094,301.4100036621094,290.260009765625,290.260009765625,0,0.0,0.0
2008-03-18 00:00:00+01:00,292.45001220703125,301.1099853515625,292.45001220703125,300.57000732421875,0,0.0,0.0
2008-03-19 00:00:00+01:00,301.7799987792969,303.75,295.5,297.4800109863281,0,0.0,0.0
2008-03-20 00:00:00+01:00,296.1700134277344,298.1199951171875,294.239990234375,296.8299865722656,0,0.0,0.0
2008-03-25 00:00:00+01:00,297.6000061035156,306.6300048828125,297.6000061035156,306.6300048828125,0,0.0,0.0
2008-03-26 00:00:00+01:00,306.0,306.8399963378906,303.1600036621094,304.6300048828125,0,0.0,0.0
2008-03-27 00:00:00+01:00,304.510009765625,310.19000244140625,304.2900085449219,308.4599914550781,0,0.0,0.0
2008-03-28 00:00:00+01:00,307.95001220703125,308.989990234375,305.8500061035156,306.69000244140625,0,0.0,0.0
2008-03-31 00:00:00+02:00,305.79998779296875,306.2699890136719,300.95001220703125,305.9599914550781,0,0.0,0.0
2008-04-01 00:00:00+02:00,305.79998779296875,316.4599914550781,305.25,316.07000732421875,0,0.0,0.0
2008-04-02 00:00:00+02:00,317.1300048828125,320.1099853515625,316.010009765625,319.6600036621094,0,0.0,0.0
2008-04-03 00:00:00+02:00,319.8500061035156,320.32000732421875,316.1499938964844,317.9700012207031,0,0.0,0.0
2008-04-04 00:00:00+02:00,318.2300109863281,320.29998779296875,316.2699890136719,319.1499938964844,0,0.0,0.0
2008-04-07 00:00:00+02:00,319.2799987792969,322.75,319.2799987792969,322.010009765625,0,0.0,0.0
2008-04-08 00:00:00+02:00,321.1199951171875,321.1199951171875,316.7200012207031,318.739990234375,0,0.0,0.0
2008-04-09 00:00:00+02:00,317.92999267578125,319.1700134277344,316.1199951171875,316.5299987792969,0,0.0,0.0
2008-04-10 00:00:00+02:00,316.0899963378906,316.260009765625,311.0799865722656,315.239990234375,0,0.0,0.0
2008-04-11 00:00:00+02:00,315.2200012207031,317.4800109863281,309.25,310.739990234375,0,0.0,0.0
2008-04-14 00:00:00+02:00,310.6400146484375,310.6400146484375,307.2300109863281,308.260009765625,0,0.0,0.0
2008-04-15 00:00:00+02:00,308.54998779296875,311.5899963378906,307.20001220703125,309.5799865722656,0,0.0,0.0
2008-04-16 00:00:00+02:00,310.8500061035156,314.95001220703125,310.4800109863281,314.95001220703125,0,0.0,0.0
2008-04-17 00:00:00+02:00,315.1199951171875,316.57000732421875,312.1199951171875,313.1700134277344,0,0.0,0.0
2008-04-18 00:00:00+02:00,313.739990234375,321.07000732421875,313.739990234375,320.69000244140625,0,0.0,0.0
2008-04-21 00:00:00+02:00,320.260009765625,321.20001220703125,315.5,316.9599914550781,0,0.0,0.0
2008-04-22 00:00:00+02:00,316.5299987792969,317.989990234375,314.1400146484375,315.5,0,0.0,0.0
2008-04-23 00:00:00+02:00,315.5,317.5899963378906,312.3599853515625,317.4100036621094,0,0.0,0.0
2008-04-24 00:00:00+02:00,316.8800048828125,317.70001220703125,313.3299865722656,317.6499938964844,0,0.0,0.0
2008-04-25 00:00:00+02:00,318.3900146484375,323.0,318.3900146484375,321.70001220703125,0,0.0,0.0
2008-04-28 00:00:00+02:00,321.55999755859375,324.5899963378906,321.55999755859375,323.6199951171875,0,0.0,0.0
2008-04-29 00:00:00+02:00,323.1099853515625,323.6400146484375,319.3599853515625,320.6700134277344,0,0.0,0.0
2008-04-30 00:00:00+02:00,320.2300109863281,323.8500061035156,318.9200134277344,323.0899963378906,0,0.0,0.0
2008-05-02 00:00:00+02:00,324.17999267578125,330.30999755859375,324.17999267578125,329.2099914550781,0,0.0,0.0
2008-05-05 00:00:00+02:00,328.82000732421875,328.82000732421875,327.6099853515625,328.2799987792969,0,0.0,0.0
2008-05-06 00:00:00+02:00,327.8699951171875,328.9100036621094,324.45001220703125,326.69000244140625,0,0.0,0.0
2008-05-07 00:00:00+02:00,326.69000244140625,330.3500061035156,326.3800048828125,329.3500061035156,0,0.0,0.0
2008-05-08 00:00:00+02:00,328.94000244140625,329.6499938964844,327.3599853515625,329.2799987792969,0,0.0,0.0
2008-05-09 00:00:00+02:00,327.8599853515625,327.8599853515625,323.1000061035156,324.8500061035156,0,0.0,0.0
2008-05-13 00:00:00+02:00,325.6499938964844,327.5400085449219,323.1199951171875,325.57000732421875,0,0.0,0.0
2008-05-14 00:00:00+02:00,326.0799865722656,328.2300109863281,324.29998779296875,327.20001220703125,0,0.0,0.0
2008-05-15 00:00:00+02:00,326.7799987792969,328.5199890136719,324.760009765625,328.4100036621094,0,0.0,0.0
2008-05-19 00:00:00+02:00,329.9800109863281,332.8699951171875,329.3800048828125,332.8699951171875,0,0.0,0.0
2008-05-20 00:00:00+02:00,332.0799865722656,332.0799865722656,325.9700012207031,325.9700012207031,0,0.0,0.0
2008-05-21 00:00:00+02:00,325.8900146484375,326.95001220703125,322.1700134277344,323.1600036621094,0,0.0,0.0
2008-05-22 00:00:00+02:00,322.9100036621094,325.7099914550781,320.8299865722656,324.4100036621094,0,0.0,0.0
2008-05-23 00:00:00+02:00,324.0400085449219,324.1400146484375,319.0199890136719,319.0199890136719,0,0.0,0.0
2008-05-26 00:00:00+02:00,318.6099853515625,319.0899963378906,318.260009765625,318.2699890136719,0,0.0,0.0
2008-05-27 00:00:00+02:00,318.7799987792969,319.9800109863281,316.1199951171875,317.19000244140625,0,0.0,0.0
2008-05-28 00:00:00+02:00,317.739990234375,321.79998779296875,317.4100036621094,320.1499938964844,0,0.0,0.0
2008-05-29 00:00:00+02:00,320.25,322.5400085449219,319.3399963378906,320.9100036621094,0,0.0,0.0
2008-05-30 00:00:00+02:00,321.2900085449219,323.489990234375,321.2900085449219,322.1199951171875,0,0.0,0.0
2008-06-02 00:00:00+02:00,321.92999267578125,322.1300048828125,317.4200134277344,318.44000244140625,0,0.0,0.0
2008-06-03 00:00:00+02:00,317.8500061035156,321.04998779296875,317.2300109863281,321.04998779296875,0,0.0,0.0
2008-06-04 00:00:00+02:00,320.4700012207031,320.4700012207031,314.7200012207031,317.07000732421875,0,0.0,0.0
2008-06-05 00:00:00+02:00,317.1499938964844,318.7799987792969,314.8999938964844,316.6099853515625,0,0.0,0.0
2008-06-06 00:00:00+02:00,316.8599853515625,319.32000732421875,310.1499938964844,310.2900085449219,0,0.0,0.0
2008-06-09 00:00:00+02:00,309.70001220703125,310.6400146484375,307.55999755859375,308.7099914550781,0,0.0,0.0
2008-06-10 00:00:00+02:00,308.739990234375,308.739990234375,304.8800048828125,306.6099853515625,0,0.0,0.0
2008-06-11 00:00:00+02:00,306.8500061035156,308.4200134277344,300.7099914550781,301.3699951171875,0,0.0,0.0
2008-06-12 00:00:00+02:00,301.6400146484375,304.5899963378906,301.4599914550781,304.1000061035156,0,0.0,0.0
2008-06-13 00:00:00+02:00,303.9599914550781,306.2699890136719,300.82000732421875,305.70001220703125,0,0.0,0.0
2008-06-16 00:00:00+02:00,304.8399963378906,306.5799865722656,302.7099914550781,304.8999938964844,0,0.0,0.0
2008-06-17 00:00:00+02:00,305.1600036621094,308.94000244140625,305.1600036621094,306.3399963378906,0,0.0,0.0
2008-06-18 00:00:00+02:00,305.82000732421875,305.82000732421875,300.69000244140625,301.739990234375,0,0.0,0.0
2008-06-19 00:00:00+02:00,300.92999267578125,302.82000732421875,299.760009765625,300.239990234375,0,0.0,0.0
2008-06-20 00:00:00+02:00,300.3500061035156,301.4599914550781,293.4700012207031,295.0799865722656,0,0.0,0.0
2008-06-23 00:00:00+02:00,295.1600036621094,296.32000732421875,293.69000244140625,294.80999755859375,0,0.0,0.0
2008-06-24 00:00:00+02:00,294.95001220703125,296.3599853515625,289.6499938964844,292.5400085449219,0,0.0,0.0
2008-06-25 00:00:00+02:00,293.0400085449219,296.19000244140625,293.0400085449219,296.1000061035156,0,0.0,0.0
2008-06-26 00:00:00+02:00,294.8399963378906,294.8399963378906,288.4800109863281,288.4800109863281,0,0.0,0.0
2008-06-27 00:00:00+02:00,287.9700012207031,288.7699890136719,283.9200134277344,287.3399963378906,0,0.0,0.0
2008-06-30 00:00:00+02:00,287.07000732421875,289.5400085449219,284.57000732421875,289.3900146484375,0,0.0,0.0
2008-07-01 00:00:00+02:00,288.8800048828125,288.95001220703125,281.7099914550781,283.0,0,0.0,0.0
2008-07-02 00:00:00+02:00,282.8999938964844,286.1400146484375,280.69000244140625,280.69000244140625,0,0.0,0.0
2008-07-03 00:00:00+02:00,279.70001220703125,283.95001220703125,276.04998779296875,283.0799865722656,0,0.0,0.0
2008-07-07 00:00:00+02:00,280.3699951171875,283.4200134277344,279.0799865722656,283.1700134277344,0,0.0,0.0
2008-07-08 00:00:00+02:00,281.1099853515625,281.1099853515625,275.6499938964844,278.9700012207031,0,0.0,0.0
2008-07-09 00:00:00+02:00,280.0299987792969,284.2799987792969,280.0299987792969,283.8999938964844,0,0.0,0.0
2008-07-10 00:00:00+02:00,282.4100036621094,282.4100036621094,276.94000244140625,277.95001220703125,0,0.0,0.0
2008-07-11 00:00:00+02:00,278.5,280.1199951171875,270.3599853515625,270.3599853515625,0,0.0,0.0
2008-07-14 00:00:00+02:00,271.67999267578125,275.6700134277344,271.67999267578125,272.4700012207031,0,0.0,0.0
2008-07-15 00:00:00+02:00,271.2799987792969,271.2799987792969,263.57000732421875,266.510009765625,0,0.0,0.0
2008-07-16 00:00:00+02:00,267.2799987792969,269.0899963378906,262.4800109863281,268.5,0,0.0,0.0
2008-07-17 00:00:00+02:00,269.6000061035156,278.260009765625,269.6000061035156,276.2699890136719,0,0.0,0.0
2008-07-18 00:00:00+02:00,274.75,280.69000244140625,272.92999267578125,280.69000244140625,0,0.0,0.0
2008-07-21 00:00:00+02:00,280.3900146484375,284.3699951171875,278.1300048828125,282.3599853515625,0,0.0,0.0
2008-07-22 00:00:00+02:00,281.260009765625,281.260009765625,276.19000244140625,280.8999938964844,0,0.0,0.0
2008-07-23 00:00:00+02:00,282.8299865722656,287.6099853515625,282.8299865722656,286.7699890136719,0,0.0,0.0
2008-07-24 00:00:00+02:00,287.30999755859375,288.05999755859375,281.4200134277344,282.2099914550781,0,0.0,0.0
2008-07-25 00:00:00+02:00,280.9100036621094,282.80999755859375,278.1600036621094,281.760009765625,0,0.0,0.0
2008-07-28 00:00:00+02:00,281.3999938964844,281.3999938964844,278.7200012207031,278.7300109863281,0,0.0,0.0
2008-07-29 00:00:00+02:00,277.6199951171875,280.7300109863281,275.25,279.6400146484375,0,0.0,0.0
2008-07-30 00:00:00+02:00,280.7300109863281,285.2099914550781,280.7300109863281,284.0,0,0.0,0.0
2008-07-31 00:00:00+02:00,284.17999267578125,286.0299987792969,281.6400146484375,283.760009765625,0,0.0,0.0
2008-08-04 00:00:00+02:00,279.9800109863281,281.1700134277344,277.2300109863281,277.5899963378906,0,0.0,0.0
2008-08-05 00:00:00+02:00,278.07000732421875,285.010009765625,277.4100036621094,285.010009765625,0,0.0,0.0
2008-08-06 00:00:00+02:00,285.8599853515625,287.9599914550781,285.1700134277344,287.6600036621094,0,0.0,0.0
2008-08-07 00:00:00+02:00,286.8500061035156,289.989990234375,285.70001220703125,286.8900146484375,0,0.0,0.0
2008-08-08 00:00:00+02:00,286.3500061035156,289.739990234375,284.7799987792969,289.2799987792969,0,0.0,0.0
2008-08-11 00:00:00+02:00,290.17999267578125,293.1099853515625,289.69000244140625,293.05999755859375,0,0.0,0.0
2008-08-12 00:00:00+02:00,292.5299987792969,293.7099914550781,290.4200134277344,291.8399963378906,0,0.0,0.0
2008-08-13 00:00:00+02:00,290.7900085449219,290.7900085449219,284.260009765625,284.44000244140625,0,0.0,0.0
2008-08-14 00:00:00+02:00,285.3399963378906,287.5899963378906,283.3399963378906,285.9100036621094,0,0.0,0.0
2008-08-15 00:00:00+02:00,286.5899963378906,288.8699951171875,285.5199890136719,287.25,0,0.0,0.0
2008-08-18 00:00:00+02:00,286.7699890136719,289.3599853515625,284.7200012207031,286.95001220703125,0,0.0,0.0
2008-08-19 00:00:00+02:00,285.5400085449219,285.5400085449219,279.5299987792969,279.7099914550781,0,0.0,0.0
2008-08-20 00:00:00+02:00,280.0400085449219,281.5299987792969,278.489990234375,280.760009765625,0,0.0,0.0
2008-08-21 00:00:00+02:00,279.8699951171875,280.55999755859375,276.9200134277344,278.44000244140625,0,0.0,0.0
2008-08-22 00:00:00+02:00,278.7300109863281,283.82000732421875,278.32000732421875,283.82000732421875,0,0.0,0.0
2008-08-25 00:00:00+02:00,283.2699890136719,284.0,282.0899963378906,282.1499938964844,0,0.0,0.0
2008-08-26 00:00:00+02:00,281.3599853515625,283.5799865722656,278.3500061035156,282.739990234375,0,0.0,0.0
2008-08-27 00:00:00+02:00,282.67999267578125,283.95001220703125,279.92999267578125,283.25,0,0.0,0.0
2008-08-28 00:00:00+02:00,282.5799865722656,288.2799987792969,281.30999755859375,287.2099914550781,0,0.0,0.0
2008-08-29 00:00:00+02:00,287.2900085449219,289.4200134277344,286.6700134277344,288.17999267578125,0,0.0,0.0
2008-09-01 00:00:00+02:00,287.07000732421875,288.1400146484375,284.7699890136719,287.17999267578125,0,0.0,0.0
2008-09-02 00:00:00+02:00,286.8800048828125,291.3999938964844,285.69000244140625,290.0799865722656,0,0.0,0.0
2008-09-03 00:00:00+02:00,288.6400146484375,288.6400146484375,285.42999267578125,285.5799865722656,0,0.0,0.0
2008-09-04 00:00:00+02:00,285.5899963378906,286.57000732421875,278.17999267578125,278.17999267578125,0,0.0,0.0
2008-09-05 00:00:00+02:00,277.25,277.25,271.5199890136719,272.239990234375,0,0.0,0.0
2008-09-08 00:00:00+02:00,274.3800048828125,283.1700134277344,274.3800048828125,281.29998779296875,0,0.0,0.0
2008-09-09 00:00:00+02:00,281.3800048828125,284.3599853515625,278.260009765625,279.6000061035156,0,0.0,0.0
2008-09-10 00:00:00+02:00,278.9700012207031,279.4700012207031,275.3399963378906,277.3500061035156,0,0.0,0.0
2008-09-12 00:00:00+02:00,277.0,280.4100036621094,276.05999755859375,280.4100036621094,0,0.0,0.0
2008-09-15 00:00:00+02:00,278.7300109863281,278.7300109863281,266.07000732421875,270.67999267578125,0,0.0,0.0
2008-09-16 00:00:00+02:00,268.6499938964844,268.6499938964844,259.45001220703125,263.5400085449219,0,0.0,0.0
2008-09-17 00:00:00+02:00,264.69000244140625,268.44000244140625,257.989990234375,258.0400085449219,0,0.0,0.0
2008-09-18 00:00:00+02:00,258.1199951171875,262.3699951171875,255.63999938964844,256.7699890136719,0,0.0,0.0
2008-09-19 00:00:00+02:00,258.3999938964844,278.6199951171875,258.3999938964844,278.17999267578125,0,0.0,0.0
2008-09-22 00:00:00+02:00,277.5400085449219,278.4100036621094,272.3500061035156,272.3500061035156,0,0.0,0.0
2008-09-23 00:00:00+02:00,271.5400085449219,271.5400085449219,265.3500061035156,267.30999755859375,0,0.0,0.0
2008-09-24 00:00:00+02:00,268.19000244140625,269.29998779296875,265.1199951171875,265.6600036621094,0,0.0,0.0
2008-09-25 00:00:00+02:00,265.5,271.32000732421875,265.3800048828125,271.010009765625,0,0.0,0.0
2008-09-26 00:00:00+02:00,269.3299865722656,269.3299865722656,263.4100036621094,265.9200134277344,0,0.0,0.0
2008-09-29 00:00:00+02:00,265.7699890136719,265.7699890136719,251.42999267578125,251.42999267578125,0,0.0,0.0
2008-09-30 00:00:00+02:00,250.6699981689453,256.6400146484375,244.72999572753906,256.04998779296875,0,0.0,0.0
2008-10-01 00:00:00+02:00,256.9800109863281,258.82000732421875,254.97999572753906,257.75,0,0.0,0.0
2008-10-02 00:00:00+02:00,258.0799865722656,263.9200134277344,253.89999389648438,254.24000549316406,0,0.0,0.0
2008-10-03 00:00:00+02:00,254.58999633789062,262.3900146484375,252.19000244140625,261.42999267578125,0,0.0,0.0
2008-10-06 00:00:00+02:00,260.6600036621094,260.6600036621094,239.4199981689453,241.5,0,0.0,0.0
2008-10-07 00:00:00+02:00,243.27999877929688,247.6999969482422,237.52999877929688,240.72000122070312,0,0.0,0.0
2008-10-08 00:00:00+02:00,239.4499969482422,240.75999450683594,222.00999450683594,226.30999755859375,0,0.0,0.0
2008-10-09 00:00:00+02:00,227.02000427246094,232.3699951171875,219.9600067138672,221.77999877929688,0,0.0,0.0
2008-10-10 00:00:00+02:00,220.2899932861328,220.2899932861328,200.36000061035156,205.1300048828125,0,0.0,0.0
2008-10-13 00:00:00+02:00,205.4600067138672,225.5500030517578,205.4600067138672,225.3699951171875,0,0.0,0.0
2008-10-14 00:00:00+02:00,226.13999938964844,239.63999938964844,226.13999938964844,232.22000122070312,0,0.0,0.0
2008-10-15 00:00:00+02:00,231.72999572753906,231.72999572753906,215.6699981689453,217.1699981689453,0,0.0,0.0
2008-10-16 00:00:00+02:00,215.91000366210938,216.07000732421875,203.17999267578125,206.39999389648438,0,0.0,0.0
2008-10-17 00:00:00+02:00,208.8699951171875,216.05999755859375,206.10000610351562,214.27000427246094,0,0.0,0.0
2008-10-20 00:00:00+02:00,215.8699951171875,222.00999450683594,215.8699951171875,222.00999450683594,0,0.0,0.0
2008-10-21 00:00:00+02:00,223.1699981689453,225.8000030517578,219.7100067138672,220.89999389648438,0,0.0,0.0
2008-10-22 00:00:00+02:00,219.1999969482422,219.1999969482422,209.16000366210938,209.57000732421875,0,0.0,0.0
2008-10-23 00:00:00+02:00,210.3300018310547,212.0500030517578,202.75999450683594,208.72000122070312,0,0.0,0.0
2008-10-24 00:00:00+02:00,206.4499969482422,206.4499969482422,188.7100067138672,198.82000732421875,0,0.0,0.0
2008-10-28 00:00:00+01:00,196.0800018310547,203.35000610351562,195.42999267578125,199.44000244140625,0,0.0,0.0
2008-10-29 00:00:00+01:00,201.38999938964844,213.72000122070312,201.38999938964844,213.72000122070312,0,0.0,0.0
2008-10-30 00:00:00+01:00,214.11000061035156,220.35000610351562,212.5800018310547,216.24000549316406,0,0.0,0.0
2008-10-31 00:00:00+01:00,216.55999755859375,222.07000732421875,213.47999572753906,222.07000732421875,0,0.0,0.0
2008-11-03 00:00:00+01:00,222.4199981689453,224.1999969482422,220.2899932861328,223.3800048828125,0,0.0,0.0
2008-11-04 00:00:00+01:00,223.57000732421875,233.5,223.00999450683594,233.5,0,0.0,0.0
2008-11-05 00:00:00+01:00,232.80999755859375,232.80999755859375,226.1699981689453,228.1300048828125,0,0.0,0.0
2008-11-06 00:00:00+01:00,225.72999572753906,225.75,214.97000122070312,215.4600067138672,0,0.0,0.0
2008-11-07 00:00:00+01:00,214.89999389648438,221.3699951171875,213.75,219.60000610351562,0,0.0,0.0
2008-11-10 00:00:00+01:00,220.91000366210938,226.4199981689453,220.3300018310547,220.9600067138672,0,0.0,0.0
2008-11-11 00:00:00+01:00,219.47000122070312,219.47000122070312,211.77999877929688,212.1699981689453,0,0.0,0.0
2008-11-12 00:00:00+01:00,213.1999969482422,215.75,203.6300048828125,205.22000122070312,0,0.0,0.0
2008-11-13 00:00:00+01:00,204.02999877929688,206.72000122070312,201.00999450683594,204.0800018310547,0,0.0,0.0
2008-11-14 00:00:00+01:00,203.24000549316406,210.3300018310547,203.24000549316406,205.61000061035156,0,0.0,0.0
2008-11-17 00:00:00+01:00,205.33999633789062,206.3000030517578,199.17999267578125,200.36000061035156,0,0.0,0.0
2008-11-18 00:00:00+01:00,200.9199981689453,202.32000732421875,195.91000366210938,201.91000366210938,0,0.0,0.0
2008-11-19 00:00:00+01:00,201.6699981689453,201.83999633789062,193.77000427246094,193.77000427246094,0,0.0,0.0
2008-11-20 00:00:00+01:00,192.7100067138672,192.7100067138672,183.05999755859375,186.75,0,0.0,0.0
2008-11-21 00:00:00+01:00,187.0800018310547,190.3300018310547,179.72000122070312,182.1300048828125,0,0.0,0.0
2008-11-24 00:00:00+01:00,183.22999572753906,197.50999450683594,183.22999572753906,197.50999450683594,0,0.0,0.0
2008-11-25 00:00:00+01:00,197.02999877929688,202.42999267578125,194.0,198.77000427246094,0,0.0,0.0
2008-11-26 00:00:00+01:00,197.99000549316406,199.5399932861328,193.32000732421875,198.85000610351562,0,0.0,0.0
2008-11-27 00:00:00+01:00,199.64999389648438,203.6199951171875,199.64999389648438,203.6199951171875,0,0.0,0.0
2008-11-28 00:00:00+01:00,203.38999938964844,206.25,200.99000549316406,206.25,0,0.0,0.0
2008-12-01 00:00:00+01:00,205.97000122070312,205.97000122070312,193.1999969482422,193.91000366210938,0,0.0,0.0
2008-12-02 00:00:00+01:00,192.89999389648438,197.6699981689453,189.47999572753906,197.1999969482422,0,0.0,0.0
2008-12-03 00:00:00+01:00,197.00999450683594,199.00999450683594,192.27999877929688,198.2899932861328,0,0.0,0.0
2008-12-04 00:00:00+01:00,197.7899932861328,202.32000732421875,194.8699951171875,197.39999389648438,0,0.0,0.0
2008-12-05 00:00:00+01:00,196.32000732421875,196.32000732421875,188.00999450683594,189.83999633789062,0,0.0,0.0
2008-12-08 00:00:00+01:00,192.1699981689453,202.88999938964844,192.1699981689453,202.61000061035156,0,0.0,0.0
2008-12-09 00:00:00+01:00,201.74000549316406,207.1999969482422,199.47000122070312,205.3300018310547,0,0.0,0.0
2008-12-10 00:00:00+01:00,204.9199981689453,206.2899932861328,203.13999938964844,205.3699951171875,0,0.0,0.0
2008-12-11 00:00:00+01:00,204.8699951171875,205.35000610351562,201.72000122070312,203.7899932861328,0,0.0,0.0
2008-12-12 00:00:00+01:00,201.77999877929688,201.77999877929688,194.00999450683594,198.22000122070312,0,0.0,0.0
2008-12-15 00:00:00+01:00,199.08999633789062,201.35000610351562,196.22000122070312,197.50999450683594,0,0.0,0.0
2008-12-16 00:00:00+01:00,197.14999389648438,199.39999389648438,196.3300018310547,199.00999450683594,0,0.0,0.0
2008-12-17 00:00:00+01:00,199.64999389648438,200.7899932861328,195.5500030517578,197.50999450683594,0,0.0,0.0
2008-12-18 00:00:00+01:00,197.2899932861328,198.60000610351562,195.60000610351562,197.30999755859375,0,0.0,0.0
2008-12-19 00:00:00+01:00,196.07000732421875,198.1199951171875,193.25,196.42999267578125,0,0.0,0.0
2008-12-22 00:00:00+01:00,195.6300048828125,195.7100067138672,192.49000549316406,193.32000732421875,0,0.0,0.0
2008-12-23 00:00:00+01:00,193.22000122070312,195.82000732421875,193.0500030517578,193.0500030517578,0,0.0,0.0
2008-12-24 00:00:00+01:00,193.0500030517578,193.0500030517578,193.0500030517578,193.0500030517578,0,0.0,0.0
2008-12-29 00:00:00+01:00,192.10000610351562,194.35000610351562,192.10000610351562,193.4600067138672,0,0.0,0.0
2008-12-30 00:00:00+01:00,194.6699981689453,196.89999389648438,194.6699981689453,196.89999389648438,0,0.0,0.0
2008-12-31 00:00:00+01:00,196.89999389648438,196.89999389648438,196.89999389648438,196.89999389648438,0,0.0,0.0
2009-01-05 00:00:00+01:00,205.2899932861328,208.77999877929688,205.2899932861328,208.69000244140625,0,0.0,0.0
2009-01-06 00:00:00+01:00,209.9600067138672,214.2100067138672,209.4499969482422,212.8699951171875,0,0.0,0.0
2009-01-07 00:00:00+01:00,212.61000061035156,212.61000061035156,209.02000427246094,210.30999755859375,0,0.0,0.0
2009-01-08 00:00:00+01:00,208.77000427246094,209.47999572753906,206.00999450683594,208.77000427246094,0,0.0,0.0
2009-01-09 00:00:00+01:00,209.63999938964844,211.05999755859375,206.2899932861328,207.82000732421875,0,0.0,0.0
2009-01-12 00:00:00+01:00,207.61000061035156,207.75999450683594,204.33999633789062,204.52999877929688,0,0.0,0.0
2009-01-13 00:00:00+01:00,203.91000366210938,203.91000366210938,198.69000244140625,201.66000366210938,0,0.0,0.0
2009-01-14 00:00:00+01:00,201.8699951171875,202.4499969482422,190.97999572753906,192.8699951171875,0,0.0,0.0
2009-01-15 00:00:00+01:00,193.25999450683594,194.27999877929688,189.41000366210938,191.1699981689453,0,0.0,0.0
2009-01-16 00:00:00+01:00,192.5399932861328,197.4600067138672,192.5399932861328,192.9600067138672,0,0.0,0.0
2009-01-19 00:00:00+01:00,193.4600067138672,196.17999267578125,187.1699981689453,189.72000122070312,0,0.0,0.0
2009-01-20 00:00:00+01:00,188.91000366210938,190.85000610351562,184.82000732421875,185.6999969482422,0,0.0,0.0
2009-01-21 00:00:00+01:00,184.57000732421875,186.91000366210938,181.19000244140625,184.52000427246094,0,0.0,0.0
2009-01-22 00:00:00+01:00,186.16000366210938,188.55999755859375,182.41000366210938,182.85000610351562,0,0.0,0.0
2009-01-23 00:00:00+01:00,182.9199981689453,183.52000427246094,178.0399932861328,182.49000549316406,0,0.0,0.0
2009-01-26 00:00:00+01:00,181.69000244140625,188.7100067138672,181.19000244140625,188.05999755859375,0,0.0,0.0
2009-01-27 00:00:00+01:00,188.6699981689453,188.94000244140625,185.6199951171875,188.30999755859375,0,0.0,0.0
2009-01-28 00:00:00+01:00,189.02000427246094,195.0,189.02000427246094,194.32000732421875,0,0.0,0.0
2009-01-29 00:00:00+01:00,193.5800018310547,193.5800018310547,189.0500030517578,190.7899932861328,0,0.0,0.0
2009-01-30 00:00:00+01:00,191.05999755859375,192.9600067138672,189.35000610351562,191.22999572753906,0,0.0,0.0
2009-02-02 00:00:00+01:00,190.07000732421875,190.07000732421875,184.60000610351562,186.32000732421875,0,0.0,0.0
2009-02-03 00:00:00+01:00,187.05999755859375,190.07000732421875,184.72999572753906,189.77999877929688,0,0.0,0.0
2009-02-04 00:00:00+01:00,190.1999969482422,195.7100067138672,189.5800018310547,194.6699981689453,0,0.0,0.0
2009-02-05 00:00:00+01:00,192.52999877929688,194.5399932861328,190.27999877929688,194.5,0,0.0,0.0
2009-02-06 00:00:00+01:00,195.85000610351562,199.3300018310547,195.0800018310547,198.52999877929688,0,0.0,0.0
2009-02-09 00:00:00+01:00,198.0,200.05999755859375,196.77000427246094,199.35000610351562,0,0.0,0.0
2009-02-10 00:00:00+01:00,198.97999572753906,199.05999755859375,193.82000732421875,193.82000732421875,0,0.0,0.0
2009-02-11 00:00:00+01:00,192.7899932861328,193.52999877929688,191.1300048828125,193.1300048828125,0,0.0,0.0
2009-02-12 00:00:00+01:00,192.38999938964844,192.38999938964844,188.52999877929688,190.63999938964844,0,0.0,0.0
2009-02-13 00:00:00+01:00,191.77999877929688,194.9499969482422,190.6300048828125,191.27000427246094,0,0.0,0.0
2009-02-17 00:00:00+01:00,188.13999938964844,188.13999938964844,182.89999389648438,183.97999572753906,0,0.0,0.0
2009-02-18 00:00:00+01:00,184.42999267578125,184.97000122070312,180.5399932861328,183.35000610351562,0,0.0,0.0
2009-02-19 00:00:00+01:00,184.08999633789062,185.33999633789062,182.80999755859375,183.38999938964844,0,0.0,0.0
2009-02-20 00:00:00+01:00,182.5500030517578,182.5500030517578,176.92999267578125,176.92999267578125,0,0.0,0.0
2009-02-23 00:00:00+01:00,177.27000427246094,179.75,174.86000061035156,175.2899932861328,0,0.0,0.0
2009-02-24 00:00:00+01:00,174.55999755859375,174.55999755859375,171.16000366210938,172.86000061035156,0,0.0,0.0
2009-02-25 00:00:00+01:00,173.9600067138672,176.10000610351562,170.67999267578125,172.30999755859375,0,0.0,0.0
2009-02-26 00:00:00+01:00,172.82000732421875,177.3699951171875,172.82000732421875,176.13999938964844,0,0.0,0.0
2009-02-27 00:00:00+01:00,175.1699981689453,175.1699981689453,169.72000122070312,172.9199981689453,0,0.0,0.0
2009-03-02 00:00:00+01:00,172.7100067138672,172.7100067138672,164.3000030517578,164.3000030517578,0,0.0,0.0
2009-03-03 00:00:00+01:00,164.6199951171875,166.1999969482422,161.19000244140625,161.33999633789062,0,0.0,0.0
2009-03-04 00:00:00+01:00,162.52999877929688,167.6199951171875,162.52999877929688,167.6199951171875,0,0.0,0.0
2009-03-05 00:00:00+01:00,167.3000030517578,167.3000030517578,161.58999633789062,161.58999633789062,0,0.0,0.0
2009-03-06 00:00:00+01:00,161.60000610351562,162.77000427246094,158.99000549316406,159.52000427246094,0,0.0,0.0
2009-03-09 00:00:00+01:00,159.52999877929688,159.67999267578125,155.3800048828125,157.97000122070312,0,0.0,0.0
2009-03-10 00:00:00+01:00,157.92999267578125,166.32000732421875,157.2899932861328,165.99000549316406,0,0.0,0.0
2009-03-11 00:00:00+01:00,166.02999877929688,168.99000549316406,163.64999389648438,166.24000549316406,0,0.0,0.0
2009-03-12 00:00:00+01:00,165.91000366210938,167.72000122070312,162.41000366210938,167.36000061035156,0,0.0,0.0
2009-03-13 00:00:00+01:00,167.8000030517578,171.97000122070312,167.7899932861328,168.57000732421875,0,0.0,0.0
2009-03-16 00:00:00+01:00,169.58999633789062,173.19000244140625,169.58999633789062,173.19000244140625,0,0.0,0.0
2009-03-17 00:00:00+01:00,172.52000427246094,172.99000549316406,169.72999572753906,172.0500030517578,0,0.0,0.0
2009-03-18 00:00:00+01:00,172.22999572753906,174.19000244140625,168.83999633789062,170.75999450683594,0,0.0,0.0
2009-03-19 00:00:00+01:00,170.82000732421875,175.42999267578125,170.75999450683594,171.8699951171875,0,0.0,0.0
2009-03-20 00:00:00+01:00,171.38999938964844,172.9600067138672,169.57000732421875,172.5800018310547,0,0.0,0.0
2009-03-23 00:00:00+01:00,173.17999267578125,177.9499969482422,173.17999267578125,177.72999572753906,0,0.0,0.0
2009-03-24 00:00:00+01:00,178.6699981689453,180.47999572753906,176.61000061035156,178.2100067138672,0,0.0,0.0
2009-03-25 00:00:00+01:00,177.8300018310547,179.9600067138672,176.11000061035156,178.82000732421875,0,0.0,0.0
2009-03-26 00:00:00+01:00,178.8000030517578,179.67999267578125,177.16000366210938,179.1199951171875,0,0.0,0.0
2009-03-27 00:00:00+01:00,178.8300018310547,179.52000427246094,176.4499969482422,177.1699981689453,0,0.0,0.0
2009-03-30 00:00:00+02:00,176.3000030517578,176.3000030517578,170.4499969482422,170.4499969482422,0,0.0,0.0
2009-03-31 00:00:00+02:00,171.2100067138672,176.4600067138672,171.2100067138672,176.4600067138672,0,0.0,0.0
2009-04-01 00:00:00+02:00,176.52000427246094,179.47000122070312,173.42999267578125,179.25999450683594,0,0.0,0.0
2009-04-02 00:00:00+02:00,180.4600067138672,188.33999633789062,180.4600067138672,188.11000061035156,0,0.0,0.0
2009-04-03 00:00:00+02:00,187.75,189.3800048828125,185.41000366210938,186.1699981689453,0,0.0,0.0
2009-04-06 00:00:00+02:00,186.77000427246094,189.6199951171875,183.55999755859375,185.00999450683594,0,0.0,0.0
2009-04-07 00:00:00+02:00,185.08999633789062,186.2899932861328,182.0800018310547,183.4600067138672,0,0.0,0.0
2009-04-08 00:00:00+02:00,182.69000244140625,184.75,180.3699951171875,184.02000427246094,0,0.0,0.0
2009-04-09 00:00:00+02:00,184.61000061035156,188.22999572753906,183.72999572753906,188.05999755859375,0,0.0,0.0
2009-04-14 00:00:00+02:00,188.72999572753906,192.42999267578125,188.5399932861328,190.99000549316406,0,0.0,0.0
2009-04-15 00:00:00+02:00,190.39999389648438,191.72000122070312,188.63999938964844,190.52000427246094,0,0.0,0.0
2009-04-16 00:00:00+02:00,190.8300018310547,194.17999267578125,190.30999755859375,193.82000732421875,0,0.0,0.0
2009-04-17 00:00:00+02:00,194.11000061035156,197.3000030517578,193.75,196.9600067138672,0,0.0,0.0
2009-04-20 00:00:00+02:00,196.55999755859375,196.94000244140625,189.1999969482422,189.92999267578125,0,0.0,0.0
2009-04-21 00:00:00+02:00,189.63999938964844,191.47000122070312,185.69000244140625,190.1999969482422,0,0.0,0.0
2009-04-22 00:00:00+02:00,190.50999450683594,192.3800048828125,187.7100067138672,192.3800048828125,0,0.0,0.0
2009-04-23 00:00:00+02:00,191.5800018310547,193.6999969482422,190.47999572753906,191.49000549316406,0,0.0,0.0
2009-04-24 00:00:00+02:00,191.5500030517578,195.82000732421875,191.5500030517578,195.82000732421875,0,0.0,0.0
2009-04-27 00:00:00+02:00,194.99000549316406,196.82000732421875,192.22000122070312,196.52999877929688,0,0.0,0.0
2009-04-28 00:00:00+02:00,195.7899932861328,195.7899932861328,191.35000610351562,193.57000732421875,0,0.0,0.0
2009-04-29 00:00:00+02:00,193.75,197.58999633789062,193.52999877929688,197.27999877929688,0,0.0,0.0
2009-04-30 00:00:00+02:00,197.6300048828125,202.0800018310547,197.6300048828125,200.22999572753906,0,0.0,0.0
2009-05-04 00:00:00+02:00,200.74000549316406,203.8800048828125,200.74000549316406,203.77000427246094,0,0.0,0.0
2009-05-05 00:00:00+02:00,204.22000122070312,206.82000732421875,204.22000122070312,205.07000732421875,0,0.0,0.0
2009-05-06 00:00:00+02:00,204.85000610351562,209.47999572753906,204.47999572753906,208.02000427246094,0,0.0,0.0
2009-05-07 00:00:00+02:00,208.85000610351562,212.86000061035156,205.66000366210938,206.2899932861328,0,0.0,0.0
2009-05-08 00:00:00+02:00,207.02000427246094,210.57000732421875,207.02000427246094,209.50999450683594,0,0.0,0.0
2009-05-11 00:00:00+02:00,209.47999572753906,209.64999389648438,205.19000244140625,206.58999633789062,0,0.0,0.0
2009-05-12 00:00:00+02:00,206.0800018310547,208.33999633789062,204.8699951171875,206.17999267578125,0,0.0,0.0
2009-05-13 00:00:00+02:00,206.2899932861328,207.08999633789062,200.50999450683594,200.72000122070312,0,0.0,0.0
2009-05-14 00:00:00+02:00,200.4600067138672,202.02999877929688,198.47000122070312,201.6999969482422,0,0.0,0.0
2009-05-15 00:00:00+02:00,202.72999572753906,204.00999450683594,200.97000122070312,202.9199981689453,0,0.0,0.0
2009-05-18 00:00:00+02:00,201.92999267578125,207.8300018310547,200.0,207.8300018310547,0,0.0,0.0
2009-05-19 00:00:00+02:00,208.6999969482422,211.9499969482422,208.6999969482422,210.77999877929688,0,0.0,0.0
2009-05-20 00:00:00+02:00,210.36000061035156,212.5800018310547,209.82000732421875,211.75,0,0.0,0.0
2009-05-22 00:00:00+02:00,207.38999938964844,208.75999450683594,205.63999938964844,207.00999450683594,0,0.0,0.0
2009-05-25 00:00:00+02:00,207.27999877929688,207.8300018310547,205.05999755859375,207.36000061035156,0,0.0,0.0
2009-05-26 00:00:00+02:00,206.9199981689453,209.24000549316406,203.61000061035156,208.9600067138672,0,0.0,0.0
2009-05-27 00:00:00+02:00,209.8300018310547,210.92999267578125,208.99000549316406,210.41000366210938,0,0.0,0.0
2009-05-28 00:00:00+02:00,208.72999572753906,209.30999755859375,206.2100067138672,207.92999267578125,0,0.0,0.0
2009-05-29 00:00:00+02:00,209.24000549316406,210.75999450683594,208.16000366210938,208.2100067138672,0,0.0,0.0
2009-06-02 00:00:00+02:00,213.6199951171875,214.94000244140625,212.66000366210938,214.24000549316406,0,0.0,0.0
2009-06-03 00:00:00+02:00,214.6999969482422,214.6999969482422,209.25999450683594,209.94000244140625,0,0.0,0.0
2009-06-04 00:00:00+02:00,209.74000549316406,211.69000244140625,208.6300048828125,209.47000122070312,0,0.0,0.0
2009-06-05 00:00:00+02:00,209.38999938964844,213.10000610351562,209.38999938964844,210.75999450683594,0,0.0,0.0
2009-06-08 00:00:00+02:00,210.22999572753906,210.22999572753906,207.30999755859375,209.2899932861328,0,0.0,0.0
2009-06-09 00:00:00+02:00,210.39999389648438,211.6999969482422,209.3300018310547,210.2899932861328,0,0.0,0.0
2009-06-10 00:00:00+02:00,211.8000030517578,215.0500030517578,211.8000030517578,212.77000427246094,0,0.0,0.0
2009-06-11 00:00:00+02:00,212.49000549316406,215.19000244140625,212.25,214.8000030517578,0,0.0,0.0
2009-06-12 00:00:00+02:00,214.75,215.3699951171875,213.36000061035156,214.35000610351562,0,0.0,0.0
2009-06-15 00:00:00+02:00,213.6699981689453,213.6699981689453,208.8300018310547,209.02000427246094,0,0.0,0.0
2009-06-16 00:00:00+02:00,209.19000244140625,210.77999877929688,208.02999877929688,208.8000030517578,0,0.0,0.0
2009-06-17 00:00:00+02:00,208.33999633789062,208.3699951171875,203.42999267578125,204.6300048828125,0,0.0,0.0
2009-06-18 00:00:00+02:00,204.94000244140625,206.1699981689453,202.9199981689453,205.63999938964844,0,0.0,0.0
2009-06-19 00:00:00+02:00,206.11000061035156,209.16000366210938,205.8000030517578,208.27999877929688,0,0.0,0.0
2009-06-22 00:00:00+02:00,208.55999755859375,208.57000732421875,202.47999572753906,202.47999572753906,0,0.0,0.0
2009-06-23 00:00:00+02:00,201.5800018310547,203.32000732421875,200.83999633789062,201.49000549316406,0,0.0,0.0
2009-06-24 00:00:00+02:00,202.24000549316406,206.72999572753906,201.61000061035156,206.3300018310547,0,0.0,0.0
2009-06-25 00:00:00+02:00,206.05999755859375,206.32000732421875,201.91000366210938,204.66000366210938,0,0.0,0.0
2009-06-26 00:00:00+02:00,205.3000030517578,207.22000122070312,203.52000427246094,204.47000122070312,0,0.0,0.0
2009-06-29 00:00:00+02:00,204.2899932861328,208.3300018310547,204.25,208.02999877929688,0,0.0,0.0
2009-06-30 00:00:00+02:00,208.88999938964844,209.1699981689453,204.97999572753906,205.8300018310547,0,0.0,0.0
2009-07-01 00:00:00+02:00,206.00999450683594,210.0800018310547,206.00999450683594,209.4600067138672,0,0.0,0.0
2009-07-02 00:00:00+02:00,208.99000549316406,208.99000549316406,204.1199951171875,204.1199951171875,0,0.0,0.0
2009-07-03 00:00:00+02:00,204.5800018310547,204.97000122070312,202.91000366210938,204.0800018310547,0,0.0,0.0
2009-07-06 00:00:00+02:00,202.8699951171875,202.8699951171875,200.1199951171875,201.6999969482422,0,0.0,0.0
2009-07-07 00:00:00+02:00,202.16000366210938,203.52999877929688,200.1999969482422,200.1999969482422,0,0.0,0.0
2009-07-08 00:00:00+02:00,200.02000427246094,200.10000610351562,197.58999633789062,198.02999877929688,0,0.0,0.0
2009-07-09 00:00:00+02:00,198.64999389648438,200.6699981689453,198.64999389648438,199.41000366210938,0,0.0,0.0
2009-07-10 00:00:00+02:00,199.16000366210938,199.55999755859375,197.1300048828125,197.25,0,0.0,0.0
2009-07-13 00:00:00+02:00,196.52000427246094,200.82000732421875,195.24000549316406,200.8000030517578,0,0.0,0.0
2009-07-14 00:00:00+02:00,201.72000122070312,204.2100067138672,201.52000427246094,203.5,0,0.0,0.0
2009-07-15 00:00:00+02:00,204.1699981689453,209.0800018310547,204.1699981689453,209.0800018310547,0,0.0,0.0
2009-07-16 00:00:00+02:00,208.92999267578125,211.00999450683594,208.19000244140625,209.86000061035156,0,0.0,0.0
2009-07-17 00:00:00+02:00,210.25999450683594,211.49000549316406,209.57000732421875,210.6699981689453,0,0.0,0.0
2009-07-20 00:00:00+02:00,211.77000427246094,214.1699981689453,211.77000427246094,213.22000122070312,0,0.0,0.0
2009-07-21 00:00:00+02:00,213.50999450683594,216.25999450683594,213.22999572753906,215.02000427246094,0,0.0,0.0
2009-07-22 00:00:00+02:00,214.9199981689453,215.6699981689453,213.07000732421875,215.64999389648438,0,0.0,0.0
2009-07-23 00:00:00+02:00,216.0500030517578,220.0500030517578,215.27000427246094,219.7899932861328,0,0.0,0.0
2009-07-24 00:00:00+02:00,219.72000122070312,221.5399932861328,218.67999267578125,219.6699981689453,0,0.0,0.0
2009-07-27 00:00:00+02:00,220.41000366210938,221.55999755859375,219.1199951171875,220.58999633789062,0,0.0,0.0
2009-07-28 00:00:00+02:00,220.6199951171875,222.16000366210938,218.1300048828125,218.5399932861328,0,0.0,0.0
2009-07-29 00:00:00+02:00,218.1999969482422,221.47999572753906,217.85000610351562,220.3699951171875,0,0.0,0.0
2009-07-30 00:00:00+02:00,221.4199981689453,226.02000427246094,221.1699981689453,225.25,0,0.0,0.0
2009-07-31 00:00:00+02:00,224.97999572753906,226.2100067138672,223.83999633789062,224.91000366210938,0,0.0,0.0
2009-08-03 00:00:00+02:00,225.35000610351562,229.6300048828125,225.02999877929688,228.4600067138672,0,0.0,0.0
2009-08-04 00:00:00+02:00,228.69000244140625,228.69000244140625,226.0399932861328,227.7899932861328,0,0.0,0.0
2009-08-05 00:00:00+02:00,227.7899932861328,229.7899932861328,226.1699981689453,226.8699951171875,0,0.0,0.0
2009-08-06 00:00:00+02:00,227.75,229.82000732421875,226.9199981689453,227.88999938964844,0,0.0,0.0
2009-08-07 00:00:00+02:00,227.4600067138672,231.2100067138672,225.0399932861328,230.67999267578125,0,0.0,0.0
2009-08-10 00:00:00+02:00,230.4499969482422,230.4499969482422,228.63999938964844,229.55999755859375,0,0.0,0.0
2009-08-11 00:00:00+02:00,229.47000122070312,230.41000366210938,225.8300018310547,226.35000610351562,0,0.0,0.0
2009-08-12 00:00:00+02:00,226.19000244140625,228.89999389648438,224.5399932861328,228.64999389648438,0,0.0,0.0
2009-08-13 00:00:00+02:00,228.8699951171875,232.2899932861328,228.72000122070312,230.47999572753906,0,0.0,0.0
2009-08-14 00:00:00+02:00,230.72999572753906,232.0500030517578,227.8800048828125,228.77000427246094,0,0.0,0.0
2009-08-17 00:00:00+02:00,228.0,228.0,223.0399932861328,224.22999572753906,0,0.0,0.0
2009-08-18 00:00:00+02:00,225.10000610351562,227.22999572753906,225.10000610351562,227.22999572753906,0,0.0,0.0
2009-08-19 00:00:00+02:00,226.1699981689453,227.0500030517578,223.88999938964844,226.4499969482422,0,0.0,0.0
2009-08-20 00:00:00+02:00,226.64999389648438,230.25,226.64999389648438,229.64999389648438,0,0.0,0.0
2009-08-21 00:00:00+02:00,229.22999572753906,235.22000122070312,228.89999389648438,234.85000610351562,0,0.0,0.0
2009-08-24 00:00:00+02:00,235.25,237.55999755859375,235.25,236.83999633789062,0,0.0,0.0
2009-08-25 00:00:00+02:00,235.8699951171875,238.50999450683594,235.16000366210938,237.83999633789062,0,0.0,0.0
2009-08-26 00:00:00+02:00,237.35000610351562,238.60000610351562,235.60000610351562,236.4499969482422,0,0.0,0.0
2009-08-27 00:00:00+02:00,236.2100067138672,237.1999969482422,234.25,235.24000549316406,0,0.0,0.0
2009-08-28 00:00:00+02:00,236.19000244140625,239.49000549316406,236.19000244140625,237.50999450683594,0,0.0,0.0
2009-08-31 00:00:00+02:00,236.88999938964844,236.88999938964844,235.5500030517578,235.6199951171875,0,0.0,0.0
2009-09-01 00:00:00+02:00,236.49000549316406,237.5500030517578,231.66000366210938,231.66000366210938,0,0.0,0.0
2009-09-02 00:00:00+02:00,231.44000244140625,231.44000244140625,228.52999877929688,230.58999633789062,0,0.0,0.0
2009-09-03 00:00:00+02:00,230.92999267578125,232.57000732421875,230.05999755859375,230.67999267578125,0,0.0,0.0
2009-09-04 00:00:00+02:00,230.5399932861328,234.22000122070312,230.5399932861328,233.85000610351562,0,0.0,0.0
2009-09-08 00:00:00+02:00,237.50999450683594,238.92999267578125,236.91000366210938,237.88999938964844,0,0.0,0.0
2009-09-09 00:00:00+02:00,237.27000427246094,240.08999633789062,236.63999938964844,240.08999633789062,0,0.0,0.0
2009-09-10 00:00:00+02:00,240.7100067138672,241.61000061035156,238.4499969482422,240.47000122070312,0,0.0,0.0
2009-09-11 00:00:00+02:00,240.9199981689453,242.69000244140625,240.9199981689453,241.74000549316406,0,0.0,0.0
2009-09-14 00:00:00+02:00,240.4600067138672,241.0399932861328,237.9600067138672,240.92999267578125,0,0.0,0.0
2009-09-15 00:00:00+02:00,241.3800048828125,242.2100067138672,240.25,241.36000061035156,0,0.0,0.0
2009-09-16 00:00:00+02:00,241.50999450683594,245.22000122070312,241.50999450683594,244.82000732421875,0,0.0,0.0
2009-09-17 00:00:00+02:00,245.4499969482422,246.74000549316406,244.86000061035156,246.10000610351562,0,0.0,0.0
2009-09-18 00:00:00+02:00,244.8699951171875,246.25999450683594,244.35000610351562,244.9199981689453,0,0.0,0.0
2009-09-21 00:00:00+02:00,244.6699981689453,244.6699981689453,241.66000366210938,242.97000122070312,0,0.0,0.0
2009-09-22 00:00:00+02:00,243.69000244140625,245.69000244140625,243.69000244140625,244.22000122070312,0,0.0,0.0
2009-09-23 00:00:00+02:00,244.27999877929688,245.94000244140625,244.0399932861328,244.74000549316406,0,0.0,0.0
2009-09-24 00:00:00+02:00,244.27000427246094,244.63999938964844,239.8300018310547,239.97999572753906,0,0.0,0.0
2009-09-25 00:00:00+02:00,239.75999450683594,240.6300048828125,238.67999267578125,238.9499969482422,0,0.0,0.0
2009-09-28 00:00:00+02:00,238.6699981689453,243.1999969482422,236.8000030517578,243.1999969482422,0,0.0,0.0
2009-09-29 00:00:00+02:00,243.50999450683594,245.00999450683594,242.19000244140625,243.58999633789062,0,0.0,0.0
2009-09-30 00:00:00+02:00,244.0800018310547,245.42999267578125,240.49000549316406,242.47000122070312,0,0.0,0.0
2009-10-01 00:00:00+02:00,242.74000549316406,244.22000122070312,238.6199951171875,238.6199951171875,0,0.0,0.0
2009-10-02 00:00:00+02:00,237.5800018310547,237.5800018310547,232.92999267578125,234.10000610351562,0,0.0,0.0
2009-10-05 00:00:00+02:00,234.55999755859375,236.30999755859375,233.6199951171875,236.08999633789062,0,0.0,0.0
2009-10-06 00:00:00+02:00,236.35000610351562,241.39999389648438,236.35000610351562,241.1699981689453,0,0.0,0.0
2009-10-07 00:00:00+02:00,240.9199981689453,242.11000061035156,239.8699951171875,240.3000030517578,0,0.0,0.0
2009-10-08 00:00:00+02:00,241.72000122070312,243.67999267578125,241.72000122070312,243.44000244140625,0,0.0,0.0
2009-10-09 00:00:00+02:00,242.85000610351562,244.2100067138672,241.6999969482422,242.72999572753906,0,0.0,0.0
2009-10-12 00:00:00+02:00,242.89999389648438,245.66000366210938,242.89999389648438,244.33999633789062,0,0.0,0.0
2009-10-13 00:00:00+02:00,244.22999572753906,244.69000244140625,241.47999572753906,241.94000244140625,0,0.0,0.0
2009-10-14 00:00:00+02:00,243.69000244140625,247.3800048828125,243.69000244140625,246.97999572753906,0,0.0,0.0
2009-10-15 00:00:00+02:00,247.85000610351562,248.97000122070312,246.69000244140625,247.27999877929688,0,0.0,0.0
2009-10-16 00:00:00+02:00,247.85000610351562,249.47000122070312,244.97000122070312,245.5800018310547,0,0.0,0.0
2009-10-19 00:00:00+02:00,245.7100067138672,249.3699951171875,245.7100067138672,249.33999633789062,0,0.0,0.0
2009-10-20 00:00:00+02:00,249.61000061035156,250.4600067138672,247.60000610351562,248.25,0,0.0,0.0
2009-10-21 00:00:00+02:00,248.50999450683594,249.86000061035156,245.52999877929688,249.19000244140625,0,0.0,0.0
2009-10-22 00:00:00+02:00,247.35000610351562,247.35000610351562,244.47999572753906,246.22999572753906,0,0.0,0.0
2009-10-23 00:00:00+02:00,246.55999755859375,249.57000732421875,244.82000732421875,244.88999938964844,0,0.0,0.0
2009-10-26 00:00:00+01:00,245.0,246.36000061035156,241.13999938964844,241.83999633789062,0,0.0,0.0
2009-10-27 00:00:00+01:00,242.1699981689453,243.8300018310547,241.22999572753906,242.27000427246094,0,0.0,0.0
2009-10-28 00:00:00+01:00,241.99000549316406,241.99000549316406,237.33999633789062,237.33999633789062,0,0.0,0.0
2009-10-29 00:00:00+01:00,237.25,241.89999389648438,236.0,241.72999572753906,0,0.0,0.0
2009-10-30 00:00:00+01:00,241.99000549316406,243.24000549316406,236.50999450683594,236.92999267578125,0,0.0,0.0
2009-11-02 00:00:00+01:00,236.27000427246094,238.66000366210938,234.91000366210938,237.63999938964844,0,0.0,0.0
2009-11-03 00:00:00+01:00,236.36000061035156,236.36000061035156,232.5399932861328,234.89999389648438,0,0.0,0.0
2009-11-04 00:00:00+01:00,235.77000427246094,239.5500030517578,235.77000427246094,239.1300048828125,0,0.0,0.0
2009-11-05 00:00:00+01:00,237.77000427246094,241.75999450683594,235.47999572753906,240.52000427246094,0,0.0,0.0
2009-11-06 00:00:00+01:00,240.64999389648438,241.8300018310547,238.02000427246094,241.05999755859375,0,0.0,0.0
2009-11-09 00:00:00+01:00,242.4600067138672,245.8800048828125,242.4600067138672,245.74000549316406,0,0.0,0.0
2009-11-10 00:00:00+01:00,245.5500030517578,246.41000366210938,244.72999572753906,245.30999755859375,0,0.0,0.0
2009-11-11 00:00:00+01:00,246.0399932861328,248.22000122070312,245.77999877929688,246.1999969482422,0,0.0,0.0
2009-11-12 00:00:00+01:00,245.82000732421875,247.99000549316406,245.0500030517578,246.61000061035156,0,0.0,0.0
2009-11-13 00:00:00+01:00,246.92999267578125,247.8800048828125,245.67999267578125,247.8000030517578,0,0.0,0.0
2009-11-16 00:00:00+01:00,248.52999877929688,251.67999267578125,248.52999877929688,251.33999633789062,0,0.0,0.0
2009-11-17 00:00:00+01:00,251.1300048828125,251.6699981689453,249.97000122070312,250.36000061035156,0,0.0,0.0
2009-11-18 00:00:00+01:00,250.49000549316406,251.88999938964844,249.41000366210938,249.64999389648438,0,0.0,0.0
2009-11-19 00:00:00+01:00,249.61000061035156,249.63999938964844,245.07000732421875,245.52000427246094,0,0.0,0.0
2009-11-20 00:00:00+01:00,245.7100067138672,246.88999938964844,242.64999389648438,243.6199951171875,0,0.0,0.0
2009-11-23 00:00:00+01:00,244.36000061035156,249.27000427246094,244.36000061035156,248.49000549316406,0,0.0,0.0
2009-11-24 00:00:00+01:00,247.52999877929688,248.88999938964844,246.35000610351562,246.8800048828125,0,0.0,0.0
2009-11-25 00:00:00+01:00,248.10000610351562,249.30999755859375,246.63999938964844,247.9600067138672,0,0.0,0.0
2009-11-26 00:00:00+01:00,246.77999877929688,246.77999877929688,239.58999633789062,239.85000610351562,0,0.0,0.0
2009-11-27 00:00:00+01:00,237.92999267578125,243.67999267578125,235.91000366210938,242.60000610351562,0,0.0,0.0
2009-11-30 00:00:00+01:00,242.72999572753906,243.25999450683594,239.1699981689453,239.1699981689453,0,0.0,0.0
2009-12-01 00:00:00+01:00,240.4199981689453,245.5800018310547,240.4199981689453,245.5800018310547,0,0.0,0.0
2009-12-02 00:00:00+01:00,245.5,247.67999267578125,245.0500030517578,246.77000427246094,0,0.0,0.0
2009-12-03 00:00:00+01:00,246.75,249.08999633789062,246.0399932861328,246.3300018310547,0,0.0,0.0
2009-12-04 00:00:00+01:00,246.02999877929688,250.6300048828125,244.77000427246094,249.02999877929688,0,0.0,0.0
2009-12-07 00:00:00+01:00,248.0800018310547,248.5800018310547,245.8800048828125,247.8800048828125,0,0.0,0.0
2009-12-08 00:00:00+01:00,247.22999572753906,248.25999450683594,242.85000610351562,244.00999450683594,0,0.0,0.0
2009-12-09 00:00:00+01:00,243.3699951171875,244.63999938964844,240.55999755859375,241.4199981689453,0,0.0,0.0
2009-12-10 00:00:00+01:00,241.52999877929688,244.49000549316406,241.3800048828125,243.88999938964844,0,0.0,0.0
2009-12-11 00:00:00+01:00,244.27000427246094,246.64999389648438,244.27000427246094,245.1300048828125,0,0.0,0.0
2009-12-14 00:00:00+01:00,246.24000549316406,247.60000610351562,246.1699981689453,247.0399932861328,0,0.0,0.0
2009-12-15 00:00:00+01:00,247.5399932861328,247.97999572753906,245.0800018310547,247.1699981689453,0,0.0,0.0
2009-12-16 00:00:00+01:00,247.39999389648438,250.3300018310547,247.39999389648438,250.3300018310547,0,0.0,0.0
2009-12-17 00:00:00+01:00,249.49000549316406,249.97999572753906,246.92999267578125,247.17999267578125,0,0.0,0.0
2009-12-18 00:00:00+01:00,247.3300018310547,249.69000244140625,246.19000244140625,246.19000244140625,0,0.0,0.0
2009-12-21 00:00:00+01:00,246.75999450683594,250.0399932861328,246.72999572753906,249.57000732421875,0,0.0,0.0
2009-12-22 00:00:00+01:00,249.77999877929688,252.0800018310547,249.77999877929688,251.14999389648438,0,0.0,0.0
2009-12-23 00:00:00+01:00,251.55999755859375,252.9499969482422,251.0500030517578,251.89999389648438,0,0.0,0.0
2009-12-24 00:00:00+01:00,251.89999389648438,251.89999389648438,251.89999389648438,251.89999389648438,0,0.0,0.0
2009-12-28 00:00:00+01:00,252.44000244140625,253.22000122070312,252.44000244140625,253.1699981689453,0,0.0,0.0
2009-12-29 00:00:00+01:00,253.52000427246094,254.60000610351562,253.52000427246094,254.08999633789062,0,0.0,0.0
2009-12-30 00:00:00+01:00,253.8800048828125,254.19000244140625,252.0800018310547,253.16000366210938,0,0.0,0.0
2009-12-31 00:00:00+01:00,253.16000366210938,253.16000366210938,253.16000366210938,253.16000366210938,0,0.0,0.0
2010-01-04 00:00:00+01:00,254.24000549316406,257.6499938964844,254.24000549316406,257.6499938964844,0,0.0,0.0
2010-01-05 00:00:00+01:00,257.3999938964844,258.2099914550781,256.42999267578125,257.5899963378906,0,0.0,0.0
2010-01-06 00:00:00+01:00,258.0799865722656,258.6099853515625,256.9700012207031,257.9599914550781,0,0.0,0.0
2010-01-07 00:00:00+01:00,257.32000732421875,258.7900085449219,255.86000061035156,258.0400085449219,0,0.0,0.0
2010-01-08 00:00:00+01:00,258.57000732421875,259.8299865722656,257.5,259.1499938964844,0,0.0,0.0
2010-01-11 00:00:00+01:00,259.70001220703125,261.3900146484375,258.6600036621094,258.80999755859375,0,0.0,0.0
2010-01-12 00:00:00+01:00,258.75,259.19000244140625,255.38999938964844,256.3800048828125,0,0.0,0.0
2010-01-13 00:00:00+01:00,256.2699890136719,257.44000244140625,255.8000030517578,256.9599914550781,0,0.0,0.0
2010-01-14 00:00:00+01:00,257.7900085449219,259.2799987792969,257.4100036621094,258.8399963378906,0,0.0,0.0
2010-01-15 00:00:00+01:00,259.5400085449219,260.7699890136719,256.1199951171875,256.44000244140625,0,0.0,0.0
2010-01-18 00:00:00+01:00,257.17999267578125,258.3800048828125,256.7099914550781,258.2099914550781,0,0.0,0.0
2010-01-19 00:00:00+01:00,258.25,260.760009765625,255.8300018310547,260.260009765625,0,0.0,0.0
2010-01-20 00:00:00+01:00,259.92999267578125,260.5199890136719,255.67999267578125,256.29998779296875,0,0.0,0.0
2010-01-21 00:00:00+01:00,256.25,257.92999267578125,252.69000244140625,252.75999450683594,0,0.0,0.0
2010-01-22 00:00:00+01:00,252.02000427246094,252.5800018310547,247.8699951171875,249.91000366210938,0,0.0,0.0
2010-01-25 00:00:00+01:00,248.97999572753906,250.86000061035156,248.08999633789062,248.2899932861328,0,0.0,0.0
2010-01-26 00:00:00+01:00,247.74000549316406,249.41000366210938,245.8699951171875,249.41000366210938,0,0.0,0.0
2010-01-27 00:00:00+01:00,248.33999633789062,249.22999572753906,245.8000030517578,247.30999755859375,0,0.0,0.0
2010-01-28 00:00:00+01:00,249.0,250.75999450683594,244.61000061035156,244.61000061035156,0,0.0,0.0
2010-01-29 00:00:00+01:00,245.47000122070312,248.47000122070312,244.6300048828125,246.9600067138672,0,0.0,0.0
2010-02-01 00:00:00+01:00,245.8000030517578,248.66000366210938,244.89999389648438,248.4199981689453,0,0.0,0.0
2010-02-02 00:00:00+01:00,248.39999389648438,251.07000732421875,247.16000366210938,250.8000030517578,0,0.0,0.0
2010-02-03 00:00:00+01:00,251.1300048828125,251.8300018310547,248.7899932861328,249.39999389648438,0,0.0,0.0
2010-02-04 00:00:00+01:00,249.5,250.16000366210938,242.3000030517578,242.6999969482422,0,0.0,0.0
2010-02-05 00:00:00+01:00,241.88999938964844,241.88999938964844,236.97999572753906,237.4600067138672,0,0.0,0.0
2010-02-08 00:00:00+01:00,237.3800048828125,239.7899932861328,235.3800048828125,238.91000366210938,0,0.0,0.0
2010-02-09 00:00:00+01:00,238.5500030517578,240.5399932861328,237.7100067138672,239.19000244140625,0,0.0,0.0
2010-02-10 00:00:00+01:00,240.0800018310547,243.02000427246094,239.77999877929688,240.91000366210938,0,0.0,0.0
2010-02-11 00:00:00+01:00,241.4199981689453,243.36000061035156,239.33999633789062,241.74000549316406,0,0.0,0.0
2010-02-12 00:00:00+01:00,243.10000610351562,244.63999938964844,239.6999969482422,241.02000427246094,0,0.0,0.0
2010-02-15 00:00:00+01:00,241.75,243.22000122070312,241.4499969482422,241.9199981689453,0,0.0,0.0
2010-02-16 00:00:00+01:00,243.02000427246094,244.44000244140625,241.57000732421875,244.3800048828125,0,0.0,0.0
2010-02-17 00:00:00+01:00,245.67999267578125,248.63999938964844,245.67999267578125,247.69000244140625,0,0.0,0.0
2010-02-18 00:00:00+01:00,247.66000366210938,249.22999572753906,247.02999877929688,249.13999938964844,0,0.0,0.0
2010-02-19 00:00:00+01:00,247.3699951171875,250.42999267578125,246.5500030517578,250.3000030517578,0,0.0,0.0
2010-02-22 00:00:00+01:00,250.3800048828125,250.89999389648438,249.19000244140625,249.6699981689453,0,0.0,0.0
2010-02-23 00:00:00+01:00,250.27999877929688,251.24000549316406,246.27000427246094,246.74000549316406,0,0.0,0.0
2010-02-24 00:00:00+01:00,247.05999755859375,247.80999755859375,245.52000427246094,247.22000122070312,0,0.0,0.0
2010-02-25 00:00:00+01:00,246.7100067138672,248.00999450683594,242.8300018310547,243.2899932861328,0,0.0,0.0
2010-02-26 00:00:00+01:00,244.27000427246094,245.9600067138672,243.14999389648438,245.8000030517578,0,0.0,0.0
2010-03-01 00:00:00+01:00,246.60000610351562,248.75,245.11000061035156,248.69000244140625,0,0.0,0.0
2010-03-02 00:00:00+01:00,248.33999633789062,250.7100067138672,247.89999389648438,250.64999389648438,0,0.0,0.0
2010-03-03 00:00:00+01:00,250.39999389648438,252.8300018310547,249.4600067138672,252.60000610351562,0,0.0,0.0
2010-03-04 00:00:00+01:00,251.80999755859375,253.92999267578125,251.00999450683594,253.0,0,0.0,0.0
2010-03-05 00:00:00+01:00,253.52000427246094,257.2200012207031,253.52000427246094,257.0899963378906,0,0.0,0.0
2010-03-08 00:00:00+01:00,257.6499938964844,257.9200134277344,256.489990234375,256.8699951171875,0,0.0,0.0
2010-03-09 00:00:00+01:00,256.6199951171875,257.2900085449219,254.83999633789062,256.7300109863281,0,0.0,0.0
2010-03-10 00:00:00+01:00,256.44000244140625,258.4599914550781,255.9199981689453,258.239990234375,0,0.0,0.0
2010-03-11 00:00:00+01:00,257.70001220703125,258.7099914550781,256.5899963378906,257.6000061035156,0,0.0,0.0
2010-03-12 00:00:00+01:00,257.5299987792969,259.6300048828125,257.5299987792969,258.3999938964844,0,0.0,0.0
2010-03-15 00:00:00+01:00,258.2699890136719,258.3299865722656,256.4800109863281,256.6499938964844,0,0.0,0.0
2010-03-16 00:00:00+01:00,257.07000732421875,259.6199951171875,257.07000732421875,259.0299987792969,0,0.0,0.0
2010-03-17 00:00:00+01:00,259.6700134277344,261.8800048828125,259.6600036621094,261.3399963378906,0,0.0,0.0
2010-03-18 00:00:00+01:00,261.07000732421875,262.1000061035156,260.5299987792969,261.20001220703125,0,0.0,0.0
2010-03-19 00:00:00+01:00,260.9599914550781,262.8500061035156,259.4599914550781,260.20001220703125,0,0.0,0.0
2010-03-22 00:00:00+01:00,259.45001220703125,260.1300048828125,256.8999938964844,260.1199951171875,0,0.0,0.0
2010-03-23 00:00:00+01:00,260.29998779296875,262.32000732421875,260.2699890136719,261.8500061035156,0,0.0,0.0
2010-03-24 00:00:00+01:00,262.5299987792969,263.2300109863281,260.1499938964844,262.19000244140625,0,0.0,0.0
2010-03-25 00:00:00+01:00,262.3900146484375,264.989990234375,262.32000732421875,264.7900085449219,0,0.0,0.0
2010-03-26 00:00:00+01:00,264.3599853515625,264.3599853515625,263.0400085449219,263.5899963378906,0,0.0,0.0
2010-03-29 00:00:00+02:00,263.9100036621094,264.9100036621094,262.80999755859375,263.8900146484375,0,0.0,0.0
2010-03-30 00:00:00+02:00,264.4800109863281,265.4800109863281,263.5899963378906,263.8699951171875,0,0.0,0.0
2010-03-31 00:00:00+02:00,263.5199890136719,264.9200134277344,262.0,263.57000732421875,0,0.0,0.0
2010-04-01 00:00:00+02:00,264.6300048828125,267.6600036621094,264.6300048828125,267.6199951171875,0,0.0,0.0
2010-04-06 00:00:00+02:00,267.7200012207031,269.5899963378906,267.6099853515625,269.3699951171875,0,0.0,0.0
2010-04-07 00:00:00+02:00,269.5799865722656,269.5799865722656,268.1199951171875,268.6099853515625,0,0.0,0.0
2010-04-08 00:00:00+02:00,268.0299987792969,268.0299987792969,264.9700012207031,266.2799987792969,0,0.0,0.0
2010-04-09 00:00:00+02:00,266.3800048828125,269.75,266.3800048828125,269.739990234375,0,0.0,0.0
2010-04-12 00:00:00+02:00,269.5299987792969,270.3299865722656,268.6099853515625,269.3599853515625,0,0.0,0.0
2010-04-13 00:00:00+02:00,268.8800048828125,269.6300048828125,267.760009765625,268.69000244140625,0,0.0,0.0
2010-04-14 00:00:00+02:00,269.010009765625,271.1000061035156,269.010009765625,270.44000244140625,0,0.0,0.0
2010-04-15 00:00:00+02:00,270.9700012207031,272.6199951171875,269.82000732421875,272.1400146484375,0,0.0,0.0
2010-04-16 00:00:00+02:00,271.3299865722656,272.6000061035156,267.2099914550781,267.9200134277344,0,0.0,0.0
2010-04-19 00:00:00+02:00,266.45001220703125,266.9700012207031,264.5799865722656,266.1300048828125,0,0.0,0.0
2010-04-20 00:00:00+02:00,266.79998779296875,270.1400146484375,266.79998779296875,269.760009765625,0,0.0,0.0
2010-04-21 00:00:00+02:00,269.29998779296875,269.29998779296875,268.2300109863281,268.2300109863281,0,0.0,0.0
2010-04-22 00:00:00+02:00,268.4200134277344,269.8800048828125,264.2300109863281,265.32000732421875,0,0.0,0.0
2010-04-23 00:00:00+02:00,265.55999755859375,268.3500061035156,265.05999755859375,267.4200134277344,0,0.0,0.0
2010-04-26 00:00:00+02:00,269.2200012207031,271.29998779296875,269.2200012207031,270.1000061035156,0,0.0,0.0
2010-04-27 00:00:00+02:00,269.3999938964844,269.3999938964844,261.6499938964844,261.6499938964844,0,0.0,0.0
2010-04-28 00:00:00+02:00,261.760009765625,261.760009765625,256.19000244140625,258.239990234375,0,0.0,0.0
2010-04-29 00:00:00+02:00,258.1000061035156,262.45001220703125,257.8299865722656,261.739990234375,0,0.0,0.0
2010-04-30 00:00:00+02:00,262.0400085449219,263.6000061035156,258.3999938964844,259.9100036621094,0,0.0,0.0
2010-05-03 00:00:00+02:00,259.5799865722656,260.94000244140625,258.29998779296875,260.5199890136719,0,0.0,0.0
2010-05-04 00:00:00+02:00,260.54998779296875,261.1199951171875,252.5500030517578,252.9600067138672,0,0.0,0.0
2010-05-05 00:00:00+02:00,253.49000549316406,254.2899932861328,248.92999267578125,250.5500030517578,0,0.0,0.0
2010-05-06 00:00:00+02:00,249.41000366210938,252.72000122070312,245.8800048828125,246.89999389648438,0,0.0,0.0
2010-05-07 00:00:00+02:00,245.2100067138672,245.2100067138672,234.6199951171875,237.17999267578125,0,0.0,0.0
2010-05-10 00:00:00+02:00,238.61000061035156,254.13999938964844,238.61000061035156,254.13999938964844,0,0.0,0.0
2010-05-11 00:00:00+02:00,254.27999877929688,254.27999877929688,248.55999755859375,252.92999267578125,0,0.0,0.0
2010-05-12 00:00:00+02:00,253.55999755859375,257.79998779296875,251.52000427246094,256.6000061035156,0,0.0,0.0
2010-05-14 00:00:00+02:00,256.3599853515625,256.3599853515625,247.82000732421875,248.4600067138672,0,0.0,0.0
2010-05-17 00:00:00+02:00,248.52000427246094,251.2100067138672,246.5399932861328,248.08999633789062,0,0.0,0.0
2010-05-18 00:00:00+02:00,248.0800018310547,252.66000366210938,248.0800018310547,251.3000030517578,0,0.0,0.0
2010-05-19 00:00:00+02:00,249.86000061035156,249.86000061035156,243.7100067138672,243.7100067138672,0,0.0,0.0
2010-05-20 00:00:00+02:00,243.14999389648438,246.16000366210938,234.49000549316406,238.27999877929688,0,0.0,0.0
2010-05-21 00:00:00+02:00,237.1300048828125,238.1300048828125,231.36000061035156,237.11000061035156,0,0.0,0.0
2010-05-25 00:00:00+02:00,238.25,238.25,229.74000549316406,232.11000061035156,0,0.0,0.0
2010-05-26 00:00:00+02:00,233.9600067138672,240.0399932861328,233.9600067138672,237.74000549316406,0,0.0,0.0
2010-05-27 00:00:00+02:00,237.4600067138672,244.7899932861328,237.4600067138672,244.7899932861328,0,0.0,0.0
2010-05-28 00:00:00+02:00,244.75,246.27999877929688,243.60000610351562,244.00999450683594,0,0.0,0.0
2010-05-31 00:00:00+02:00,244.25999450683594,245.25,243.97999572753906,244.97000122070312,0,0.0,0.0
2010-06-01 00:00:00+02:00,244.47999572753906,246.02000427246094,239.92999267578125,245.33999633789062,0,0.0,0.0
2010-06-02 00:00:00+02:00,244.7899932861328,245.63999938964844,241.8000030517578,245.39999389648438,0,0.0,0.0
2010-06-03 00:00:00+02:00,247.58999633789062,250.86000061035156,247.58999633789062,248.91000366210938,0,0.0,0.0
2010-06-04 00:00:00+02:00,249.3699951171875,251.38999938964844,243.97999572753906,244.52999877929688,0,0.0,0.0
2010-06-07 00:00:00+02:00,242.5800018310547,244.9499969482422,240.5,242.7100067138672,0,0.0,0.0
2010-06-08 00:00:00+02:00,243.1199951171875,243.67999267578125,238.07000732421875,240.05999755859375,0,0.0,0.0
2010-06-09 00:00:00+02:00,240.47999572753906,244.60000610351562,239.75999450683594,244.60000610351562,0,0.0,0.0
2010-06-10 00:00:00+02:00,243.75,249.02999877929688,242.2899932861328,248.4600067138672,0,0.0,0.0
2010-06-11 00:00:00+02:00,248.72000122070312,250.64999389648438,247.0500030517578,249.4600067138672,0,0.0,0.0
2010-06-14 00:00:00+02:00,249.44000244140625,252.58999633789062,249.44000244140625,252.52999877929688,0,0.0,0.0
2010-06-15 00:00:00+02:00,252.6999969482422,254.88999938964844,250.69000244140625,254.27999877929688,0,0.0,0.0
2010-06-16 00:00:00+02:00,254.0,255.6199951171875,252.5500030517578,254.47000122070312,0,0.0,0.0
2010-06-17 00:00:00+02:00,253.80999755859375,256.2799987792969,253.25,254.8800048828125,0,0.0,0.0
2010-06-18 00:00:00+02:00,255.00999450683594,256.6400146484375,254.33999633789062,255.5,0,0.0,0.0
2010-06-21 00:00:00+02:00,257.739990234375,259.7200012207031,257.3599853515625,258.17999267578125,0,0.0,0.0
2010-06-22 00:00:00+02:00,256.9599914550781,257.7300109863281,254.61000061035156,256.9200134277344,0,0.0,0.0
2010-06-23 00:00:00+02:00,257.1300048828125,257.510009765625,253.63999938964844,254.44000244140625,0,0.0,0.0
2010-06-24 00:00:00+02:00,254.27000427246094,255.5500030517578,249.32000732421875,249.77999877929688,0,0.0,0.0
2010-06-25 00:00:00+02:00,249.55999755859375,250.9499969482422,247.61000061035156,248.3300018310547,0,0.0,0.0
2010-06-28 00:00:00+02:00,248.72999572753906,251.39999389648438,247.5500030517578,251.36000061035156,0,0.0,0.0
2010-06-29 00:00:00+02:00,252.02999877929688,252.02999877929688,243.4499969482422,243.82000732421875,0,0.0,0.0
2010-06-30 00:00:00+02:00,243.94000244140625,245.5500030517578,241.97999572753906,243.32000732421875,0,0.0,0.0
2010-07-01 00:00:00+02:00,241.77000427246094,241.77000427246094,236.2899932861328,237.3000030517578,0,0.0,0.0
2010-07-02 00:00:00+02:00,237.25999450683594,240.2100067138672,237.25999450683594,237.27000427246094,0,0.0,0.0
2010-07-05 00:00:00+02:00,238.27000427246094,238.3000030517578,236.67999267578125,236.67999267578125,0,0.0,0.0
2010-07-06 00:00:00+02:00,237.52000427246094,243.7899932861328,237.52000427246094,242.75999450683594,0,0.0,0.0
2010-07-07 00:00:00+02:00,242.55999755859375,246.05999755859375,239.1300048828125,246.05999755859375,0,0.0,0.0
2010-07-08 00:00:00+02:00,247.11000061035156,249.3699951171875,247.11000061035156,248.60000610351562,0,0.0,0.0
2010-07-09 00:00:00+02:00,249.3300018310547,250.66000366210938,248.92999267578125,250.08999633789062,0,0.0,0.0
2010-07-12 00:00:00+02:00,250.05999755859375,252.3800048828125,249.19000244140625,251.17999267578125,0,0.0,0.0
2010-07-13 00:00:00+02:00,251.22999572753906,256.20001220703125,251.22999572753906,255.99000549316406,0,0.0,0.0
2010-07-15 00:00:00+02:00,255.39999389648438,256.8500061035156,251.97999572753906,252.97000122070312,0,0.0,0.0
2010-07-16 00:00:00+02:00,253.3699951171875,254.33999633789062,247.63999938964844,248.11000061035156,0,0.0,0.0
2010-07-19 00:00:00+02:00,247.8000030517578,249.1199951171875,245.52000427246094,246.17999267578125,0,0.0,0.0
2010-07-20 00:00:00+02:00,247.19000244140625,248.00999450683594,243.47000122070312,246.35000610351562,0,0.0,0.0
2010-07-21 00:00:00+02:00,247.61000061035156,251.52000427246094,247.61000061035156,249.24000549316406,0,0.0,0.0
2010-07-22 00:00:00+02:00,249.00999450683594,254.6699981689453,248.19000244140625,254.3699951171875,0,0.0,0.0
2010-07-23 00:00:00+02:00,254.47000122070312,255.99000549316406,253.5500030517578,255.97000122070312,0,0.0,0.0
2010-07-26 00:00:00+02:00,255.2899932861328,257.1199951171875,254.61000061035156,257.1199951171875,0,0.0,0.0
2010-07-27 00:00:00+02:00,257.55999755859375,259.79998779296875,257.45001220703125,258.1099853515625,0,0.0,0.0
2010-07-28 00:00:00+02:00,258.5400085449219,259.67999267578125,256.6000061035156,257.2099914550781,0,0.0,0.0
2010-07-29 00:00:00+02:00,257.29998779296875,259.57000732421875,256.260009765625,256.260009765625,0,0.0,0.0
2010-07-30 00:00:00+02:00,255.97999572753906,257.54998779296875,253.22999572753906,255.35000610351562,0,0.0,0.0
2010-08-02 00:00:00+02:00,256.4200134277344,262.2799987792969,256.4200134277344,262.0899963378906,0,0.0,0.0
2010-08-03 00:00:00+02:00,261.8500061035156,262.05999755859375,260.260009765625,262.05999755859375,0,0.0,0.0
2010-08-04 00:00:00+02:00,261.9200134277344,263.0299987792969,259.1199951171875,262.1700134277344,0,0.0,0.0
2010-08-05 00:00:00+02:00,262.1700134277344,263.75,261.1000061035156,261.4800109863281,0,0.0,0.0
2010-08-06 00:00:00+02:00,262.1400146484375,263.4200134277344,257.6600036621094,258.7099914550781,0,0.0,0.0
2010-08-09 00:00:00+02:00,258.6099853515625,262.5299987792969,258.6099853515625,262.260009765625,0,0.0,0.0
2010-08-10 00:00:00+02:00,261.3900146484375,261.4800109863281,258.44000244140625,259.92999267578125,0,0.0,0.0
2010-08-11 00:00:00+02:00,260.55999755859375,260.55999755859375,254.57000732421875,254.67999267578125,0,0.0,0.0
2010-08-12 00:00:00+02:00,254.67999267578125,255.97000122070312,253.0500030517578,254.92999267578125,0,0.0,0.0
2010-08-13 00:00:00+02:00,254.92999267578125,256.8599853515625,253.1199951171875,255.55999755859375,0,0.0,0.0
2010-08-16 00:00:00+02:00,255.8699951171875,256.9700012207031,253.39999389648438,255.61000061035156,0,0.0,0.0
2010-08-17 00:00:00+02:00,255.5800018310547,258.4700012207031,255.5800018310547,258.4700012207031,0,0.0,0.0
2010-08-18 00:00:00+02:00,257.7699890136719,258.55999755859375,256.0899963378906,257.6000061035156,0,0.0,0.0
2010-08-19 00:00:00+02:00,258.2699890136719,259.489990234375,253.83999633789062,253.89999389648438,0,0.0,0.0
2010-08-20 00:00:00+02:00,253.92999267578125,254.85000610351562,250.97000122070312,252.14999389648438,0,0.0,0.0
2010-08-23 00:00:00+02:00,252.77999877929688,255.39999389648438,252.22000122070312,253.75999450683594,0,0.0,0.0
2010-08-24 00:00:00+02:00,252.25999450683594,252.25999450683594,247.4499969482422,249.4499969482422,0,0.0,0.0
2010-08-25 00:00:00+02:00,249.47999572753906,250.08999633789062,245.25,247.5399932861328,0,0.0,0.0
2010-08-26 00:00:00+02:00,248.61000061035156,250.4199981689453,248.42999267578125,249.64999389648438,0,0.0,0.0
2010-08-27 00:00:00+02:00,249.02999877929688,251.3300018310547,247.4600067138672,251.24000549316406,0,0.0,0.0
2010-08-30 00:00:00+02:00,251.85000610351562,252.39999389648438,250.74000549316406,251.16000366210938,0,0.0,0.0
2010-08-31 00:00:00+02:00,249.85000610351562,251.30999755859375,247.82000732421875,251.30999755859375,0,0.0,0.0
2010-09-01 00:00:00+02:00,251.35000610351562,258.19000244140625,250.8800048828125,258.19000244140625,0,0.0,0.0
2010-09-02 00:00:00+02:00,258.17999267578125,258.80999755859375,257.1000061035156,258.17999267578125,0,0.0,0.0
2010-09-03 00:00:00+02:00,258.3599853515625,261.8299865722656,258.2300109863281,260.3999938964844,0,0.0,0.0
2010-09-06 00:00:00+02:00,261.0199890136719,261.5299987792969,260.3699951171875,260.94000244140625,0,0.0,0.0
2010-09-07 00:00:00+02:00,261.4700012207031,261.4700012207031,258.3599853515625,259.760009765625,0,0.0,0.0
2010-09-08 00:00:00+02:00,259.94000244140625,262.7699890136719,258.8500061035156,262.3299865722656,0,0.0,0.0
2010-09-09 00:00:00+02:00,261.989990234375,265.239990234375,261.3500061035156,265.0899963378906,0,0.0,0.0
2010-09-10 00:00:00+02:00,264.8299865722656,265.1600036621094,263.8399963378906,264.70001220703125,0,0.0,0.0
2010-09-13 00:00:00+02:00,265.9800109863281,267.7799987792969,265.8599853515625,266.45001220703125,0,0.0,0.0
2010-09-14 00:00:00+02:00,266.3699951171875,266.79998779296875,265.2799987792969,266.3999938964844,0,0.0,0.0
2010-09-15 00:00:00+02:00,266.07000732421875,266.07000732421875,264.25,265.5400085449219,0,0.0,0.0
2010-09-16 00:00:00+02:00,265.489990234375,265.92999267578125,263.25,263.4700012207031,0,0.0,0.0
2010-09-17 00:00:00+02:00,263.5299987792969,266.4100036621094,262.3500061035156,262.8599853515625,0,0.0,0.0
2010-09-20 00:00:00+02:00,263.1499938964844,266.45001220703125,263.1499938964844,266.2200012207031,0,0.0,0.0
2010-09-21 00:00:00+02:00,266.1000061035156,267.4200134277344,265.010009765625,265.010009765625,0,0.0,0.0
2010-09-22 00:00:00+02:00,264.4800109863281,265.1000061035156,261.05999755859375,261.19000244140625,0,0.0,0.0
2010-09-23 00:00:00+02:00,261.1300048828125,263.05999755859375,258.1400146484375,261.07000732421875,0,0.0,0.0
2010-09-24 00:00:00+02:00,260.8999938964844,264.3399963378906,259.1199951171875,263.9700012207031,0,0.0,0.0
2010-09-27 00:00:00+02:00,264.0299987792969,265.1499938964844,262.8299865722656,262.9200134277344,0,0.0,0.0
2010-09-28 00:00:00+02:00,263.2900085449219,263.7799987792969,260.0299987792969,262.3599853515625,0,0.0,0.0
2010-09-29 00:00:00+02:00,262.7799987792969,264.1099853515625,260.25,261.0199890136719,0,0.0,0.0
2010-09-30 00:00:00+02:00,260.54998779296875,263.8299865722656,259.57000732421875,259.7200012207031,0,0.0,0.0
2010-10-01 00:00:00+02:00,259.5400085449219,261.6000061035156,258.1499938964844,259.0899963378906,0,0.0,0.0
2010-10-04 00:00:00+02:00,258.8500061035156,259.42999267578125,256.6199951171875,257.739990234375,0,0.0,0.0
2010-10-05 00:00:00+02:00,257.3500061035156,261.75,256.7799987792969,261.17999267578125,0,0.0,0.0
2010-10-06 00:00:00+02:00,261.82000732421875,263.739990234375,261.82000732421875,262.510009765625,0,0.0,0.0
2010-10-07 00:00:00+02:00,262.0299987792969,263.8699951171875,260.260009765625,262.30999755859375,0,0.0,0.0
2010-10-08 00:00:00+02:00,261.7200012207031,262.4100036621094,260.2900085449219,262.2699890136719,0,0.0,0.0
2010-10-11 00:00:00+02:00,262.8500061035156,263.42999267578125,262.8500061035156,263.20001220703125,0,0.0,0.0
2010-10-12 00:00:00+02:00,262.79998779296875,262.92999267578125,259.94000244140625,262.4800109863281,0,0.0,0.0
2010-10-13 00:00:00+02:00,261.95001220703125,266.5899963378906,261.95001220703125,266.25,0,0.0,0.0
2010-10-14 00:00:00+02:00,266.7900085449219,267.9599914550781,265.2300109863281,265.67999267578125,0,0.0,0.0
2010-10-15 00:00:00+02:00,266.05999755859375,266.6099853515625,264.25,265.8299865722656,0,0.0,0.0
2010-10-18 00:00:00+02:00,265.6000061035156,267.0299987792969,264.5400085449219,266.6400146484375,0,0.0,0.0
2010-10-19 00:00:00+02:00,266.5199890136719,267.5400085449219,264.489990234375,265.239990234375,0,0.0,0.0
2010-10-20 00:00:00+02:00,265.0400085449219,266.2699890136719,264.2799987792969,266.1300048828125,0,0.0,0.0
2010-10-21 00:00:00+02:00,265.4700012207031,268.4200134277344,264.5,267.6199951171875,0,0.0,0.0
2010-10-22 00:00:00+02:00,267.5,267.8500061035156,266.6300048828125,266.75,0,0.0,0.0
2010-10-25 00:00:00+02:00,266.3399963378906,268.3399963378906,266.3399963378906,267.4200134277344,0,0.0,0.0
2010-10-26 00:00:00+02:00,268.1400146484375,268.1400146484375,265.3800048828125,266.9200134277344,0,0.0,0.0
2010-10-27 00:00:00+02:00,266.4800109863281,267.30999755859375,264.55999755859375,264.92999267578125,0,0.0,0.0
2010-10-28 00:00:00+02:00,265.3999938964844,267.489990234375,265.1600036621094,265.8999938964844,0,0.0,0.0
2010-10-29 00:00:00+02:00,265.4700012207031,266.67999267578125,264.4100036621094,265.9599914550781,0,0.0,0.0
2010-11-01 00:00:00+01:00,266.6700134277344,267.29998779296875,265.6300048828125,266.3999938964844,0,0.0,0.0
2010-11-02 00:00:00+01:00,266.2200012207031,267.92999267578125,265.79998779296875,267.5,0,0.0,0.0
2010-11-03 00:00:00+01:00,268.0,268.7900085449219,265.95001220703125,266.510009765625,0,0.0,0.0
2010-11-04 00:00:00+01:00,267.42999267578125,271.2799987792969,267.42999267578125,270.8299865722656,0,0.0,0.0
2010-11-05 00:00:00+01:00,271.2900085449219,272.510009765625,269.5199890136719,271.9700012207031,0,0.0,0.0
2010-11-08 00:00:00+01:00,272.0,272.3500061035156,271.19000244140625,271.9100036621094,0,0.0,0.0
2010-11-09 00:00:00+01:00,271.8800048828125,274.2300109863281,271.8500061035156,273.4599914550781,0,0.0,0.0
2010-11-10 00:00:00+01:00,273.0799865722656,273.29998779296875,270.7900085449219,271.4800109863281,0,0.0,0.0
2010-11-11 00:00:00+01:00,272.1700134277344,272.54998779296875,270.239990234375,271.3900146484375,0,0.0,0.0
2010-11-12 00:00:00+01:00,269.42999267578125,271.1000061035156,266.4100036621094,270.17999267578125,0,0.0,0.0
2010-11-15 00:00:00+01:00,269.9599914550781,272.739990234375,268.20001220703125,272.3599853515625,0,0.0,0.0
2010-11-16 00:00:00+01:00,271.32000732421875,271.32000732421875,265.8900146484375,265.9800109863281,0,0.0,0.0
2010-11-17 00:00:00+01:00,265.7300109863281,267.6499938964844,265.510009765625,267.30999755859375,0,0.0,0.0
2010-11-18 00:00:00+01:00,268.1099853515625,271.5899963378906,268.1099853515625,271.1499938964844,0,0.0,0.0
2010-11-19 00:00:00+01:00,270.75,271.1099853515625,267.6600036621094,269.5,0,0.0,0.0
2010-11-22 00:00:00+01:00,269.6099853515625,271.67999267578125,267.239990234375,267.739990234375,0,0.0,0.0
2010-11-23 00:00:00+01:00,267.1099853515625,267.1099853515625,263.6199951171875,263.6199951171875,0,0.0,0.0
2010-11-24 00:00:00+01:00,264.1400146484375,266.760009765625,263.0799865722656,266.2900085449219,0,0.0,0.0
2010-11-25 00:00:00+01:00,266.9100036621094,268.0400085449219,266.29998779296875,267.7200012207031,0,0.0,0.0
2010-11-26 00:00:00+01:00,267.1300048828125,267.5899963378906,264.239990234375,266.6000061035156,0,0.0,0.0
2010-11-29 00:00:00+01:00,266.239990234375,268.67999267578125,262.1600036621094,262.1600036621094,0,0.0,0.0
2010-11-30 00:00:00+01:00,262.239990234375,263.9700012207031,260.8800048828125,261.8299865722656,0,0.0,0.0
2010-12-01 00:00:00+01:00,262.4599914550781,267.29998779296875,262.4599914550781,267.1099853515625,0,0.0,0.0
2010-12-02 00:00:00+01:00,266.67999267578125,271.6099853515625,266.67999267578125,271.6099853515625,0,0.0,0.0
2010-12-03 00:00:00+01:00,271.6099853515625,272.6400146484375,269.30999755859375,270.94000244140625,0,0.0,0.0
2010-12-06 00:00:00+01:00,271.5799865722656,272.05999755859375,270.3399963378906,271.3800048828125,0,0.0,0.0
2010-12-07 00:00:00+01:00,271.55999755859375,275.2099914550781,271.55999755859375,273.9100036621094,0,0.0,0.0
2010-12-08 00:00:00+01:00,274.17999267578125,276.3699951171875,272.739990234375,274.9800109863281,0,0.0,0.0
2010-12-09 00:00:00+01:00,275.75,276.8299865722656,275.2200012207031,275.92999267578125,0,0.0,0.0
2010-12-10 00:00:00+01:00,275.75,276.6199951171875,275.7300109863281,276.19000244140625,0,0.0,0.0
2010-12-13 00:00:00+01:00,276.2099914550781,277.760009765625,276.2099914550781,276.989990234375,0,0.0,0.0
2010-12-14 00:00:00+01:00,276.6199951171875,277.6499938964844,276.0899963378906,277.6499938964844,0,0.0,0.0
2010-12-15 00:00:00+01:00,278.1400146484375,278.1400146484375,275.82000732421875,276.5299987792969,0,0.0,0.0
2010-12-16 00:00:00+01:00,276.7699890136719,277.7900085449219,276.1199951171875,277.5899963378906,0,0.0,0.0
2010-12-17 00:00:00+01:00,277.1199951171875,277.7799987792969,276.07000732421875,276.4200134277344,0,0.0,0.0
2010-12-20 00:00:00+01:00,276.9100036621094,279.4700012207031,276.6300048828125,278.3800048828125,0,0.0,0.0
2010-12-21 00:00:00+01:00,277.989990234375,281.44000244140625,277.989990234375,281.1099853515625,0,0.0,0.0
2010-12-22 00:00:00+01:00,281.17999267578125,281.82000732421875,280.7200012207031,281.45001220703125,0,0.0,0.0
2010-12-23 00:00:00+01:00,281.5400085449219,282.0,281.05999755859375,281.760009765625,0,0.0,0.0
2010-12-27 00:00:00+01:00,280.94000244140625,281.1400146484375,278.7699890136719,279.17999267578125,0,0.0,0.0
2010-12-28 00:00:00+01:00,279.4100036621094,280.1300048828125,279.1700134277344,279.7900085449219,0,0.0,0.0
2010-12-29 00:00:00+01:00,279.8399963378906,281.010009765625,279.8399963378906,280.6300048828125,0,0.0,0.0
2010-12-30 00:00:00+01:00,280.54998779296875,281.04998779296875,277.0199890136719,277.0199890136719,0,0.0,0.0
2011-01-03 00:00:00+01:00,276.2799987792969,278.7099914550781,276.2799987792969,278.0199890136719,0,0.0,0.0
2011-01-04 00:00:00+01:00,277.95001220703125,281.6600036621094,277.95001220703125,280.3800048828125,0,0.0,0.0
2011-01-05 00:00:00+01:00,280.67999267578125,280.67999267578125,277.25,280.4800109863281,0,0.0,0.0
2011-01-06 00:00:00+01:00,281.010009765625,283.32000732421875,281.010009765625,281.489990234375,0,0.0,0.0
2011-01-07 00:00:00+01:00,281.70001220703125,282.42999267578125,279.8699951171875,281.0199890136719,0,0.0,0.0
2011-01-10 00:00:00+01:00,281.760009765625,281.760009765625,277.95001220703125,278.4800109863281,0,0.0,0.0
2011-01-11 00:00:00+01:00,279.0,282.2200012207031,279.0,281.9800109863281,0,0.0,0.0
2011-01-12 00:00:00+01:00,282.17999267578125,285.7900085449219,282.17999267578125,285.7900085449219,0,0.0,0.0
2011-01-13 00:00:00+01:00,285.2099914550781,285.989990234375,283.2300109863281,284.0400085449219,0,0.0,0.0
2011-01-14 00:00:00+01:00,283.5400085449219,283.989990234375,281.20001220703125,283.7699890136719,0,0.0,0.0
2011-01-17 00:00:00+01:00,284.30999755859375,284.7200012207031,283.510009765625,284.05999755859375,0,0.0,0.0
2011-01-18 00:00:00+01:00,284.07000732421875,287.0400085449219,284.07000732421875,286.70001220703125,0,0.0,0.0
2011-01-19 00:00:00+01:00,286.510009765625,287.010009765625,282.7099914550781,282.7200012207031,0,0.0,0.0
2011-01-20 00:00:00+01:00,283.1700134277344,283.1700134277344,279.3900146484375,279.3900146484375,0,0.0,0.0
2011-01-21 00:00:00+01:00,279.010009765625,283.6099853515625,279.010009765625,281.260009765625,0,0.0,0.0
2011-01-24 00:00:00+01:00,281.1300048828125,282.19000244140625,280.1300048828125,281.989990234375,0,0.0,0.0
2011-01-25 00:00:00+01:00,281.80999755859375,282.8399963378906,280.04998779296875,280.1000061035156,0,0.0,0.0
2011-01-26 00:00:00+01:00,279.8900146484375,283.5299987792969,279.8900146484375,282.4700012207031,0,0.0,0.0
2011-01-27 00:00:00+01:00,282.70001220703125,284.1400146484375,281.8800048828125,282.8800048828125,0,0.0,0.0
2011-01-28 00:00:00+01:00,282.7099914550781,282.9200134277344,280.45001220703125,280.45001220703125,0,0.0,0.0
2011-01-31 00:00:00+01:00,280.6300048828125,280.6300048828125,277.2799987792969,280.04998779296875,0,0.0,0.0
2011-02-01 00:00:00+01:00,280.0199890136719,284.4200134277344,280.0199890136719,284.20001220703125,0,0.0,0.0
2011-02-02 00:00:00+01:00,284.1099853515625,285.9200134277344,283.55999755859375,284.5899963378906,0,0.0,0.0
2011-02-03 00:00:00+01:00,284.6300048828125,285.20001220703125,283.0199890136719,285.0,0,0.0,0.0
2011-02-04 00:00:00+01:00,285.17999267578125,286.4200134277344,284.9700012207031,285.8999938964844,0,0.0,0.0
2011-02-07 00:00:00+01:00,286.0899963378906,288.8900146484375,286.0899963378906,288.739990234375,0,0.0,0.0
2011-02-08 00:00:00+01:00,288.2799987792969,288.8500061035156,287.0,288.55999755859375,0,0.0,0.0
2011-02-09 00:00:00+01:00,288.45001220703125,288.9100036621094,287.3500061035156,287.3500061035156,0,0.0,0.0
2011-02-10 00:00:00+01:00,287.5199890136719,287.5199890136719,284.5199890136719,286.7799987792969,0,0.0,0.0
2011-02-11 00:00:00+01:00,286.7799987792969,288.6000061035156,284.5799865722656,287.989990234375,0,0.0,0.0
2011-02-14 00:00:00+01:00,288.3999938964844,290.1499938964844,288.3999938964844,289.1099853515625,0,0.0,0.0
2011-02-15 00:00:00+01:00,289.05999755859375,289.989990234375,288.5,289.44000244140625,0,0.0,0.0
2011-02-16 00:00:00+01:00,289.4200134277344,291.29998779296875,289.4200134277344,290.7200012207031,0,0.0,0.0
2011-02-17 00:00:00+01:00,291.0299987792969,291.80999755859375,289.8699951171875,291.1600036621094,0,0.0,0.0
2011-02-18 00:00:00+01:00,291.4599914550781,292.1600036621094,290.05999755859375,291.0400085449219,0,0.0,0.0
2011-02-21 00:00:00+01:00,290.94000244140625,291.1300048828125,287.0299987792969,287.17999267578125,0,0.0,0.0
2011-02-22 00:00:00+01:00,286.95001220703125,286.95001220703125,284.07000732421875,285.3800048828125,0,0.0,0.0
2011-02-23 00:00:00+01:00,285.29998779296875,285.29998779296875,281.8999938964844,282.3800048828125,0,0.0,0.0
2011-02-24 00:00:00+01:00,282.5799865722656,282.5799865722656,279.69000244140625,280.55999755859375,0,0.0,0.0
2011-02-25 00:00:00+01:00,280.510009765625,284.6600036621094,280.510009765625,284.1199951171875,0,0.0,0.0
2011-02-28 00:00:00+01:00,284.239990234375,287.5400085449219,282.9599914550781,286.4700012207031,0,0.0,0.0
2011-03-01 00:00:00+01:00,286.6000061035156,288.9100036621094,283.8900146484375,284.6300048828125,0,0.0,0.0
2011-03-02 00:00:00+01:00,284.79998779296875,284.79998779296875,281.1499938964844,282.760009765625,0,0.0,0.0
2011-03-03 00:00:00+01:00,282.79998779296875,285.79998779296875,282.6499938964844,283.5799865722656,0,0.0,0.0
2011-03-04 00:00:00+01:00,283.95001220703125,285.4100036621094,281.67999267578125,281.8999938964844,0,0.0,0.0
2011-03-07 00:00:00+01:00,282.0,284.0400085449219,280.7099914550781,280.7200012207031,0,0.0,0.0
2011-03-08 00:00:00+01:00,280.7200012207031,282.5400085449219,279.2799987792969,281.80999755859375,0,0.0,0.0
2011-03-09 00:00:00+01:00,281.7699890136719,283.29998779296875,280.6000061035156,281.1700134277344,0,0.0,0.0
2011-03-10 00:00:00+01:00,281.55999755859375,281.55999755859375,277.04998779296875,277.8800048828125,0,0.0,0.0
2011-03-11 00:00:00+01:00,277.6700134277344,277.6700134277344,274.7099914550781,275.4200134277344,0,0.0,0.0
2011-03-14 00:00:00+01:00,274.29998779296875,275.3299865722656,272.0299987792969,272.510009765625,0,0.0,0.0
2011-03-15 00:00:00+01:00,272.4800109863281,272.4800109863281,262.1300048828125,266.32000732421875,0,0.0,0.0
2011-03-16 00:00:00+01:00,266.489990234375,268.3699951171875,262.1400146484375,262.17999267578125,0,0.0,0.0
2011-03-17 00:00:00+01:00,262.3399963378906,267.8699951171875,262.3399963378906,267.0799865722656,0,0.0,0.0
2011-03-18 00:00:00+01:00,266.5,269.7799987792969,266.5,267.6300048828125,0,0.0,0.0
2011-03-21 00:00:00+01:00,267.6099853515625,272.44000244140625,267.6099853515625,272.3299865722656,0,0.0,0.0
2011-03-22 00:00:00+01:00,272.1700134277344,273.55999755859375,271.07000732421875,271.79998779296875,0,0.0,0.0
2011-03-23 00:00:00+01:00,272.17999267578125,273.1300048828125,270.739990234375,273.1099853515625,0,0.0,0.0
2011-03-24 00:00:00+01:00,273.239990234375,275.9599914550781,272.19000244140625,275.7699890136719,0,0.0,0.0
2011-03-25 00:00:00+01:00,275.55999755859375,276.80999755859375,275.2900085449219,276.0199890136719,0,0.0,0.0
2011-03-28 00:00:00+02:00,275.9800109863281,276.8599853515625,275.3999938964844,276.239990234375,0,0.0,0.0
2011-03-29 00:00:00+02:00,276.3299865722656,276.510009765625,274.4100036621094,276.510009765625,0,0.0,0.0
2011-03-30 00:00:00+02:00,276.6199951171875,279.04998779296875,276.6199951171875,278.54998779296875,0,0.0,0.0
2011-03-31 00:00:00+02:00,278.4200134277344,279.1600036621094,275.8999938964844,275.8999938964844,0,0.0,0.0
2011-04-01 00:00:00+02:00,276.1199951171875,280.1099853515625,276.1199951171875,280.0199890136719,0,0.0,0.0
2011-04-04 00:00:00+02:00,280.2300109863281,281.07000732421875,279.5299987792969,280.260009765625,0,0.0,0.0
2011-04-05 00:00:00+02:00,280.4700012207031,280.9800109863281,279.6000061035156,280.9100036621094,0,0.0,0.0
2011-04-06 00:00:00+02:00,280.8399963378906,282.42999267578125,279.79998779296875,281.57000732421875,0,0.0,0.0
2011-04-07 00:00:00+02:00,281.8800048828125,282.989990234375,280.7200012207031,280.7799987792969,0,0.0,0.0
2011-04-08 00:00:00+02:00,281.29998779296875,282.5799865722656,281.0899963378906,281.67999267578125,0,0.0,0.0
2011-04-11 00:00:00+02:00,281.29998779296875,281.5799865722656,280.0799865722656,280.989990234375,0,0.0,0.0
2011-04-12 00:00:00+02:00,280.9100036621094,280.9100036621094,275.94000244140625,276.239990234375,0,0.0,0.0
2011-04-13 00:00:00+02:00,276.04998779296875,279.3900146484375,276.04998779296875,278.25,0,0.0,0.0
2011-04-14 00:00:00+02:00,278.5400085449219,278.5400085449219,275.95001220703125,277.010009765625,0,0.0,0.0
2011-04-15 00:00:00+02:00,276.7900085449219,277.92999267578125,276.4700012207031,277.7799987792969,0,0.0,0.0
2011-04-18 00:00:00+02:00,278.0799865722656,278.0799865722656,272.3299865722656,273.04998779296875,0,0.0,0.0
2011-04-19 00:00:00+02:00,273.0899963378906,275.7300109863281,273.0899963378906,274.4200134277344,0,0.0,0.0
2011-04-20 00:00:00+02:00,273.9599914550781,279.2099914550781,273.9599914550781,279.05999755859375,0,0.0,0.0
2011-04-21 00:00:00+02:00,279.4800109863281,280.6600036621094,279.4800109863281,280.4700012207031,0,0.0,0.0
2011-04-26 00:00:00+02:00,279.79998779296875,281.3999938964844,279.57000732421875,281.2300109863281,0,0.0,0.0
2011-04-27 00:00:00+02:00,281.1700134277344,283.2200012207031,280.3800048828125,282.1199951171875,0,0.0,0.0
2011-04-28 00:00:00+02:00,281.7799987792969,283.2300109863281,281.7799987792969,283.0400085449219,0,0.0,0.0
2011-04-29 00:00:00+02:00,282.8800048828125,283.8500061035156,282.6700134277344,283.7799987792969,0,0.0,0.0
2011-05-02 00:00:00+02:00,284.7200012207031,285.17999267578125,283.92999267578125,283.92999267578125,0,0.0,0.0
2011-05-03 00:00:00+02:00,283.9599914550781,284.239990234375,281.4800109863281,282.42999267578125,0,0.0,0.0
2011-05-04 00:00:00+02:00,282.3699951171875,282.6700134277344,278.1300048828125,278.5199890136719,0,0.0,0.0
2011-05-05 00:00:00+02:00,278.5299987792969,279.32000732421875,275.80999755859375,277.7900085449219,0,0.0,0.0
2011-05-06 00:00:00+02:00,278.010009765625,281.4800109863281,276.510009765625,281.3299865722656,0,0.0,0.0
2011-05-09 00:00:00+02:00,281.9800109863281,282.0799865722656,278.9700012207031,280.42999267578125,0,0.0,0.0
2011-05-10 00:00:00+02:00,280.55999755859375,283.4100036621094,280.25,282.9200134277344,0,0.0,0.0
2011-05-11 00:00:00+02:00,282.5199890136719,285.1499938964844,282.5199890136719,283.7300109863281,0,0.0,0.0
2011-05-12 00:00:00+02:00,283.7200012207031,283.7200012207031,280.4100036621094,281.79998779296875,0,0.0,0.0
2011-05-13 00:00:00+02:00,281.4200134277344,283.239990234375,280.3900146484375,280.5,0,0.0,0.0
2011-05-16 00:00:00+02:00,280.8599853515625,280.8599853515625,277.8800048828125,280.1300048828125,0,0.0,0.0
2011-05-17 00:00:00+02:00,279.80999755859375,280.760009765625,277.2799987792969,277.2799987792969,0,0.0,0.0
2011-05-18 00:00:00+02:00,276.95001220703125,279.1600036621094,276.95001220703125,278.1700134277344,0,0.0,0.0
2011-05-19 00:00:00+02:00,278.010009765625,281.3900146484375,278.010009765625,280.0,0,0.0,0.0
2011-05-20 00:00:00+02:00,279.82000732421875,282.07000732421875,278.8500061035156,279.6499938964844,0,0.0,0.0
2011-05-23 00:00:00+02:00,280.7200012207031,280.7200012207031,274.7799987792969,274.7799987792969,0,0.0,0.0
2011-05-24 00:00:00+02:00,274.7300109863281,276.3900146484375,274.7300109863281,275.3900146484375,0,0.0,0.0
2011-05-25 00:00:00+02:00,276.0,277.8299865722656,273.80999755859375,277.3699951171875,0,0.0,0.0
2011-05-26 00:00:00+02:00,277.1400146484375,277.1400146484375,277.1400146484375,277.1400146484375,0,0.0,0.0
2011-05-27 00:00:00+02:00,276.8399963378906,279.7900085449219,276.8399963378906,279.04998779296875,0,0.0,0.0
2011-06-01 00:00:00+02:00,280.6600036621094,281.2300109863281,277.70001220703125,278.3800048828125,0,0.0,0.0
2011-06-03 00:00:00+02:00,274.4800109863281,274.8800048828125,271.489990234375,273.6700134277344,0,0.0,0.0
2011-06-06 00:00:00+02:00,273.3999938964844,273.3999938964844,271.55999755859375,272.1600036621094,0,0.0,0.0
2011-06-07 00:00:00+02:00,272.010009765625,273.42999267578125,271.6700134277344,271.8699951171875,0,0.0,0.0
2011-06-08 00:00:00+02:00,271.9100036621094,271.9100036621094,268.3399963378906,269.010009765625,0,0.0,0.0
2011-06-09 00:00:00+02:00,269.25,272.2200012207031,268.3999938964844,271.760009765625,0,0.0,0.0
2011-06-10 00:00:00+02:00,271.44000244140625,271.6600036621094,267.6499938964844,268.1300048828125,0,0.0,0.0
2011-06-14 00:00:00+02:00,268.9100036621094,271.760009765625,268.9100036621094,270.82000732421875,0,0.0,0.0
2011-06-15 00:00:00+02:00,270.8500061035156,271.010009765625,267.8299865722656,267.95001220703125,0,0.0,0.0
2011-06-16 00:00:00+02:00,268.55999755859375,268.55999755859375,264.3599853515625,266.7300109863281,0,0.0,0.0
2011-06-17 00:00:00+02:00,266.760009765625,268.489990234375,264.05999755859375,267.1700134277344,0,0.0,0.0
2011-06-20 00:00:00+02:00,267.67999267578125,267.67999267578125,264.1499938964844,265.760009765625,0,0.0,0.0
2011-06-21 00:00:00+02:00,265.6400146484375,269.5899963378906,265.6400146484375,269.5899963378906,0,0.0,0.0
2011-06-22 00:00:00+02:00,269.57000732421875,269.57000732421875,267.5400085449219,268.07000732421875,0,0.0,0.0
2011-06-23 00:00:00+02:00,268.57000732421875,268.57000732421875,263.7099914550781,264.30999755859375,0,0.0,0.0
2011-06-24 00:00:00+02:00,263.7099914550781,267.3399963378906,263.45001220703125,263.9800109863281,0,0.0,0.0
2011-06-27 00:00:00+02:00,264.1000061035156,265.010009765625,263.2200012207031,264.010009765625,0,0.0,0.0
2011-06-28 00:00:00+02:00,264.0899963378906,266.45001220703125,263.42999267578125,265.2300109863281,0,0.0,0.0
2011-06-29 00:00:00+02:00,266.010009765625,270.0400085449219,266.010009765625,269.79998779296875,0,0.0,0.0
2011-06-30 00:00:00+02:00,269.4100036621094,272.8599853515625,269.4100036621094,272.8599853515625,0,0.0,0.0
2011-07-01 00:00:00+02:00,272.82000732421875,275.4100036621094,272.0400085449219,274.9200134277344,0,0.0,0.0
2011-07-04 00:00:00+02:00,275.1000061035156,275.8900146484375,274.75,275.5400085449219,0,0.0,0.0
2011-07-05 00:00:00+02:00,275.2799987792969,276.5799865722656,274.94000244140625,275.6199951171875,0,0.0,0.0
2011-07-06 00:00:00+02:00,275.7300109863281,275.7300109863281,273.75,274.7900085449219,0,0.0,0.0
2011-07-07 00:00:00+02:00,275.30999755859375,278.010009765625,274.9700012207031,275.92999267578125,0,0.0,0.0
2011-07-08 00:00:00+02:00,276.4200134277344,277.2099914550781,273.0299987792969,273.760009765625,0,0.0,0.0
2011-07-11 00:00:00+02:00,274.2200012207031,274.2200012207031,268.67999267578125,269.8999938964844,0,0.0,0.0
2011-07-12 00:00:00+02:00,268.1400146484375,268.4200134277344,262.6099853515625,268.1600036621094,0,0.0,0.0
2011-07-13 00:00:00+02:00,268.25,270.1400146484375,267.3599853515625,269.94000244140625,0,0.0,0.0
2011-07-14 00:00:00+02:00,270.1700134277344,270.1700134277344,267.1400146484375,267.67999267578125,0,0.0,0.0
2011-07-15 00:00:00+02:00,267.260009765625,268.010009765625,265.6000061035156,266.9100036621094,0,0.0,0.0
2011-07-18 00:00:00+02:00,266.760009765625,266.760009765625,261.79998779296875,262.1000061035156,0,0.0,0.0
2011-07-19 00:00:00+02:00,261.760009765625,264.8599853515625,261.760009765625,264.2799987792969,0,0.0,0.0
2011-07-20 00:00:00+02:00,263.989990234375,267.7300109863281,263.989990234375,267.7300109863281,0,0.0,0.0
2011-07-21 00:00:00+02:00,267.5,271.4599914550781,265.3399963378906,270.4800109863281,0,0.0,0.0
2011-07-22 00:00:00+02:00,270.1000061035156,273.2900085449219,270.1000061035156,272.0199890136719,0,0.0,0.0
2011-07-25 00:00:00+02:00,271.5,271.9599914550781,270.29998779296875,271.2799987792969,0,0.0,0.0
2011-07-26 00:00:00+02:00,270.7300109863281,271.6199951171875,268.8599853515625,270.0799865722656,0,0.0,0.0
2011-07-27 00:00:00+02:00,270.3599853515625,270.3599853515625,265.760009765625,267.04998779296875,0,0.0,0.0
2011-07-28 00:00:00+02:00,267.30999755859375,267.30999755859375,264.2900085449219,267.0799865722656,0,0.0,0.0
2011-07-29 00:00:00+02:00,267.25,267.25,262.32000732421875,265.25,0,0.0,0.0
2011-08-02 00:00:00+02:00,262.5199890136719,262.5199890136719,256.6600036621094,256.9800109863281,0,0.0,0.0
2011-08-03 00:00:00+02:00,257.0400085449219,257.0400085449219,250.5800018310547,251.9499969482422,0,0.0,0.0
2011-08-04 00:00:00+02:00,251.66000366210938,254.3699951171875,243.16000366210938,243.16000366210938,0,0.0,0.0
2011-08-05 00:00:00+02:00,243.94000244140625,244.89999389648438,235.1199951171875,238.8800048828125,0,0.0,0.0
2011-08-08 00:00:00+02:00,238.1300048828125,240.8699951171875,228.92999267578125,228.97999572753906,0,0.0,0.0
2011-08-09 00:00:00+02:00,229.0399932861328,232.72000122070312,217.3699951171875,232.1999969482422,0,0.0,0.0
2011-08-10 00:00:00+02:00,232.6999969482422,236.72999572753906,223.32000732421875,223.5,0,0.0,0.0
2011-08-11 00:00:00+02:00,223.30999755859375,230.57000732421875,218.91000366210938,230.57000732421875,0,0.0,0.0
2011-08-12 00:00:00+02:00,229.66000366210938,237.52999877929688,226.16000366210938,237.49000549316406,0,0.0,0.0
2011-08-15 00:00:00+02:00,235.99000549316406,239.11000061035156,235.99000549316406,237.85000610351562,0,0.0,0.0
2011-08-16 00:00:00+02:00,238.16000366210938,238.16000366210938,233.27000427246094,237.55999755859375,0,0.0,0.0
2011-08-17 00:00:00+02:00,237.91000366210938,239.55999755859375,234.33999633789062,238.0500030517578,0,0.0,0.0
2011-08-18 00:00:00+02:00,237.97999572753906,237.97999572753906,224.69000244140625,226.6999969482422,0,0.0,0.0
2011-08-19 00:00:00+02:00,227.22000122070312,227.22000122070312,218.52000427246094,223.1300048828125,0,0.0,0.0
2011-08-22 00:00:00+02:00,222.2100067138672,228.85000610351562,221.38999938964844,224.89999389648438,0,0.0,0.0
2011-08-23 00:00:00+02:00,224.94000244140625,229.75,224.10000610351562,226.6300048828125,0,0.0,0.0
2011-08-24 00:00:00+02:00,226.36000061035156,231.72000122070312,225.38999938964844,229.7899932861328,0,0.0,0.0
2011-08-25 00:00:00+02:00,229.5,232.25,225.80999755859375,227.07000732421875,0,0.0,0.0
2011-08-26 00:00:00+02:00,227.02999877929688,227.08999633789062,220.8699951171875,225.52000427246094,0,0.0,0.0
2011-08-29 00:00:00+02:00,226.02000427246094,229.1300048828125,226.02000427246094,228.27999877929688,0,0.0,0.0
2011-08-30 00:00:00+02:00,228.64999389648438,232.32000732421875,228.6199951171875,230.63999938964844,0,0.0,0.0
2011-08-31 00:00:00+02:00,231.0399932861328,238.25999450683594,231.0399932861328,237.42999267578125,0,0.0,0.0
2011-09-01 00:00:00+02:00,237.5500030517578,240.02000427246094,235.1999969482422,238.92999267578125,0,0.0,0.0
2011-09-02 00:00:00+02:00,231.5500030517578,233.11000061035156,231.5500030517578,233.11000061035156,0,0.0,0.0
2011-09-05 00:00:00+02:00,231.02999877929688,231.02999877929688,223.0800018310547,223.4499969482422,0,0.0,0.0
2011-09-06 00:00:00+02:00,223.6699981689453,225.63999938964844,219.72999572753906,221.97999572753906,0,0.0,0.0
2011-09-07 00:00:00+02:00,221.72000122070312,228.83999633789062,221.72000122070312,228.83999633789062,0,0.0,0.0
2011-09-08 00:00:00+02:00,228.55999755859375,231.27000427246094,227.41000366210938,230.47000122070312,0,0.0,0.0
2011-09-09 00:00:00+02:00,229.80999755859375,230.47999572753906,224.58999633789062,224.58999633789062,0,0.0,0.0
2011-09-12 00:00:00+02:00,222.5800018310547,222.5800018310547,216.75999450683594,218.92999267578125,0,0.0,0.0
2011-09-13 00:00:00+02:00,218.7899932861328,222.10000610351562,215.72999572753906,220.8699951171875,0,0.0,0.0
2011-09-14 00:00:00+02:00,220.77999877929688,224.8800048828125,218.88999938964844,224.1699981689453,0,0.0,0.0
2011-09-15 00:00:00+02:00,223.97999572753906,230.22999572753906,223.97999572753906,228.69000244140625,0,0.0,0.0
2011-09-16 00:00:00+02:00,228.75999450683594,232.08999633789062,228.72000122070312,230.16000366210938,0,0.0,0.0
2011-09-19 00:00:00+02:00,227.83999633789062,227.83999633789062,224.0500030517578,224.9600067138672,0,0.0,0.0
2011-09-20 00:00:00+02:00,225.2100067138672,229.2100067138672,223.55999755859375,229.10000610351562,0,0.0,0.0
2011-09-21 00:00:00+02:00,228.77000427246094,229.14999389648438,224.85000610351562,225.3300018310547,0,0.0,0.0
2011-09-22 00:00:00+02:00,225.47999572753906,225.47999572753906,214.57000732421875,214.88999938964844,0,0.0,0.0
2011-09-23 00:00:00+02:00,214.9499969482422,217.47999572753906,209.25999450683594,216.19000244140625,0,0.0,0.0
2011-09-26 00:00:00+02:00,216.8000030517578,222.55999755859375,213.5399932861328,220.27999877929688,0,0.0,0.0
2011-09-27 00:00:00+02:00,220.07000732421875,229.91000366210938,220.07000732421875,229.91000366210938,0,0.0,0.0
2011-09-28 00:00:00+02:00,229.9199981689453,229.9199981689453,226.10000610351562,227.38999938964844,0,0.0,0.0
2011-09-29 00:00:00+02:00,227.17999267578125,230.77999877929688,225.85000610351562,228.89999389648438,0,0.0,0.0
2011-09-30 00:00:00+02:00,228.63999938964844,228.63999938964844,224.05999755859375,226.17999267578125,0,0.0,0.0
2011-10-03 00:00:00+02:00,226.5500030517578,226.5500030517578,220.4499969482422,223.6199951171875,0,0.0,0.0
2011-10-04 00:00:00+02:00,224.0,224.0,214.5800018310547,217.4600067138672,0,0.0,0.0
2011-10-05 00:00:00+02:00,217.33999633789062,224.50999450683594,217.33999633789062,224.14999389648438,0,0.0,0.0
2011-10-06 00:00:00+02:00,223.91000366210938,230.27000427246094,223.91000366210938,230.27000427246094,0,0.0,0.0
2011-10-07 00:00:00+02:00,230.52000427246094,233.9600067138672,229.55999755859375,231.99000549316406,0,0.0,0.0
2011-10-10 00:00:00+02:00,233.35000610351562,236.2100067138672,231.80999755859375,235.94000244140625,0,0.0,0.0
2011-10-11 00:00:00+02:00,235.49000549316406,235.8300018310547,233.0800018310547,235.27999877929688,0,0.0,0.0
2011-10-12 00:00:00+02:00,235.00999450683594,239.57000732421875,233.02999877929688,239.16000366210938,0,0.0,0.0
2011-10-13 00:00:00+02:00,238.41000366210938,239.97000122070312,235.41000366210938,236.52999877929688,0,0.0,0.0
2011-10-14 00:00:00+02:00,236.75999450683594,240.38999938964844,235.85000610351562,238.50999450683594,0,0.0,0.0
2011-10-17 00:00:00+02:00,238.6199951171875,241.9600067138672,235.0800018310547,236.22000122070312,0,0.0,0.0
2011-10-18 00:00:00+02:00,236.33999633789062,236.33999633789062,232.60000610351562,235.3300018310547,0,0.0,0.0
2011-10-19 00:00:00+02:00,235.11000061035156,237.88999938964844,235.11000061035156,236.7100067138672,0,0.0,0.0
2011-10-20 00:00:00+02:00,236.6999969482422,236.6999969482422,232.83999633789062,233.07000732421875,0,0.0,0.0
2011-10-21 00:00:00+02:00,233.41000366210938,239.17999267578125,233.41000366210938,238.92999267578125,0,0.0,0.0
2011-10-24 00:00:00+02:00,238.9499969482422,242.19000244140625,238.88999938964844,242.02999877929688,0,0.0,0.0
2011-10-25 00:00:00+02:00,242.1300048828125,242.97999572753906,238.49000549316406,240.2899932861328,0,0.0,0.0
2011-10-26 00:00:00+02:00,240.52999877929688,243.10000610351562,238.85000610351562,240.8000030517578,0,0.0,0.0
2011-10-27 00:00:00+02:00,240.17999267578125,250.33999633789062,240.17999267578125,249.4199981689453,0,0.0,0.0
2011-10-28 00:00:00+02:00,249.3000030517578,251.4499969482422,247.8699951171875,249.0,0,0.0,0.0
2011-10-31 00:00:00+01:00,249.27000427246094,249.27000427246094,243.47999572753906,243.47999572753906,0,0.0,0.0
2011-11-01 00:00:00+01:00,243.86000061035156,243.86000061035156,232.6699981689453,235.05999755859375,0,0.0,0.0
2011-11-02 00:00:00+01:00,234.85000610351562,237.9600067138672,233.41000366210938,237.22000122070312,0,0.0,0.0
2011-11-03 00:00:00+01:00,241.7100067138672,242.5500030517578,241.7100067138672,242.1999969482422,0,0.0,0.0
2011-11-04 00:00:00+01:00,241.94000244140625,243.6699981689453,238.58999633789062,239.75999450683594,0,0.0,0.0
2011-11-07 00:00:00+01:00,239.52999877929688,240.41000366210938,235.4199981689453,238.44000244140625,0,0.0,0.0
2011-11-08 00:00:00+01:00,238.47000122070312,243.27000427246094,238.47000122070312,240.5,0,0.0,0.0
2011-11-09 00:00:00+01:00,240.5500030517578,242.89999389648438,234.77999877929688,236.33999633789062,0,0.0,0.0
2011-11-10 00:00:00+01:00,236.6199951171875,238.2100067138672,232.67999267578125,235.35000610351562,0,0.0,0.0
2011-11-11 00:00:00+01:00,235.1999969482422,241.22999572753906,235.1199951171875,240.97999572753906,0,0.0,0.0
2011-11-14 00:00:00+01:00,240.6999969482422,242.17999267578125,237.5,238.47000122070312,0,0.0,0.0
2011-11-15 00:00:00+01:00,238.64999389648438,238.99000549316406,234.17999267578125,237.02999877929688,0,0.0,0.0
2011-11-16 00:00:00+01:00,237.17999267578125,239.77999877929688,235.47000122070312,237.0399932861328,0,0.0,0.0
2011-11-17 00:00:00+01:00,237.10000610351562,237.10000610351562,232.25999450683594,233.97000122070312,0,0.0,0.0
2011-11-18 00:00:00+01:00,234.1999969482422,234.52999877929688,231.2899932861328,232.1699981689453,0,0.0,0.0
2011-11-21 00:00:00+01:00,232.13999938964844,232.13999938964844,224.67999267578125,224.75999450683594,0,0.0,0.0
2011-11-22 00:00:00+01:00,224.6199951171875,227.10000610351562,223.27000427246094,223.27000427246094,0,0.0,0.0
2011-11-23 00:00:00+01:00,223.3000030517578,223.86000061035156,220.30999755859375,220.30999755859375,0,0.0,0.0
2011-11-25 00:00:00+01:00,219.8699951171875,222.85000610351562,217.60000610351562,221.5399932861328,0,0.0,0.0
2011-11-28 00:00:00+01:00,222.86000061035156,229.86000061035156,222.86000061035156,229.85000610351562,0,0.0,0.0
2011-11-29 00:00:00+01:00,229.75999450683594,231.7899932861328,227.92999267578125,231.67999267578125,0,0.0,0.0
2011-11-30 00:00:00+01:00,230.5,240.91000366210938,229.10000610351562,240.0800018310547,0,0.0,0.0
2011-12-01 00:00:00+01:00,239.7100067138672,241.13999938964844,238.11000061035156,238.49000549316406,0,0.0,0.0
2011-12-02 00:00:00+01:00,238.32000732421875,242.5399932861328,238.32000732421875,240.72999572753906,0,0.0,0.0
2011-12-05 00:00:00+01:00,240.72000122070312,243.75999450683594,240.72000122070312,242.75,0,0.0,0.0
2011-12-06 00:00:00+01:00,241.66000366210938,243.0800018310547,240.83999633789062,241.9199981689453,0,0.0,0.0
2011-12-07 00:00:00+01:00,241.72999572753906,244.8000030517578,239.1999969482422,241.44000244140625,0,0.0,0.0
2011-12-08 00:00:00+01:00,241.4600067138672,243.82000732421875,237.7100067138672,237.7100067138672,0,0.0,0.0
2011-12-09 00:00:00+01:00,237.6699981689453,240.92999267578125,235.64999389648438,240.50999450683594,0,0.0,0.0
2011-12-12 00:00:00+01:00,240.49000549316406,240.49000549316406,236.0500030517578,236.0500030517578,0,0.0,0.0
2011-12-13 00:00:00+01:00,236.25,238.80999755859375,235.1199951171875,237.3000030517578,0,0.0,0.0
2011-12-14 00:00:00+01:00,237.49000549316406,237.49000549316406,232.44000244140625,232.44000244140625,0,0.0,0.0
2011-12-15 00:00:00+01:00,232.38999938964844,236.02000427246094,232.38999938964844,234.72999572753906,0,0.0,0.0
2011-12-16 00:00:00+01:00,234.83999633789062,236.47000122070312,233.52999877929688,233.7100067138672,0,0.0,0.0
2011-12-19 00:00:00+01:00,232.9600067138672,235.89999389648438,232.02000427246094,233.75,0,0.0,0.0
2011-12-20 00:00:00+01:00,233.7899932861328,238.50999450683594,232.64999389648438,238.50999450683594,0,0.0,0.0
2011-12-21 00:00:00+01:00,238.55999755859375,241.8300018310547,236.75999450683594,237.2899932861328,0,0.0,0.0
2011-12-22 00:00:00+01:00,237.2899932861328,240.27000427246094,237.2899932861328,239.77999877929688,0,0.0,0.0
2011-12-23 00:00:00+01:00,239.77000427246094,242.13999938964844,239.77000427246094,241.86000061035156,0,0.0,0.0
2011-12-27 00:00:00+01:00,242.0800018310547,242.69000244140625,241.57000732421875,241.91000366210938,0,0.0,0.0
2011-12-28 00:00:00+01:00,241.8000030517578,243.41000366210938,240.1999969482422,240.1999969482422,0,0.0,0.0
2011-12-29 00:00:00+01:00,240.6699981689453,242.4600067138672,239.6999969482422,242.4600067138672,0,0.0,0.0
2011-12-30 00:00:00+01:00,242.91000366210938,244.57000732421875,242.22999572753906,244.5399932861328,0,0.0,0.0
2012-01-03 00:00:00+01:00,248.22000122070312,251.07000732421875,248.07000732421875,251.05999755859375,0,0.0,0.0
2012-01-04 00:00:00+01:00,251.16000366210938,251.16000366210938,248.63999938964844,249.6199951171875,0,0.0,0.0
2012-01-05 00:00:00+01:00,249.49000549316406,250.11000061035156,246.8699951171875,247.38999938964844,0,0.0,0.0
2012-01-06 00:00:00+01:00,247.6199951171875,249.72000122070312,246.6300048828125,247.52999877929688,0,0.0,0.0
2012-01-09 00:00:00+01:00,247.47999572753906,248.41000366210938,246.0399932861328,246.4199981689453,0,0.0,0.0
2012-01-10 00:00:00+01:00,246.33999633789062,251.0,246.33999633789062,250.82000732421875,0,0.0,0.0
2012-01-11 00:00:00+01:00,250.88999938964844,251.5,248.75999450683594,249.92999267578125,0,0.0,0.0
2012-01-12 00:00:00+01:00,249.3800048828125,252.27999877929688,248.63999938964844,249.5,0,0.0,0.0
2012-01-13 00:00:00+01:00,249.4199981689453,251.35000610351562,246.72000122070312,249.17999267578125,0,0.0,0.0
2012-01-16 00:00:00+01:00,249.44000244140625,251.35000610351562,247.8300018310547,251.1199951171875,0,0.0,0.0
2012-01-17 00:00:00+01:00,250.75999450683594,254.25,250.75999450683594,253.27000427246094,0,0.0,0.0
2012-01-18 00:00:00+01:00,252.91000366210938,254.07000732421875,251.02000427246094,253.47999572753906,0,0.0,0.0
2012-01-19 00:00:00+01:00,253.44000244140625,256.57000732421875,253.44000244140625,256.57000732421875,0,0.0,0.0
2012-01-20 00:00:00+01:00,256.1600036621094,256.6300048828125,255.14999389648438,255.85000610351562,0,0.0,0.0
2012-01-23 00:00:00+01:00,256.0199890136719,257.5400085449219,255.52000427246094,257.010009765625,0,0.0,0.0
2012-01-24 00:00:00+01:00,256.92999267578125,256.92999267578125,253.9600067138672,256.0400085449219,0,0.0,0.0
2012-01-25 00:00:00+01:00,255.74000549316406,256.45001220703125,253.5,254.9499969482422,0,0.0,0.0
2012-01-26 00:00:00+01:00,254.5500030517578,258.0899963378906,254.5500030517578,257.8599853515625,0,0.0,0.0
2012-01-27 00:00:00+01:00,258.20001220703125,258.20001220703125,255.39999389648438,255.39999389648438,0,0.0,0.0
2012-01-30 00:00:00+01:00,255.32000732421875,255.32000732421875,251.8300018310547,252.52000427246094,0,0.0,0.0
2012-01-31 00:00:00+01:00,252.4199981689453,255.6699981689453,252.4199981689453,254.41000366210938,0,0.0,0.0
2012-02-01 00:00:00+01:00,254.41000366210938,259.7300109863281,254.41000366210938,259.510009765625,0,0.0,0.0
2012-02-02 00:00:00+01:00,259.4700012207031,260.5299987792969,259.0899963378906,260.1099853515625,0,0.0,0.0
2012-02-03 00:00:00+01:00,260.3299865722656,264.6000061035156,259.6000061035156,264.6000061035156,0,0.0,0.0
2012-02-06 00:00:00+01:00,264.67999267578125,264.67999267578125,262.510009765625,264.2699890136719,0,0.0,0.0
2012-02-07 00:00:00+01:00,263.8999938964844,264.6000061035156,261.6199951171875,263.54998779296875,0,0.0,0.0
2012-02-08 00:00:00+01:00,263.4800109863281,265.239990234375,262.9100036621094,263.010009765625,0,0.0,0.0
2012-02-09 00:00:00+01:00,262.8500061035156,265.04998779296875,262.7099914550781,263.6400146484375,0,0.0,0.0
2012-02-10 00:00:00+01:00,263.6499938964844,263.6499938964844,260.6400146484375,261.239990234375,0,0.0,0.0
2012-02-13 00:00:00+01:00,261.0199890136719,263.8500061035156,261.0199890136719,263.1700134277344,0,0.0,0.0
2012-02-14 00:00:00+01:00,263.2300109863281,264.0799865722656,261.6600036621094,262.55999755859375,0,0.0,0.0
2012-02-15 00:00:00+01:00,262.6199951171875,265.17999267578125,262.6199951171875,264.1600036621094,0,0.0,0.0
2012-02-16 00:00:00+01:00,264.3999938964844,264.3999938964844,236.89999389648438,264.30999755859375,0,0.0,0.0
2012-02-17 00:00:00+01:00,263.8399963378906,266.510009765625,263.8399963378906,265.92999267578125,0,0.0,0.0
2012-02-21 00:00:00+01:00,268.260009765625,268.3500061035156,265.95001220703125,266.7799987792969,0,0.0,0.0
2012-02-22 00:00:00+01:00,266.80999755859375,267.1499938964844,264.32000732421875,264.5899963378906,0,0.0,0.0
2012-02-23 00:00:00+01:00,264.54998779296875,265.739990234375,262.6199951171875,264.0799865722656,0,0.0,0.0
2012-02-24 00:00:00+01:00,263.7900085449219,265.4599914550781,263.7900085449219,264.7699890136719,0,0.0,0.0
2012-02-27 00:00:00+01:00,264.8599853515625,264.8599853515625,261.6199951171875,263.8599853515625,0,0.0,0.0
2012-02-28 00:00:00+01:00,263.6400146484375,265.0299987792969,262.6099853515625,264.3299865722656,0,0.0,0.0
2012-02-29 00:00:00+01:00,264.5899963378906,266.45001220703125,264.0299987792969,264.32000732421875,0,0.0,0.0
2012-03-01 00:00:00+01:00,264.3500061035156,267.3299865722656,263.3699951171875,267.05999755859375,0,0.0,0.0
2012-03-02 00:00:00+01:00,267.260009765625,267.8800048828125,266.4100036621094,267.2099914550781,0,0.0,0.0
2012-03-05 00:00:00+01:00,267.07000732421875,267.07000732421875,264.6000061035156,265.55999755859375,0,0.0,0.0
2012-03-06 00:00:00+01:00,265.6400146484375,265.6400146484375,258.4599914550781,258.4599914550781,0,0.0,0.0
2012-03-07 00:00:00+01:00,258.2699890136719,260.3599853515625,258.010009765625,260.1099853515625,0,0.0,0.0
2012-03-08 00:00:00+01:00,260.0899963378906,264.2200012207031,260.0899963378906,264.1600036621094,0,0.0,0.0
2012-03-09 00:00:00+01:00,264.3900146484375,266.32000732421875,263.7799987792969,265.44000244140625,0,0.0,0.0
2012-03-12 00:00:00+01:00,265.4100036621094,266.0400085449219,264.19000244140625,264.8699951171875,0,0.0,0.0
2012-03-13 00:00:00+01:00,264.95001220703125,269.6600036621094,264.95001220703125,269.55999755859375,0,0.0,0.0
2012-03-14 00:00:00+01:00,269.54998779296875,271.8399963378906,269.54998779296875,270.2699890136719,0,0.0,0.0
2012-03-15 00:00:00+01:00,269.9700012207031,271.04998779296875,269.3699951171875,270.9800109863281,0,0.0,0.0
2012-03-16 00:00:00+01:00,271.1000061035156,272.8599853515625,271.1000061035156,272.3999938964844,0,0.0,0.0
2012-03-19 00:00:00+01:00,272.510009765625,272.510009765625,270.82000732421875,272.07000732421875,0,0.0,0.0
2012-03-20 00:00:00+01:00,271.95001220703125,271.95001220703125,268.44000244140625,268.9700012207031,0,0.0,0.0
2012-03-21 00:00:00+01:00,268.8999938964844,270.4599914550781,267.4100036621094,268.6700134277344,0,0.0,0.0
2012-03-22 00:00:00+01:00,268.29998779296875,268.29998779296875,264.7699890136719,265.489990234375,0,0.0,0.0
2012-03-23 00:00:00+01:00,265.54998779296875,266.7300109863281,263.0799865722656,265.6499938964844,0,0.0,0.0
2012-03-26 00:00:00+02:00,266.239990234375,268.5,265.25,268.1199951171875,0,0.0,0.0
2012-03-27 00:00:00+02:00,268.6400146484375,270.05999755859375,266.75,266.9200134277344,0,0.0,0.0
2012-03-28 00:00:00+02:00,266.32000732421875,267.260009765625,264.1000061035156,264.1000061035156,0,0.0,0.0
2012-03-29 00:00:00+02:00,263.8299865722656,264.3699951171875,260.0299987792969,260.739990234375,0,0.0,0.0
2012-03-30 00:00:00+02:00,261.5299987792969,263.5899963378906,261.5299987792969,263.32000732421875,0,0.0,0.0
2012-04-02 00:00:00+02:00,263.8500061035156,267.1600036621094,262.2200012207031,267.1600036621094,0,0.0,0.0
2012-04-03 00:00:00+02:00,266.9800109863281,267.6199951171875,264.2900085449219,264.2900085449219,0,0.0,0.0
2012-04-04 00:00:00+02:00,264.17999267578125,264.17999267578125,258.3800048828125,258.760009765625,0,0.0,0.0
2012-04-05 00:00:00+02:00,259.1700134277344,259.989990234375,256.5199890136719,259.07000732421875,0,0.0,0.0
2012-04-10 00:00:00+02:00,257.8699951171875,257.8699951171875,252.57000732421875,252.57000732421875,0,0.0,0.0
2012-04-11 00:00:00+02:00,252.66000366210938,255.57000732421875,252.00999450683594,254.42999267578125,0,0.0,0.0
2012-04-12 00:00:00+02:00,254.72999572753906,257.8399963378906,253.42999267578125,257.3599853515625,0,0.0,0.0
2012-04-13 00:00:00+02:00,257.05999755859375,257.05999755859375,252.8000030517578,253.39999389648438,0,0.0,0.0
2012-04-16 00:00:00+02:00,253.16000366210938,256.3299865722656,252.8300018310547,254.25999450683594,0,0.0,0.0
2012-04-17 00:00:00+02:00,253.72999572753906,259.489990234375,253.67999267578125,259.45001220703125,0,0.0,0.0
2012-04-18 00:00:00+02:00,259.4100036621094,259.8599853515625,257.17999267578125,257.7099914550781,0,0.0,0.0
2012-04-19 00:00:00+02:00,258.54998779296875,260.1600036621094,256.510009765625,256.510009765625,0,0.0,0.0
2012-04-20 00:00:00+02:00,256.4599914550781,258.0199890136719,255.69000244140625,257.7900085449219,0,0.0,0.0
2012-04-23 00:00:00+02:00,256.8900146484375,256.8900146484375,250.9600067138672,251.75,0,0.0,0.0
2012-04-24 00:00:00+02:00,252.27999877929688,254.4499969482422,251.7899932861328,254.3699951171875,0,0.0,0.0
2012-04-25 00:00:00+02:00,254.75,257.6099853515625,254.75,256.9599914550781,0,0.0,0.0
2012-04-26 00:00:00+02:00,257.29998779296875,258.5299987792969,255.0500030517578,257.20001220703125,0,0.0,0.0
2012-04-27 00:00:00+02:00,256.44000244140625,259.8699951171875,254.8699951171875,259.1199951171875,0,0.0,0.0
2012-04-30 00:00:00+02:00,259.6499938964844,260.1199951171875,257.1499938964844,257.2799987792969,0,0.0,0.0
2012-05-02 00:00:00+02:00,259.4599914550781,260.8800048828125,256.260009765625,257.3900146484375,0,0.0,0.0
2012-05-03 00:00:00+02:00,257.70001220703125,259.8599853515625,256.3399963378906,257.5299987792969,0,0.0,0.0
2012-05-04 00:00:00+02:00,257.0199890136719,257.0799865722656,252.44000244140625,253.0,0,0.0,0.0
2012-05-07 00:00:00+02:00,252.13999938964844,255.02999877929688,250.97000122070312,254.8300018310547,0,0.0,0.0
2012-05-08 00:00:00+02:00,254.33999633789062,254.88999938964844,250.0800018310547,250.5800018310547,0,0.0,0.0
2012-05-09 00:00:00+02:00,251.19000244140625,251.6699981689453,247.0,249.72999572753906,0,0.0,0.0
2012-05-10 00:00:00+02:00,250.36000061035156,252.08999633789062,247.88999938964844,251.10000610351562,0,0.0,0.0
2012-05-11 00:00:00+02:00,250.5800018310547,252.17999267578125,248.22000122070312,251.97000122070312,0,0.0,0.0
2012-05-14 00:00:00+02:00,251.0,251.0,246.0800018310547,247.42999267578125,0,0.0,0.0
2012-05-15 00:00:00+02:00,247.8699951171875,249.30999755859375,244.63999938964844,245.75999450683594,0,0.0,0.0
2012-05-16 00:00:00+02:00,244.67999267578125,246.38999938964844,242.22999572753906,244.39999389648438,0,0.0,0.0
2012-05-18 00:00:00+02:00,240.44000244140625,241.17999267578125,238.27000427246094,238.8800048828125,0,0.0,0.0
2012-05-21 00:00:00+02:00,238.33999633789062,241.0800018310547,237.55999755859375,240.1699981689453,0,0.0,0.0
2012-05-22 00:00:00+02:00,241.17999267578125,245.07000732421875,241.10000610351562,244.75999450683594,0,0.0,0.0
2012-05-23 00:00:00+02:00,243.66000366210938,243.66000366210938,239.1999969482422,239.50999450683594,0,0.0,0.0
2012-05-24 00:00:00+02:00,240.6199951171875,242.82000732421875,238.91000366210938,241.91000366210938,0,0.0,0.0
2012-05-25 00:00:00+02:00,242.19000244140625,243.8300018310547,240.66000366210938,242.49000549316406,0,0.0,0.0
2012-05-29 00:00:00+02:00,243.0,245.08999633789062,242.05999755859375,244.3000030517578,0,0.0,0.0
2012-05-30 00:00:00+02:00,243.35000610351562,243.8699951171875,239.94000244140625,240.55999755859375,0,0.0,0.0
2012-05-31 00:00:00+02:00,240.7100067138672,242.17999267578125,238.00999450683594,239.72999572753906,0,0.0,0.0
2012-06-01 00:00:00+02:00,240.13999938964844,240.3699951171875,233.74000549316406,235.08999633789062,0,0.0,0.0
2012-06-04 00:00:00+02:00,234.22000122070312,235.27000427246094,233.47999572753906,233.8699951171875,0,0.0,0.0
2012-06-05 00:00:00+02:00,234.32000732421875,235.25999450683594,233.9600067138672,234.58999633789062,0,0.0,0.0
2012-06-06 00:00:00+02:00,235.47000122070312,240.02000427246094,235.47000122070312,239.9499969482422,0,0.0,0.0
2012-06-07 00:00:00+02:00,240.32000732421875,244.3800048828125,239.91000366210938,242.63999938964844,0,0.0,0.0
2012-06-08 00:00:00+02:00,241.49000549316406,242.47999572753906,239.1699981689453,241.92999267578125,0,0.0,0.0
2012-06-11 00:00:00+02:00,243.77000427246094,246.6199951171875,241.67999267578125,241.9199981689453,0,0.0,0.0
2012-06-12 00:00:00+02:00,241.8000030517578,243.6300048828125,241.02999877929688,243.44000244140625,0,0.0,0.0
2012-06-13 00:00:00+02:00,243.47000122070312,244.47000122070312,241.00999450683594,242.55999755859375,0,0.0,0.0
2012-06-14 00:00:00+02:00,241.72000122070312,242.07000732421875,239.60000610351562,241.83999633789062,0,0.0,0.0
2012-06-15 00:00:00+02:00,242.1999969482422,244.5,242.1999969482422,244.2100067138672,0,0.0,0.0
2012-06-18 00:00:00+02:00,245.1999969482422,245.1999969482422,243.2100067138672,244.36000061035156,0,0.0,0.0
2012-06-19 00:00:00+02:00,244.64999389648438,248.6999969482422,244.22999572753906,248.27000427246094,0,0.0,0.0
2012-06-20 00:00:00+02:00,248.4600067138672,249.6699981689453,247.2899932861328,249.6699981689453,0,0.0,0.0
2012-06-21 00:00:00+02:00,248.91000366210938,250.38999938964844,247.60000610351562,248.39999389648438,0,0.0,0.0
2012-06-22 00:00:00+02:00,247.74000549316406,247.9499969482422,246.16000366210938,246.5800018310547,0,0.0,0.0
2012-06-25 00:00:00+02:00,246.14999389648438,246.14999389648438,242.17999267578125,242.82000732421875,0,0.0,0.0
2012-06-26 00:00:00+02:00,243.02999877929688,243.74000549316406,242.08999633789062,242.58999633789062,0,0.0,0.0
2012-06-27 00:00:00+02:00,243.22000122070312,245.89999389648438,242.6999969482422,245.8699951171875,0,0.0,0.0
2012-06-28 00:00:00+02:00,246.17999267578125,246.49000549316406,242.75999450683594,244.6699981689453,0,0.0,0.0
2012-06-29 00:00:00+02:00,246.85000610351562,251.5500030517578,246.85000610351562,251.1699981689453,0,0.0,0.0
2012-07-02 00:00:00+02:00,251.69000244140625,254.83999633789062,251.4499969482422,254.82000732421875,0,0.0,0.0
2012-07-03 00:00:00+02:00,254.91000366210938,257.3900146484375,254.91000366210938,257.3900146484375,0,0.0,0.0
2012-07-04 00:00:00+02:00,257.20001220703125,257.5400085449219,256.1099853515625,257.3299865722656,0,0.0,0.0
2012-07-05 00:00:00+02:00,257.20001220703125,259.260009765625,255.41000366210938,256.92999267578125,0,0.0,0.0
2012-07-06 00:00:00+02:00,256.4200134277344,256.70001220703125,254.3000030517578,254.39999389648438,0,0.0,0.0
2012-07-09 00:00:00+02:00,254.30999755859375,254.72000122070312,252.77000427246094,253.4600067138672,0,0.0,0.0
2012-07-10 00:00:00+02:00,253.7899932861328,256.94000244140625,253.11000061035156,255.60000610351562,0,0.0,0.0
2012-07-11 00:00:00+02:00,255.07000732421875,256.2699890136719,254.10000610351562,255.58999633789062,0,0.0,0.0
2012-07-12 00:00:00+02:00,254.6300048828125,254.8000030517578,251.9499969482422,252.88999938964844,0,0.0,0.0
2012-07-13 00:00:00+02:00,253.3800048828125,256.4100036621094,253.3800048828125,256.260009765625,0,0.0,0.0
2012-07-16 00:00:00+02:00,256.1400146484375,256.8900146484375,255.4199981689453,256.7300109863281,0,0.0,0.0
2012-07-17 00:00:00+02:00,256.80999755859375,257.489990234375,255.5800018310547,256.0899963378906,0,0.0,0.0
2012-07-18 00:00:00+02:00,256.4700012207031,259.010009765625,256.260009765625,258.92999267578125,0,0.0,0.0
2012-07-19 00:00:00+02:00,258.8900146484375,261.989990234375,258.8900146484375,261.8599853515625,0,0.0,0.0
2012-07-20 00:00:00+02:00,261.5,261.6400146484375,257.8800048828125,258.1700134277344,0,0.0,0.0
2012-07-23 00:00:00+02:00,256.8599853515625,256.8599853515625,250.74000549316406,251.75,0,0.0,0.0
2012-07-24 00:00:00+02:00,252.13999938964844,252.9199981689453,250.27999877929688,250.57000732421875,0,0.0,0.0
2012-07-25 00:00:00+02:00,250.10000610351562,251.72000122070312,249.77000427246094,250.38999938964844,0,0.0,0.0
2012-07-26 00:00:00+02:00,250.4600067138672,257.010009765625,249.8800048828125,256.5799865722656,0,0.0,0.0
2012-07-27 00:00:00+02:00,257.239990234375,259.8800048828125,255.75999450683594,259.80999755859375,0,0.0,0.0
2012-07-30 00:00:00+02:00,260.8599853515625,264.4599914550781,260.8599853515625,263.94000244140625,0,0.0,0.0
2012-07-31 00:00:00+02:00,263.5199890136719,264.0199890136719,261.2099914550781,261.3800048828125,0,0.0,0.0
2012-08-02 00:00:00+02:00,262.760009765625,265.1199951171875,259.2799987792969,259.2799987792969,0,0.0,0.0
2012-08-03 00:00:00+02:00,259.3800048828125,265.6000061035156,259.3800048828125,265.5799865722656,0,0.0,0.0
2012-08-06 00:00:00+02:00,265.1600036621094,267.5299987792969,264.6600036621094,266.79998779296875,0,0.0,0.0
2012-08-07 00:00:00+02:00,266.6300048828125,268.79998779296875,266.0899963378906,268.79998779296875,0,0.0,0.0
2012-08-08 00:00:00+02:00,268.1000061035156,269.20001220703125,267.05999755859375,269.20001220703125,0,0.0,0.0
2012-08-09 00:00:00+02:00,269.8800048828125,270.5799865722656,268.6600036621094,270.2699890136719,0,0.0,0.0
2012-08-10 00:00:00+02:00,269.489990234375,270.19000244140625,268.510009765625,269.8800048828125,0,0.0,0.0
2012-08-13 00:00:00+02:00,269.70001220703125,270.07000732421875,267.82000732421875,268.7200012207031,0,0.0,0.0
2012-08-14 00:00:00+02:00,269.1400146484375,270.70001220703125,269.1400146484375,270.5400085449219,0,0.0,0.0
2012-08-15 00:00:00+02:00,269.7099914550781,271.05999755859375,268.8299865722656,270.3500061035156,0,0.0,0.0
2012-08-16 00:00:00+02:00,270.3699951171875,271.2200012207031,269.6499938964844,271.2200012207031,0,0.0,0.0
2012-08-17 00:00:00+02:00,271.510009765625,272.8299865722656,271.4100036621094,272.8299865722656,0,0.0,0.0
2012-08-20 00:00:00+02:00,272.57000732421875,273.6000061035156,270.6499938964844,271.5,0,0.0,0.0
2012-08-21 00:00:00+02:00,271.7799987792969,273.1000061035156,271.7799987792969,272.5799865722656,0,0.0,0.0
2012-08-22 00:00:00+02:00,271.7900085449219,271.7900085449219,269.1600036621094,269.2699890136719,0,0.0,0.0
2012-08-23 00:00:00+02:00,270.010009765625,270.94000244140625,266.9700012207031,267.69000244140625,0,0.0,0.0
2012-08-24 00:00:00+02:00,267.739990234375,268.2900085449219,266.1600036621094,268.0,0,0.0,0.0
2012-08-27 00:00:00+02:00,268.010009765625,269.20001220703125,267.42999267578125,269.20001220703125,0,0.0,0.0
2012-08-28 00:00:00+02:00,268.8999938964844,268.8999938964844,266.5799865722656,267.32000732421875,0,0.0,0.0
2012-08-29 00:00:00+02:00,267.25,267.6400146484375,265.8900146484375,267.010009765625,0,0.0,0.0
2012-08-30 00:00:00+02:00,266.3900146484375,266.4599914550781,264.3900146484375,264.9700012207031,0,0.0,0.0
2012-08-31 00:00:00+02:00,264.760009765625,267.42999267578125,264.3599853515625,266.2300109863281,0,0.0,0.0
2012-09-03 00:00:00+02:00,265.989990234375,268.4700012207031,265.6199951171875,268.4700012207031,0,0.0,0.0
2012-09-04 00:00:00+02:00,268.2900085449219,268.2900085449219,265.0199890136719,265.42999267578125,0,0.0,0.0
2012-09-05 00:00:00+02:00,265.239990234375,266.57000732421875,264.2200012207031,265.489990234375,0,0.0,0.0
2012-09-06 00:00:00+02:00,265.6000061035156,271.8399963378906,265.6000061035156,271.6700134277344,0,0.0,0.0
2012-09-07 00:00:00+02:00,272.1099853515625,273.82000732421875,271.92999267578125,272.29998779296875,0,0.0,0.0
2012-09-10 00:00:00+02:00,271.8699951171875,272.4700012207031,271.25,271.69000244140625,0,0.0,0.0
2012-09-11 00:00:00+02:00,271.17999267578125,272.5799865722656,269.9800109863281,272.5799865722656,0,0.0,0.0
2012-09-12 00:00:00+02:00,272.7699890136719,274.5799865722656,272.0899963378906,272.9100036621094,0,0.0,0.0
2012-09-13 00:00:00+02:00,272.6000061035156,272.75,271.4100036621094,272.4200134277344,0,0.0,0.0
2012-09-14 00:00:00+02:00,273.8999938964844,276.55999755859375,273.8999938964844,275.95001220703125,0,0.0,0.0
2012-09-17 00:00:00+02:00,275.32000732421875,275.79998779296875,274.5400085449219,275.010009765625,0,0.0,0.0
2012-09-18 00:00:00+02:00,274.510009765625,274.510009765625,272.3399963378906,273.79998779296875,0,0.0,0.0
2012-09-19 00:00:00+02:00,274.19000244140625,275.2699890136719,273.6600036621094,274.8999938964844,0,0.0,0.0
2012-09-20 00:00:00+02:00,274.2799987792969,274.67999267578125,273.05999755859375,274.5,0,0.0,0.0
2012-09-21 00:00:00+02:00,275.17999267578125,276.1400146484375,274.5,275.7799987792969,0,0.0,0.0
2012-09-24 00:00:00+02:00,275.1199951171875,275.1700134277344,273.6600036621094,274.70001220703125,0,0.0,0.0
2012-09-25 00:00:00+02:00,274.7900085449219,276.1199951171875,274.32000732421875,275.7799987792969,0,0.0,0.0
2012-09-26 00:00:00+02:00,274.6199951171875,274.6199951171875,270.29998779296875,270.7200012207031,0,0.0,0.0
2012-09-27 00:00:00+02:00,271.5199890136719,272.3399963378906,270.9700012207031,271.6499938964844,0,0.0,0.0
2012-09-28 00:00:00+02:00,272.1400146484375,272.75,268.4800109863281,268.4800109863281,0,0.0,0.0
2012-10-01 00:00:00+02:00,268.3500061035156,272.6199951171875,268.3399963378906,272.3299865722656,0,0.0,0.0
2012-10-02 00:00:00+02:00,271.5199890136719,273.5400085449219,270.5,271.6199951171875,0,0.0,0.0
2012-10-03 00:00:00+02:00,271.1099853515625,272.0,270.3500061035156,271.3699951171875,0,0.0,0.0
2012-10-04 00:00:00+02:00,271.7300109863281,272.7200012207031,270.3999938964844,271.3299865722656,0,0.0,0.0
2012-10-05 00:00:00+02:00,271.8599853515625,274.6000061035156,271.8599853515625,274.1099853515625,0,0.0,0.0
2012-10-08 00:00:00+02:00,273.04998779296875,273.04998779296875,271.17999267578125,271.42999267578125,0,0.0,0.0
2012-10-09 00:00:00+02:00,271.8599853515625,272.1499938964844,269.9599914550781,270.20001220703125,0,0.0,0.0
2012-10-10 00:00:00+02:00,269.8800048828125,270.2699890136719,268.7099914550781,268.7099914550781,0,0.0,0.0
2012-10-11 00:00:00+02:00,268.70001220703125,271.5,268.3699951171875,270.8399963378906,0,0.0,0.0
2012-10-12 00:00:00+02:00,270.45001220703125,270.8500061035156,269.42999267578125,269.42999267578125,0,0.0,0.0
2012-10-15 00:00:00+02:00,269.3299865722656,271.54998779296875,269.2799987792969,270.79998779296875,0,0.0,0.0
2012-10-16 00:00:00+02:00,271.3500061035156,274.3800048828125,271.3500061035156,274.3800048828125,0,0.0,0.0
2012-10-17 00:00:00+02:00,274.2300109863281,275.7699890136719,273.7699890136719,275.6600036621094,0,0.0,0.0
2012-10-18 00:00:00+02:00,275.75,276.5400085449219,274.82000732421875,276.17999267578125,0,0.0,0.0
2012-10-19 00:00:00+02:00,275.57000732421875,275.8399963378906,273.7900085449219,274.0799865722656,0,0.0,0.0
2012-10-22 00:00:00+02:00,273.8399963378906,274.8399963378906,272.54998779296875,272.95001220703125,0,0.0,0.0
2012-10-23 00:00:00+02:00,273.17999267578125,273.3900146484375,267.82000732421875,268.3999938964844,0,0.0,0.0
2012-10-24 00:00:00+02:00,268.69000244140625,270.2799987792969,267.2900085449219,269.5199890136719,0,0.0,0.0
2012-10-25 00:00:00+02:00,269.67999267578125,271.6499938964844,269.3500061035156,270.2300109863281,0,0.0,0.0
2012-10-26 00:00:00+02:00,269.3299865722656,271.2799987792969,268.1600036621094,270.510009765625,0,0.0,0.0
2012-10-29 00:00:00+01:00,270.0400085449219,270.2300109863281,268.6000061035156,269.4599914550781,0,0.0,0.0
2012-10-30 00:00:00+01:00,269.5899963378906,271.9200134277344,269.5899963378906,271.760009765625,0,0.0,0.0
2012-10-31 00:00:00+01:00,271.8500061035156,273.0299987792969,270.29998779296875,270.29998779296875,0,0.0,0.0
2012-11-01 00:00:00+01:00,270.3299865722656,273.7900085449219,270.010009765625,273.70001220703125,0,0.0,0.0
2012-11-02 00:00:00+01:00,273.75,275.57000732421875,273.32000732421875,274.8500061035156,0,0.0,0.0
2012-11-05 00:00:00+01:00,274.20001220703125,274.20001220703125,272.7900085449219,273.2099914550781,0,0.0,0.0
2012-11-06 00:00:00+01:00,273.510009765625,274.82000732421875,273.45001220703125,274.739990234375,0,0.0,0.0
2012-11-07 00:00:00+01:00,275.239990234375,276.55999755859375,270.94000244140625,271.0400085449219,0,0.0,0.0
2012-11-08 00:00:00+01:00,271.6300048828125,272.5299987792969,270.25,270.5799865722656,0,0.0,0.0
2012-11-09 00:00:00+01:00,270.6700134277344,271.04998779296875,267.6499938964844,270.2699890136719,0,0.0,0.0
2012-11-12 00:00:00+01:00,270.17999267578125,270.7200012207031,269.3800048828125,269.5299987792969,0,0.0,0.0
2012-11-13 00:00:00+01:00,269.1499938964844,270.69000244140625,267.4700012207031,270.6000061035156,0,0.0,0.0
2012-11-14 00:00:00+01:00,270.0799865722656,270.42999267578125,267.8699951171875,268.1400146484375,0,0.0,0.0
2012-11-15 00:00:00+01:00,266.9599914550781,267.1000061035156,265.45001220703125,265.5199890136719,0,0.0,0.0
2012-11-16 00:00:00+01:00,265.7099914550781,266.1600036621094,262.8599853515625,262.8599853515625,0,0.0,0.0
2012-11-19 00:00:00+01:00,263.92999267578125,268.6300048828125,263.92999267578125,268.5799865722656,0,0.0,0.0
2012-11-20 00:00:00+01:00,268.2200012207031,269.6199951171875,267.6400146484375,269.489990234375,0,0.0,0.0
2012-11-21 00:00:00+01:00,269.3299865722656,270.3900146484375,268.67999267578125,270.1099853515625,0,0.0,0.0
2012-11-22 00:00:00+01:00,270.54998779296875,271.82000732421875,270.54998779296875,271.70001220703125,0,0.0,0.0
2012-11-23 00:00:00+01:00,271.8800048828125,273.4100036621094,271.0,273.3299865722656,0,0.0,0.0
2012-11-26 00:00:00+01:00,272.8599853515625,273.0299987792969,271.5400085449219,272.0,0,0.0,0.0
2012-11-27 00:00:00+01:00,272.4700012207031,273.7799987792969,272.260009765625,272.8599853515625,0,0.0,0.0
2012-11-28 00:00:00+01:00,272.4200134277344,273.19000244140625,271.1099853515625,273.1499938964844,0,0.0,0.0
2012-11-29 00:00:00+01:00,273.80999755859375,276.4700012207031,273.80999755859375,276.30999755859375,0,0.0,0.0
2012-11-30 00:00:00+01:00,276.07000732421875,277.1000061035156,275.7799987792969,275.7799987792969,0,0.0,0.0
2012-12-03 00:00:00+01:00,275.94000244140625,277.95001220703125,275.8399963378906,276.1300048828125,0,0.0,0.0
2012-12-04 00:00:00+01:00,275.9599914550781,277.2699890136719,275.7200012207031,276.239990234375,0,0.0,0.0
2012-12-05 00:00:00+01:00,276.5,277.4599914550781,276.1400146484375,276.9100036621094,0,0.0,0.0
2012-12-06 00:00:00+01:00,277.07000732421875,279.25,277.07000732421875,278.82000732421875,0,0.0,0.0
2012-12-07 00:00:00+01:00,279.2300109863281,280.0,278.260009765625,279.1700134277344,0,0.0,0.0
2012-12-10 00:00:00+01:00,278.80999755859375,279.6099853515625,277.45001220703125,279.54998779296875,0,0.0,0.0
2012-12-11 00:00:00+01:00,279.3699951171875,280.8399963378906,278.92999267578125,280.489990234375,0,0.0,0.0
2012-12-12 00:00:00+01:00,280.42999267578125,281.1499938964844,280.05999755859375,280.6400146484375,0,0.0,0.0
2012-12-13 00:00:00+01:00,280.510009765625,280.7300109863281,279.2900085449219,279.6300048828125,0,0.0,0.0
2012-12-14 00:00:00+01:00,279.54998779296875,280.2300109863281,279.1000061035156,279.3999938964844,0,0.0,0.0
2012-12-17 00:00:00+01:00,279.3399963378906,279.4700012207031,278.0799865722656,279.17999267578125,0,0.0,0.0
2012-12-18 00:00:00+01:00,279.54998779296875,280.79998779296875,279.54998779296875,280.4599914550781,0,0.0,0.0
2012-12-19 00:00:00+01:00,280.75,282.1099853515625,280.75,281.6499938964844,0,0.0,0.0
2012-12-20 00:00:00+01:00,281.55999755859375,282.05999755859375,281.0899963378906,281.80999755859375,0,0.0,0.0
2012-12-21 00:00:00+01:00,281.25,281.3900146484375,279.3999938964844,280.95001220703125,0,0.0,0.0
2012-12-27 00:00:00+01:00,280.0899963378906,281.45001220703125,279.9700012207031,280.6000061035156,0,0.0,0.0
2012-12-28 00:00:00+01:00,280.510009765625,280.94000244140625,278.7300109863281,278.7799987792969,0,0.0,0.0
2013-01-03 00:00:00+01:00,285.510009765625,286.8599853515625,285.510009765625,286.8299865722656,0,0.0,0.0
2013-01-04 00:00:00+01:00,286.6300048828125,287.8299865722656,285.8699951171875,287.8299865722656,0,0.0,0.0
2013-01-07 00:00:00+01:00,287.989990234375,288.0799865722656,286.42999267578125,286.6300048828125,0,0.0,0.0
2013-01-08 00:00:00+01:00,286.2799987792969,287.69000244140625,285.9599914550781,286.25,0,0.0,0.0
2013-01-09 00:00:00+01:00,286.6400146484375,288.45001220703125,286.6400146484375,288.2200012207031,0,0.0,0.0
2013-01-10 00:00:00+01:00,288.2300109863281,288.8299865722656,286.94000244140625,287.44000244140625,0,0.0,0.0
2013-01-11 00:00:00+01:00,287.3299865722656,287.9599914550781,286.1400146484375,287.0799865722656,0,0.0,0.0
2013-01-14 00:00:00+01:00,287.3699951171875,287.8699951171875,285.6099853515625,286.010009765625,0,0.0,0.0
2013-01-15 00:00:00+01:00,285.79998779296875,286.32000732421875,284.70001220703125,285.9700012207031,0,0.0,0.0
2013-01-16 00:00:00+01:00,285.8599853515625,286.239990234375,284.70001220703125,286.0299987792969,0,0.0,0.0
2013-01-17 00:00:00+01:00,285.7699890136719,287.6300048828125,285.5899963378906,287.3500061035156,0,0.0,0.0
2013-01-18 00:00:00+01:00,287.3500061035156,287.92999267578125,287.0299987792969,287.0299987792969,0,0.0,0.0
2013-01-21 00:00:00+01:00,287.29998779296875,287.92999267578125,286.9100036621094,287.7799987792969,0,0.0,0.0
2013-01-22 00:00:00+01:00,287.3500061035156,287.8699951171875,285.5,287.6600036621094,0,0.0,0.0
2013-01-23 00:00:00+01:00,287.2900085449219,288.2300109863281,287.2799987792969,288.2200012207031,0,0.0,0.0
2013-01-24 00:00:00+01:00,287.8500061035156,289.0899963378906,287.1000061035156,288.8900146484375,0,0.0,0.0
2013-01-25 00:00:00+01:00,288.6000061035156,289.82000732421875,288.1000061035156,289.7200012207031,0,0.0,0.0
2013-01-28 00:00:00+01:00,289.6000061035156,290.0799865722656,289.2799987792969,289.3599853515625,0,0.0,0.0
2013-01-29 00:00:00+01:00,289.79998779296875,290.44000244140625,288.8299865722656,290.29998779296875,0,0.0,0.0
2013-01-30 00:00:00+01:00,290.19000244140625,290.3299865722656,288.0799865722656,288.6300048828125,0,0.0,0.0
2013-01-31 00:00:00+01:00,288.75,288.95001220703125,286.8800048828125,287.2200012207031,0,0.0,0.0
2013-02-01 00:00:00+01:00,286.94000244140625,289.2200012207031,286.8699951171875,288.20001220703125,0,0.0,0.0
2013-02-04 00:00:00+01:00,288.5299987792969,288.70001220703125,283.8999938964844,283.8999938964844,0,0.0,0.0
2013-02-05 00:00:00+01:00,284.3399963378906,286.42999267578125,284.3399963378906,285.55999755859375,0,0.0,0.0
2013-02-06 00:00:00+01:00,285.0799865722656,286.7300109863281,283.3999938964844,284.5199890136719,0,0.0,0.0
2013-02-07 00:00:00+01:00,284.739990234375,286.20001220703125,283.7900085449219,283.8800048828125,0,0.0,0.0
2013-02-08 00:00:00+01:00,284.44000244140625,287.3999938964844,284.42999267578125,287.3399963378906,0,0.0,0.0
2013-02-11 00:00:00+01:00,286.5199890136719,287.2099914550781,284.989990234375,285.6199951171875,0,0.0,0.0
2013-02-12 00:00:00+01:00,285.3500061035156,287.07000732421875,284.8599853515625,287.07000732421875,0,0.0,0.0
2013-02-13 00:00:00+01:00,287.2099914550781,289.010009765625,286.2200012207031,288.2699890136719,0,0.0,0.0
2013-02-14 00:00:00+01:00,288.45001220703125,288.9200134277344,286.57000732421875,287.7900085449219,0,0.0,0.0
2013-02-15 00:00:00+01:00,287.45001220703125,288.67999267578125,287.1099853515625,287.3399963378906,0,0.0,0.0
2013-02-18 00:00:00+01:00,287.0299987792969,287.0299987792969,285.9800109863281,286.760009765625,0,0.0,0.0
2013-02-19 00:00:00+01:00,286.6499938964844,290.1199951171875,286.489990234375,290.010009765625,0,0.0,0.0
2013-02-20 00:00:00+01:00,289.3399963378906,290.3599853515625,288.6499938964844,289.07000732421875,0,0.0,0.0
2013-02-21 00:00:00+01:00,288.32000732421875,288.32000732421875,284.5,284.8599853515625,0,0.0,0.0
2013-02-22 00:00:00+01:00,285.7099914550781,288.82000732421875,285.7099914550781,288.57000732421875,0,0.0,0.0
2013-02-25 00:00:00+01:00,288.19000244140625,290.489990234375,286.989990234375,288.3999938964844,0,0.0,0.0
2013-02-26 00:00:00+01:00,288.1499938964844,288.1499938964844,284.489990234375,284.6000061035156,0,0.0,0.0
2013-02-27 00:00:00+01:00,284.92999267578125,287.3399963378906,283.8999938964844,287.1700134277344,0,0.0,0.0
2013-02-28 00:00:00+01:00,287.70001220703125,290.0799865722656,287.70001220703125,289.94000244140625,0,0.0,0.0
2013-03-01 00:00:00+01:00,289.45001220703125,290.45001220703125,286.6600036621094,289.0199890136719,0,0.0,0.0
2013-03-04 00:00:00+01:00,288.44000244140625,289.2900085449219,287.2099914550781,288.8900146484375,0,0.0,0.0
2013-03-05 00:00:00+01:00,289.8599853515625,294.3800048828125,289.8599853515625,294.1099853515625,0,0.0,0.0
2013-03-06 00:00:00+01:00,294.17999267578125,295.1700134277344,293.239990234375,293.3800048828125,0,0.0,0.0
2013-03-07 00:00:00+01:00,293.3500061035156,294.3900146484375,293.05999755859375,293.19000244140625,0,0.0,0.0
2013-03-08 00:00:00+01:00,293.5299987792969,296.1600036621094,293.5299987792969,295.54998779296875,0,0.0,0.0
2013-03-11 00:00:00+01:00,295.1499938964844,295.3299865722656,294.07000732421875,295.260009765625,0,0.0,0.0
2013-03-12 00:00:00+01:00,295.0299987792969,296.010009765625,294.79998779296875,295.3699951171875,0,0.0,0.0
2013-03-13 00:00:00+01:00,295.29998779296875,295.32000732421875,293.9700012207031,295.32000732421875,0,0.0,0.0
2013-03-14 00:00:00+01:00,295.79998779296875,298.5199890136719,295.79998779296875,298.5199890136719,0,0.0,0.0
2013-03-15 00:00:00+01:00,298.8299865722656,298.8999938964844,296.5199890136719,297.44000244140625,0,0.0,0.0
2013-03-18 00:00:00+01:00,296.45001220703125,297.1499938964844,293.739990234375,296.80999755859375,0,0.0,0.0
2013-03-19 00:00:00+01:00,296.510009765625,297.0799865722656,294.8599853515625,295.54998779296875,0,0.0,0.0
2013-03-20 00:00:00+01:00,296.05999755859375,297.260009765625,295.9200134277344,296.5,0,0.0,0.0
2013-03-21 00:00:00+01:00,296.4700012207031,296.5400085449219,293.45001220703125,294.4700012207031,0,0.0,0.0
2013-03-22 00:00:00+01:00,294.5400085449219,295.3500061035156,293.3900146484375,294.0400085449219,0,0.0,0.0
2013-03-25 00:00:00+01:00,295.3800048828125,297.0299987792969,292.6600036621094,293.25,0,0.0,0.0
2013-03-26 00:00:00+01:00,293.8299865722656,294.3500061035156,292.6499938964844,293.760009765625,0,0.0,0.0
2013-03-27 00:00:00+01:00,293.010009765625,293.010009765625,291.3299865722656,292.44000244140625,0,0.0,0.0
2013-03-28 00:00:00+01:00,292.6700134277344,294.8999938964844,292.44000244140625,293.7799987792969,0,0.0,0.0
2013-04-02 00:00:00+02:00,293.8699951171875,297.760009765625,293.8699951171875,297.5199890136719,0,0.0,0.0
2013-04-03 00:00:00+02:00,296.9700012207031,297.4700012207031,294.7200012207031,294.79998779296875,0,0.0,0.0
2013-04-04 00:00:00+02:00,294.79998779296875,295.3999938964844,291.5,291.7099914550781,0,0.0,0.0
2013-04-05 00:00:00+02:00,291.55999755859375,291.8800048828125,285.4100036621094,287.1300048828125,0,0.0,0.0
2013-04-08 00:00:00+02:00,287.8500061035156,289.239990234375,287.3399963378906,287.6400146484375,0,0.0,0.0
2013-04-09 00:00:00+02:00,288.45001220703125,289.55999755859375,287.2099914550781,288.07000732421875,0,0.0,0.0
2013-04-10 00:00:00+02:00,288.4700012207031,293.6099853515625,288.4700012207031,293.19000244140625,0,0.0,0.0
2013-04-11 00:00:00+02:00,293.2300109863281,295.3800048828125,292.8299865722656,294.9599914550781,0,0.0,0.0
2013-04-12 00:00:00+02:00,294.7200012207031,294.7200012207031,291.6600036621094,292.3900146484375,0,0.0,0.0
2013-04-15 00:00:00+02:00,292.1499938964844,292.6400146484375,288.79998779296875,290.42999267578125,0,0.0,0.0
2013-04-16 00:00:00+02:00,289.6199951171875,290.1499938964844,288.04998779296875,288.1600036621094,0,0.0,0.0
2013-04-17 00:00:00+02:00,289.05999755859375,289.510009765625,282.9800109863281,283.7300109863281,0,0.0,0.0
2013-04-18 00:00:00+02:00,284.2099914550781,285.6000061035156,282.9599914550781,283.7300109863281,0,0.0,0.0
2013-04-19 00:00:00+02:00,284.8999938964844,286.5799865722656,283.94000244140625,285.2099914550781,0,0.0,0.0
2013-04-22 00:00:00+02:00,285.67999267578125,287.8699951171875,284.75,285.67999267578125,0,0.0,0.0
2013-04-23 00:00:00+02:00,285.6300048828125,292.6300048828125,285.6199951171875,292.6300048828125,0,0.0,0.0
2013-04-24 00:00:00+02:00,292.29998779296875,294.9200134277344,292.2099914550781,294.6300048828125,0,0.0,0.0
2013-04-25 00:00:00+02:00,294.3500061035156,297.32000732421875,293.5899963378906,296.8800048828125,0,0.0,0.0
2013-04-26 00:00:00+02:00,296.20001220703125,296.260009765625,294.32000732421875,295.8900146484375,0,0.0,0.0
2013-04-29 00:00:00+02:00,296.0299987792969,297.489990234375,295.989990234375,297.3900146484375,0,0.0,0.0
2013-04-30 00:00:00+02:00,297.80999755859375,298.92999267578125,295.92999267578125,296.7200012207031,0,0.0,0.0
2013-05-02 00:00:00+02:00,296.5199890136719,298.2799987792969,295.5299987792969,297.8800048828125,0,0.0,0.0
2013-05-03 00:00:00+02:00,298.0199890136719,301.7200012207031,297.4100036621094,301.0400085449219,0,0.0,0.0
2013-05-06 00:00:00+02:00,300.8999938964844,301.0400085449219,300.3500061035156,300.9700012207031,0,0.0,0.0
2013-05-07 00:00:00+02:00,301.3900146484375,302.5299987792969,301.1099853515625,301.739990234375,0,0.0,0.0
2013-05-08 00:00:00+02:00,301.489990234375,303.8699951171875,301.44000244140625,303.6700134277344,0,0.0,0.0
2013-05-10 00:00:00+02:00,303.6700134277344,306.0,303.6700134277344,304.989990234375,0,0.0,0.0
2013-05-13 00:00:00+02:00,305.010009765625,305.4800109863281,303.44000244140625,304.4599914550781,0,0.0,0.0
2013-05-14 00:00:00+02:00,304.510009765625,305.6600036621094,303.0799865722656,305.6600036621094,0,0.0,0.0
2013-05-15 00:00:00+02:00,305.4599914550781,308.1400146484375,305.2300109863281,308.05999755859375,0,0.0,0.0
2013-05-16 00:00:00+02:00,307.80999755859375,308.4700012207031,307.1600036621094,307.9700012207031,0,0.0,0.0
2013-05-17 00:00:00+02:00,307.5400085449219,308.94000244140625,306.6199951171875,308.7200012207031,0,0.0,0.0
2013-05-21 00:00:00+02:00,309.3399963378906,309.989990234375,307.70001220703125,309.989990234375,0,0.0,0.0
2013-05-22 00:00:00+02:00,309.739990234375,310.5899963378906,309.739990234375,310.5899963378906,0,0.0,0.0
2013-05-23 00:00:00+02:00,308.6099853515625,308.6099853515625,302.57000732421875,303.989990234375,0,0.0,0.0
2013-05-24 00:00:00+02:00,304.5899963378906,305.2200012207031,302.2200012207031,303.3500061035156,0,0.0,0.0
2013-05-27 00:00:00+02:00,303.8299865722656,304.4599914550781,303.6400146484375,304.3399963378906,0,0.0,0.0
2013-05-28 00:00:00+02:00,305.3699951171875,309.5,305.3699951171875,308.2300109863281,0,0.0,0.0
2013-05-29 00:00:00+02:00,307.3800048828125,307.3800048828125,302.3299865722656,302.5,0,0.0,0.0
2013-05-30 00:00:00+02:00,302.5400085449219,304.2300109863281,302.44000244140625,303.54998779296875,0,0.0,0.0
2013-05-31 00:00:00+02:00,303.75,303.75,300.3500061035156,300.8800048828125,0,0.0,0.0
2013-06-03 00:00:00+02:00,300.2200012207031,301.5899963378906,297.239990234375,298.5899963378906,0,0.0,0.0
2013-06-04 00:00:00+02:00,299.3399963378906,300.8800048828125,299.1700134277344,299.5899963378906,0,0.0,0.0
2013-06-05 00:00:00+02:00,298.6400146484375,299.44000244140625,295.1199951171875,295.1199951171875,0,0.0,0.0
2013-06-06 00:00:00+02:00,295.1099853515625,296.3599853515625,291.69000244140625,291.69000244140625,0,0.0,0.0
2013-06-07 00:00:00+02:00,291.9200134277344,296.1099853515625,290.55999755859375,295.3999938964844,0,0.0,0.0
2013-06-10 00:00:00+02:00,295.20001220703125,296.2300109863281,294.42999267578125,295.2200012207031,0,0.0,0.0
2013-06-11 00:00:00+02:00,294.4200134277344,294.4200134277344,289.0799865722656,291.739990234375,0,0.0,0.0
2013-06-12 00:00:00+02:00,291.6499938964844,293.7799987792969,290.5,290.67999267578125,0,0.0,0.0
2013-06-13 00:00:00+02:00,288.7200012207031,290.75,285.70001220703125,290.510009765625,0,0.0,0.0
2013-06-14 00:00:00+02:00,291.1099853515625,292.54998779296875,290.32000732421875,291.1300048828125,0,0.0,0.0
2013-06-17 00:00:00+02:00,291.67999267578125,294.8699951171875,291.67999267578125,293.25,0,0.0,0.0
2013-06-18 00:00:00+02:00,292.5299987792969,294.1700134277344,291.8399963378906,293.0199890136719,0,0.0,0.0
2013-06-19 00:00:00+02:00,293.5,293.8500061035156,291.4599914550781,292.3599853515625,0,0.0,0.0
2013-06-20 00:00:00+02:00,289.94000244140625,289.94000244140625,283.1300048828125,283.67999267578125,0,0.0,0.0
2013-06-21 00:00:00+02:00,284.0299987792969,286.5400085449219,280.3999938964844,280.3999938964844,0,0.0,0.0
2013-06-24 00:00:00+02:00,280.510009765625,280.6400146484375,274.9700012207031,275.6600036621094,0,0.0,0.0
2013-06-25 00:00:00+02:00,277.19000244140625,280.2900085449219,276.9200134277344,279.69000244140625,0,0.0,0.0
2013-06-26 00:00:00+02:00,280.19000244140625,285.1300048828125,279.6300048828125,284.5400085449219,0,0.0,0.0
2013-06-27 00:00:00+02:00,284.32000732421875,287.7099914550781,283.6400146484375,286.4200134277344,0,0.0,0.0
2013-06-28 00:00:00+02:00,286.7799987792969,287.5899963378906,284.010009765625,285.0199890136719,0,0.0,0.0
2013-07-01 00:00:00+02:00,286.6000061035156,288.9800109863281,284.54998779296875,288.2900085449219,0,0.0,0.0
2013-07-02 00:00:00+02:00,288.2300109863281,288.260009765625,285.6400146484375,287.1300048828125,0,0.0,0.0
2013-07-03 00:00:00+02:00,286.0299987792969,286.0299987792969,282.6499938964844,285.4599914550781,0,0.0,0.0
2013-07-04 00:00:00+02:00,286.4100036621094,292.3900146484375,286.4100036621094,292.1499938964844,0,0.0,0.0
2013-07-05 00:00:00+02:00,292.4100036621094,293.760009765625,288.30999755859375,288.30999755859375,0,0.0,0.0
2013-07-08 00:00:00+02:00,289.3900146484375,293.3500061035156,289.3900146484375,292.3699951171875,0,0.0,0.0
2013-07-09 00:00:00+02:00,293.1099853515625,295.3999938964844,293.1099853515625,294.5799865722656,0,0.0,0.0
2013-07-10 00:00:00+02:00,294.7900085449219,295.67999267578125,292.989990234375,294.8399963378906,0,0.0,0.0
2013-07-11 00:00:00+02:00,295.95001220703125,297.80999755859375,295.8399963378906,296.5400085449219,0,0.0,0.0
2013-07-12 00:00:00+02:00,297.0799865722656,298.19000244140625,296.0899963378906,296.20001220703125,0,0.0,0.0
2013-07-15 00:00:00+02:00,296.45001220703125,298.3599853515625,296.3399963378906,297.3800048828125,0,0.0,0.0
2013-07-16 00:00:00+02:00,297.44000244140625,297.80999755859375,295.1400146484375,295.30999755859375,0,0.0,0.0
2013-07-17 00:00:00+02:00,295.4599914550781,297.70001220703125,293.6600036621094,297.0400085449219,0,0.0,0.0
2013-07-18 00:00:00+02:00,296.5,300.2099914550781,296.1300048828125,299.760009765625,0,0.0,0.0
2013-07-19 00:00:00+02:00,299.3299865722656,300.04998779296875,298.25,299.8500061035156,0,0.0,0.0
2013-07-22 00:00:00+02:00,300.0,300.8299865722656,299.29998779296875,300.29998779296875,0,0.0,0.0
2013-07-23 00:00:00+02:00,300.6199951171875,301.6600036621094,299.44000244140625,299.44000244140625,0,0.0,0.0
2013-07-24 00:00:00+02:00,299.8900146484375,302.2799987792969,299.6700134277344,301.1000061035156,0,0.0,0.0
2013-07-25 00:00:00+02:00,301.2200012207031,301.3800048828125,297.80999755859375,299.6300048828125,0,0.0,0.0
2013-07-26 00:00:00+02:00,300.4100036621094,301.7099914550781,298.1199951171875,298.9100036621094,0,0.0,0.0
2013-07-29 00:00:00+02:00,299.6700134277344,300.9200134277344,298.6199951171875,299.05999755859375,0,0.0,0.0
2013-07-30 00:00:00+02:00,299.510009765625,300.6099853515625,298.6700134277344,299.42999267578125,226371700,0.0,0.0
2013-07-31 00:00:00+02:00,298.6499938964844,300.6499938964844,298.04998779296875,299.5799865722656,233564500,0.0,0.0
2013-08-02 00:00:00+02:00,303.54998779296875,304.4800109863281,302.8299865722656,304.1499938964844,233684200,0.0,0.0
2013-08-05 00:00:00+02:00,304.6700134277344,305.9800109863281,303.8399963378906,304.739990234375,175383100,0.0,0.0
2013-08-06 00:00:00+02:00,304.7300109863281,305.8500061035156,302.20001220703125,303.5,229115600,0.0,0.0
2013-08-07 00:00:00+02:00,302.6700134277344,303.3900146484375,301.20001220703125,302.80999755859375,215695900,0.0,0.0
2013-08-08 00:00:00+02:00,302.9800109863281,304.5899963378906,302.510009765625,304.1700134277344,259643800,0.0,0.0
2013-08-09 00:00:00+02:00,304.54998779296875,306.5799865722656,303.8699951171875,305.9200134277344,277971600,0.0,0.0
2013-08-12 00:00:00+02:00,305.94000244140625,306.6400146484375,304.20001220703125,306.0799865722656,174433000,0.0,0.0
2013-08-13 00:00:00+02:00,306.260009765625,307.8800048828125,306.260009765625,307.7900085449219,239651300,0.0,0.0
2013-08-14 00:00:00+02:00,307.42999267578125,309.05999755859375,306.9100036621094,308.6199951171875,251997900,0.0,0.0
2013-08-15 00:00:00+02:00,308.1300048828125,308.1300048828125,303.8500061035156,305.3399963378906,232262000,0.0,0.0
2013-08-16 00:00:00+02:00,305.1099853515625,306.44000244140625,304.2300109863281,306.3599853515625,251768200,0.0,0.0
2013-08-19 00:00:00+02:00,306.4700012207031,306.55999755859375,304.3900146484375,304.7699890136719,232853500,0.0,0.0
2013-08-20 00:00:00+02:00,303.95001220703125,303.95001220703125,300.4599914550781,302.25,253687400,0.0,0.0
2013-08-21 00:00:00+02:00,302.5,302.79998779296875,300.6000061035156,300.6099853515625,202424900,0.0,0.0
2013-08-22 00:00:00+02:00,300.57000732421875,304.4800109863281,300.57000732421875,303.54998779296875,214932300,0.0,0.0
2013-08-23 00:00:00+02:00,303.6700134277344,305.3399963378906,302.44000244140625,304.7099914550781,194530500,0.0,0.0
2013-08-26 00:00:00+02:00,304.7900085449219,304.95001220703125,303.5799865722656,304.4800109863281,164826700,0.0,0.0
2013-08-27 00:00:00+02:00,303.6000061035156,304.0199890136719,299.010009765625,299.010009765625,263549500,0.0,0.0
2013-08-28 00:00:00+02:00,298.2900085449219,298.54998779296875,295.8800048828125,297.8900146484375,260010800,0.0,0.0
2013-08-29 00:00:00+02:00,298.75,300.6099853515625,298.2900085449219,300.1300048828125,239230400,0.0,0.0
2013-08-30 00:00:00+02:00,300.2900085449219,300.82000732421875,297.32000732421875,297.32000732421875,274777800,0.0,0.0
2013-09-02 00:00:00+02:00,299.0400085449219,303.4599914550781,299.0400085449219,302.94000244140625,197540600,0.0,0.0
2013-09-03 00:00:00+02:00,303.1099853515625,303.7799987792969,300.75,301.7799987792969,281284700,0.0,0.0
2013-09-04 00:00:00+02:00,302.30999755859375,302.6700134277344,299.760009765625,302.3399963378906,247645900,0.0,0.0
2013-09-05 00:00:00+02:00,302.6099853515625,304.55999755859375,301.4599914550781,304.55999755859375,303306000,0.0,0.0
2013-09-06 00:00:00+02:00,304.45001220703125,306.67999267578125,303.010009765625,306.1000061035156,273019500,0.0,0.0
2013-09-09 00:00:00+02:00,305.9700012207031,306.239990234375,304.70001220703125,305.8399963378906,219025900,0.0,0.0
2013-09-10 00:00:00+02:00,306.8399963378906,310.0799865722656,306.8399963378906,309.79998779296875,316384300,0.0,0.0
2013-09-11 00:00:00+02:00,309.82000732421875,310.989990234375,309.6700134277344,310.8800048828125,293822600,0.0,0.0
2013-09-12 00:00:00+02:00,310.8500061035156,311.30999755859375,309.6199951171875,310.739990234375,261191300,0.0,0.0
2013-09-13 00:00:00+02:00,310.4700012207031,311.4599914550781,309.6400146484375,311.4599914550781,198153700,0.0,0.0
2013-09-16 00:00:00+02:00,312.760009765625,314.2900085449219,312.760009765625,313.4200134277344,211566900,0.0,0.0
2013-09-17 00:00:00+02:00,312.94000244140625,312.94000244140625,311.7300109863281,311.95001220703125,271227800,0.0,0.0
2013-09-18 00:00:00+02:00,312.19000244140625,313.5899963378906,311.82000732421875,313.2799987792969,242747000,0.0,0.0
2013-09-19 00:00:00+02:00,314.8800048828125,317.17999267578125,314.3699951171875,315.04998779296875,312191200,0.0,0.0
2013-09-20 00:00:00+02:00,314.7200012207031,315.5299987792969,314.19000244140625,314.20001220703125,406032800,0.0,0.0
2013-09-23 00:00:00+02:00,314.2099914550781,314.8599853515625,311.9800109863281,312.6199951171875,227210800,0.0,0.0
2013-09-24 00:00:00+02:00,312.6099853515625,313.6099853515625,312.4100036621094,313.20001220703125,266354400,0.0,0.0
2013-09-25 00:00:00+02:00,312.9100036621094,313.5799865722656,311.6700134277344,313.0199890136719,283147400,0.0,0.0
2013-09-26 00:00:00+02:00,313.29998779296875,313.8500061035156,311.8299865722656,313.0199890136719,284415700,0.0,0.0
2013-09-27 00:00:00+02:00,313.7900085449219,314.1700134277344,311.05999755859375,312.17999267578125,216191800,0.0,0.0
2013-09-30 00:00:00+02:00,311.2099914550781,311.2099914550781,309.04998779296875,310.4599914550781,284061300,0.0,0.0
2013-10-01 00:00:00+02:00,310.67999267578125,312.8599853515625,310.6700134277344,312.8599853515625,257509700,0.0,0.0
2013-10-02 00:00:00+02:00,312.1700134277344,312.1700134277344,309.5299987792969,310.7900085449219,308256300,0.0,0.0
2013-10-03 00:00:00+02:00,310.8399963378906,311.6499938964844,309.32000732421875,309.54998779296875,229169500,0.0,0.0
2013-10-04 00:00:00+02:00,309.3399963378906,310.5899963378906,308.3599853515625,309.8900146484375,282796400,0.0,0.0
2013-10-07 00:00:00+02:00,309.19000244140625,309.4100036621094,306.75,309.17999267578125,242470000,0.0,0.0
2013-10-08 00:00:00+02:00,309.07000732421875,309.4599914550781,306.79998779296875,306.8399963378906,305374300,0.0,0.0
2013-10-09 00:00:00+02:00,306.3299865722656,306.9599914550781,304.45001220703125,305.1300048828125,317499500,0.0,0.0
2013-10-10 00:00:00+02:00,306.1000061035156,310.6300048828125,306.1000061035156,310.2900085449219,338475100,0.0,0.0
2013-10-11 00:00:00+02:00,310.9800109863281,311.7799987792969,310.55999755859375,311.6099853515625,274693700,0.0,0.0
2013-10-14 00:00:00+02:00,311.07000732421875,312.2200012207031,310.3999938964844,312.2200012207031,213467000,0.0,0.0
2013-10-15 00:00:00+02:00,312.75,315.1099853515625,312.75,314.82000732421875,267682200,0.0,0.0
2013-10-16 00:00:00+02:00,314.2200012207031,315.8599853515625,313.010009765625,315.54998779296875,319159500,0.0,0.0
2013-10-17 00:00:00+02:00,315.1499938964844,315.9800109863281,313.6099853515625,315.9800109863281,284376000,0.0,0.0
2013-10-18 00:00:00+02:00,316.6499938964844,318.4700012207031,316.55999755859375,318.4700012207031,283429400,0.0,0.0
2013-10-21 00:00:00+02:00,318.57000732421875,319.6400146484375,318.30999755859375,319.5400085449219,216911600,0.0,0.0
2013-10-22 00:00:00+02:00,319.2699890136719,321.9200134277344,319.1199951171875,320.9700012207031,252048700,0.0,0.0
2013-10-23 00:00:00+02:00,319.94000244140625,319.94000244140625,318.42999267578125,318.989990234375,288797600,0.0,0.0
2013-10-24 00:00:00+02:00,319.3900146484375,320.3999938964844,319.3699951171875,320.3800048828125,259662300,0.0,0.0
2013-10-25 00:00:00+02:00,319.8900146484375,320.7799987792969,319.19000244140625,320.0899963378906,253703000,0.0,0.0
2013-10-28 00:00:00+01:00,320.7099914550781,321.07000732421875,318.67999267578125,319.489990234375,238309900,0.0,0.0
2013-10-29 00:00:00+01:00,318.9800109863281,321.0,318.9800109863281,320.7699890136719,284318000,0.0,0.0
2013-10-30 00:00:00+01:00,321.0,322.8999938964844,320.1000061035156,320.79998779296875,287652000,0.0,0.0
2013-10-31 00:00:00+01:00,320.4200134277344,322.4599914550781,320.1400146484375,322.3699951171875,294654300,0.0,0.0
2013-11-01 00:00:00+01:00,322.5,322.9100036621094,321.0799865722656,321.5,202048900,0.0,0.0
2013-11-04 00:00:00+01:00,322.19000244140625,323.2799987792969,322.1600036621094,322.5,217855200,0.0,0.0
2013-11-05 00:00:00+01:00,323.0,323.2799987792969,320.4700012207031,321.8900146484375,274034900,0.0,0.0
2013-11-06 00:00:00+01:00,322.2099914550781,324.1099853515625,322.2099914550781,323.260009765625,239265200,0.0,0.0
2013-11-07 00:00:00+01:00,323.1700134277344,328.0799865722656,322.2900085449219,323.2300109863281,346428700,0.0,0.0
2013-11-08 00:00:00+01:00,322.2099914550781,322.8800048828125,319.4700012207031,322.7200012207031,334223200,0.0,0.0
2013-11-11 00:00:00+01:00,323.0400085449219,324.0,322.5199890136719,323.57000732421875,192395700,0.0,0.0
2013-11-12 00:00:00+01:00,323.2799987792969,323.7200012207031,321.17999267578125,321.67999267578125,266342000,0.0,0.0
2013-11-13 00:00:00+01:00,321.4100036621094,321.4100036621094,318.0,319.82000732421875,264008100,0.0,0.0
2013-11-14 00:00:00+01:00,321.510009765625,322.7799987792969,320.8999938964844,322.42999267578125,256322900,0.0,0.0
2013-11-15 00:00:00+01:00,322.6700134277344,323.3900146484375,321.9100036621094,323.0,230413200,0.0,0.0
2013-11-18 00:00:00+01:00,322.8599853515625,325.32000732421875,322.2200012207031,324.70001220703125,226106100,0.0,0.0
2013-11-19 00:00:00+01:00,323.8900146484375,323.8900146484375,322.1700134277344,322.55999755859375,198895900,0.0,0.0
2013-11-20 00:00:00+01:00,322.2200012207031,323.95001220703125,321.2300109863281,322.9100036621094,218242500,0.0,0.0
2013-11-21 00:00:00+01:00,321.8800048828125,322.8999938964844,320.5400085449219,322.4200134277344,203927500,0.0,0.0
2013-11-22 00:00:00+01:00,322.8399963378906,324.2900085449219,321.9599914550781,322.7699890136719,195188100,0.0,0.0
2013-11-25 00:00:00+01:00,323.4800109863281,324.7799987792969,323.4800109863281,324.17999267578125,220285800,0.0,0.0
2013-11-26 00:00:00+01:00,323.82000732421875,324.25,322.239990234375,322.239990234375,370122300,0.0,0.0
2013-11-27 00:00:00+01:00,322.5,324.54998779296875,322.5,324.0400085449219,247323500,0.0,0.0
2013-11-28 00:00:00+01:00,324.239990234375,325.5199890136719,324.239990234375,325.19000244140625,224353100,0.0,0.0
2013-11-29 00:00:00+01:00,324.9100036621094,325.8699951171875,324.7099914550781,325.1600036621094,227285600,0.0,0.0
2013-12-02 00:00:00+01:00,325.6499938964844,326.010009765625,324.1000061035156,324.1000061035156,213241300,0.0,0.0
2013-12-03 00:00:00+01:00,324.1099853515625,324.1099853515625,319.1300048828125,319.1300048828125,284053300,0.0,0.0
2013-12-04 00:00:00+01:00,319.4100036621094,319.69000244140625,315.67999267578125,317.239990234375,303660300,0.0,0.0
2013-12-05 00:00:00+01:00,316.7799987792969,317.7099914550781,314.4100036621094,314.4100036621094,282284900,0.0,0.0
2013-12-06 00:00:00+01:00,315.0199890136719,316.9700012207031,313.6499938964844,316.5,269894800,0.0,0.0
2013-12-09 00:00:00+01:00,316.9100036621094,317.3699951171875,315.8699951171875,317.1499938964844,213949000,0.0,0.0
2013-12-10 00:00:00+01:00,317.010009765625,317.8599853515625,314.79998779296875,314.9100036621094,236931100,0.0,0.0
2013-12-11 00:00:00+01:00,314.8399963378906,316.1300048828125,313.2699890136719,313.29998779296875,217898500,0.0,0.0
2013-12-12 00:00:00+01:00,312.6700134277344,312.6700134277344,310.239990234375,310.239990234375,234353000,0.0,0.0
2013-12-13 00:00:00+01:00,310.239990234375,311.0299987792969,309.3900146484375,309.75,216479000,0.0,0.0
2013-12-16 00:00:00+01:00,309.7900085449219,314.1700134277344,309.3999938964844,313.6400146484375,231698600,0.0,0.0
2013-12-17 00:00:00+01:00,313.1199951171875,313.1700134277344,311.30999755859375,311.30999755859375,221424200,0.0,0.0
2013-12-18 00:00:00+01:00,312.1300048828125,314.3599853515625,312.1300048828125,313.989990234375,223477200,0.0,0.0
2013-12-19 00:00:00+01:00,315.8999938964844,319.260009765625,315.8999938964844,318.19000244140625,213204000,0.0,0.0
2013-12-20 00:00:00+01:00,319.7200012207031,321.3900146484375,319.6600036621094,321.1400146484375,459473800,0.0,0.0
2013-12-23 00:00:00+01:00,321.3699951171875,323.3999938964844,321.3699951171875,323.3999938964844,192024900,0.0,0.0
2013-12-27 00:00:00+01:00,324.8299865722656,327.67999267578125,324.8299865722656,327.67999267578125,167033200,0.0,0.0
2013-12-30 00:00:00+01:00,327.760009765625,328.4200134277344,326.5799865722656,327.1300048828125,196129600,0.0,0.0
2014-01-03 00:00:00+01:00,326.1400146484375,328.0899963378906,325.2799987792969,327.6400146484375,220228300,0.0,0.0
2014-01-06 00:00:00+01:00,327.1000061035156,328.1199951171875,326.510009765625,326.9800109863281,194489900,0.0,0.0
2014-01-07 00:00:00+01:00,327.2300109863281,329.75,326.67999267578125,329.3999938964844,344684700,0.0,0.0
2014-01-08 00:00:00+01:00,329.5299987792969,329.9100036621094,328.7799987792969,329.75,378094300,0.0,0.0
2014-01-09 00:00:00+01:00,329.7900085449219,330.95001220703125,327.82000732421875,328.4100036621094,356556600,0.0,0.0
2014-01-10 00:00:00+01:00,329.0,331.57000732421875,329.0,329.95001220703125,289737000,0.0,0.0
2014-01-13 00:00:00+01:00,330.55999755859375,331.0799865722656,329.8599853515625,330.7200012207031,251150800,0.0,0.0
2014-01-14 00:00:00+01:00,329.0,331.3299865722656,327.3399963378906,331.2300109863281,283786700,0.0,0.0
2014-01-15 00:00:00+01:00,331.8699951171875,334.6000061035156,331.8699951171875,334.510009765625,341459700,0.0,0.0
2014-01-16 00:00:00+01:00,334.4599914550781,334.6000061035156,333.6700134277344,333.989990234375,313622100,0.0,0.0
2014-01-17 00:00:00+01:00,333.75,336.07000732421875,333.75,335.82000732421875,329356800,0.0,0.0
2014-01-20 00:00:00+01:00,335.42999267578125,335.989990234375,334.75,335.5,192173500,0.0,0.0
2014-01-21 00:00:00+01:00,335.7300109863281,337.6499938964844,335.32000732421875,335.760009765625,256322100,0.0,0.0
2014-01-22 00:00:00+01:00,336.1300048828125,337.2699890136719,335.07000732421875,336.05999755859375,299695500,0.0,0.0
2014-01-23 00:00:00+01:00,335.6099853515625,336.6700134277344,331.94000244140625,332.69000244140625,287175700,0.0,0.0
2014-01-24 00:00:00+01:00,332.6700134277344,333.3599853515625,324.5,324.75,374703400,0.0,0.0
2014-01-27 00:00:00+01:00,324.70001220703125,324.8399963378906,321.3900146484375,322.0199890136719,360964400,0.0,0.0
2014-01-28 00:00:00+01:00,322.95001220703125,324.8800048828125,322.760009765625,324.2200012207031,284382700,0.0,0.0
2014-01-29 00:00:00+01:00,325.5199890136719,328.0199890136719,319.2900085449219,322.3900146484375,363736600,0.0,0.0
2014-01-30 00:00:00+01:00,322.1600036621094,324.25,320.05999755859375,323.32000732421875,288617200,0.0,0.0
2014-01-31 00:00:00+01:00,323.3699951171875,323.5400085449219,318.0,322.5199890136719,293402700,0.0,0.0
2014-02-03 00:00:00+01:00,322.239990234375,323.8699951171875,317.95001220703125,318.2099914550781,284392300,0.0,0.0
2014-02-04 00:00:00+01:00,317.0199890136719,318.6600036621094,315.6099853515625,317.5799865722656,348874500,0.0,0.0
2014-02-05 00:00:00+01:00,317.5199890136719,319.2099914550781,316.739990234375,318.0400085449219,295228600,0.0,0.0
2014-02-06 00:00:00+01:00,319.05999755859375,323.3999938964844,318.760009765625,322.7699890136719,361205200,0.0,0.0
2014-02-07 00:00:00+01:00,323.5299987792969,325.45001220703125,322.69000244140625,325.0899963378906,308128200,0.0,0.0
2014-02-10 00:00:00+01:00,325.6400146484375,326.0299987792969,324.6700134277344,325.29998779296875,217047400,0.0,0.0
2014-02-11 00:00:00+01:00,325.8399963378906,329.5199890136719,325.8399963378906,329.5199890136719,286631500,0.0,0.0
2014-02-12 00:00:00+01:00,329.9700012207031,333.0199890136719,329.9700012207031,332.0,303504300,0.0,0.0
2014-02-13 00:00:00+01:00,331.510009765625,331.5199890136719,328.7900085449219,331.4800109863281,300836500,0.0,0.0
2014-02-14 00:00:00+01:00,331.5400085449219,333.42999267578125,331.3500061035156,333.32000732421875,279830800,0.0,0.0
2014-02-18 00:00:00+01:00,334.7900085449219,334.8900146484375,332.30999755859375,334.6000061035156,267328100,0.0,0.0
2014-02-19 00:00:00+01:00,334.3399963378906,335.3299865722656,332.6099853515625,334.94000244140625,240624400,0.0,0.0
2014-02-20 00:00:00+01:00,333.4200134277344,334.7799987792969,331.2799987792969,334.7799987792969,244328900,0.0,0.0
2014-02-21 00:00:00+01:00,335.70001220703125,336.4200134277344,335.04998779296875,336.0899963378906,258167300,0.0,0.0
2014-02-24 00:00:00+01:00,335.79998779296875,338.19000244140625,334.5899963378906,338.19000244140625,267680800,0.0,0.0
2014-02-25 00:00:00+01:00,337.95001220703125,338.5899963378906,336.4599914550781,338.3900146484375,288748300,0.0,0.0
2014-02-26 00:00:00+01:00,338.2300109863281,338.57000732421875,336.4700012207031,337.70001220703125,242182900,0.0,0.0
2014-02-27 00:00:00+01:00,337.760009765625,338.0199890136719,334.25,337.2099914550781,300417700,0.0,0.0
2014-02-28 00:00:00+01:00,337.510009765625,338.2300109863281,335.510009765625,338.0199890136719,295954400,0.0,0.0
2014-03-03 00:00:00+01:00,335.82000732421875,335.82000732421875,330.2799987792969,330.3599853515625,336303500,0.0,0.0
2014-03-04 00:00:00+01:00,332.30999755859375,337.1499938964844,332.30999755859375,337.1499938964844,346459500,0.0,0.0
2014-03-05 00:00:00+01:00,336.92999267578125,337.79998779296875,336.29998779296875,337.05999755859375,429270800,0.0,0.0
2014-03-06 00:00:00+01:00,337.67999267578125,338.8999938964844,337.0,337.2799987792969,489217400,0.0,0.0
2014-03-07 00:00:00+01:00,337.17999267578125,337.510009765625,333.0,333.05999755859375,358485500,0.0,0.0
2014-03-10 00:00:00+01:00,332.5899963378906,334.7799987792969,330.20001220703125,331.3999938964844,322415800,0.0,0.0
2014-03-11 00:00:00+01:00,332.1600036621094,333.3900146484375,330.8999938964844,331.489990234375,326891800,0.0,0.0
2014-03-12 00:00:00+01:00,330.6199951171875,330.6199951171875,326.5199890136719,327.95001220703125,370780700,0.0,0.0
2014-03-13 00:00:00+01:00,328.25,328.70001220703125,324.510009765625,324.510009765625,340391600,0.0,0.0
2014-03-14 00:00:00+01:00,323.42999267578125,323.42999267578125,320.2300109863281,322.2300109863281,417900600,0.0,0.0
2014-03-17 00:00:00+01:00,322.6199951171875,326.260009765625,322.510009765625,325.8299865722656,285549700,0.0,0.0
2014-03-18 00:00:00+01:00,325.44000244140625,329.4599914550781,324.0899963378906,327.92999267578125,344023900,0.0,0.0
2014-03-19 00:00:00+01:00,328.1199951171875,328.8500061035156,327.1400146484375,327.6300048828125,402823700,0.0,0.0
2014-03-20 00:00:00+01:00,326.32000732421875,327.739990234375,324.510009765625,327.6700134277344,333149900,0.0,0.0
2014-03-21 00:00:00+01:00,327.6700134277344,329.1099853515625,327.19000244140625,327.9100036621094,505338800,0.0,0.0
2014-03-24 00:00:00+01:00,327.7300109863281,328.0,323.8299865722656,324.3900146484375,288294600,0.0,0.0
2014-03-25 00:00:00+01:00,324.55999755859375,328.9800109863281,324.55999755859375,328.57000732421875,264868800,0.0,0.0
2014-03-26 00:00:00+01:00,328.8999938964844,331.9700012207031,328.8900146484375,330.92999267578125,352586900,0.0,0.0
2014-03-27 00:00:00+01:00,330.4800109863281,331.70001220703125,329.54998779296875,331.3999938964844,268651400,0.0,0.0
2014-03-28 00:00:00+01:00,331.4100036621094,333.9599914550781,331.4100036621094,333.760009765625,369620000,0.0,0.0
2014-03-31 00:00:00+02:00,334.5299987792969,335.94000244140625,333.9200134277344,334.30999755859375,404531100,0.0,0.0
2014-04-01 00:00:00+02:00,334.9800109863281,336.94000244140625,334.9800109863281,336.3500061035156,384458800,0.0,0.0
2014-04-02 00:00:00+02:00,336.3500061035156,337.3800048828125,336.2699890136719,336.92999267578125,402948900,0.0,0.0
2014-04-03 00:00:00+02:00,337.07000732421875,338.45001220703125,336.0299987792969,337.25,338191100,0.0,0.0
2014-04-04 00:00:00+02:00,337.6499938964844,339.8599853515625,337.4800109863281,339.17999267578125,323569000,0.0,0.0
2014-04-07 00:00:00+02:00,337.8299865722656,337.8299865722656,334.7799987792969,334.9599914550781,278242400,0.0,0.0
2014-04-08 00:00:00+02:00,335.2799987792969,335.7099914550781,331.7099914550781,333.8900146484375,395786500,0.0,0.0
2014-04-09 00:00:00+02:00,334.19000244140625,336.25,334.1700134277344,335.1600036621094,294131200,0.0,0.0
2014-04-10 00:00:00+02:00,335.9800109863281,337.1499938964844,333.17999267578125,333.4100036621094,313492300,0.0,0.0
2014-04-11 00:00:00+02:00,332.04998779296875,332.04998779296875,327.0799865722656,328.7699890136719,356134700,0.0,0.0
2014-04-14 00:00:00+02:00,328.3399963378906,329.7900085449219,325.5,329.7900085449219,366588000,0.0,0.0
2014-04-15 00:00:00+02:00,329.4700012207031,330.32000732421875,326.489990234375,326.5799865722656,386757700,0.0,0.0
2014-04-16 00:00:00+02:00,328.44000244140625,330.82000732421875,328.44000244140625,330.82000732421875,300860300,0.0,0.0
2014-04-17 00:00:00+02:00,330.8500061035156,332.45001220703125,329.67999267578125,332.42999267578125,298846600,0.0,0.0
2014-04-22 00:00:00+02:00,333.4200134277344,337.3900146484375,333.4200134277344,337.0299987792969,285602400,0.0,0.0
2014-04-23 00:00:00+02:00,336.70001220703125,336.9100036621094,334.8599853515625,335.04998779296875,267888000,0.0,0.0
2014-04-24 00:00:00+02:00,336.1499938964844,337.8399963378906,333.42999267578125,336.1300048828125,265081400,0.0,0.0
2014-04-25 00:00:00+02:00,335.29998779296875,335.29998779296875,332.5,333.5,218859200,0.0,0.0
2014-04-28 00:00:00+02:00,333.57000732421875,335.5899963378906,333.489990234375,334.1300048828125,208001500,0.0,0.0
2014-04-29 00:00:00+02:00,334.5899963378906,338.1199951171875,334.5899963378906,338.1199951171875,267503900,0.0,0.0
2014-04-30 00:00:00+02:00,337.55999755859375,338.3599853515625,336.94000244140625,337.8900146484375,307176400,0.0,0.0
2014-05-02 00:00:00+02:00,338.4200134277344,339.20001220703125,337.1099853515625,337.760009765625,271614400,0.0,0.0
2014-05-05 00:00:00+02:00,337.3800048828125,337.3999938964844,334.6700134277344,336.8900146484375,212413900,0.0,0.0
2014-05-06 00:00:00+02:00,337.4200134277344,338.04998779296875,335.2699890136719,336.0400085449219,236147400,0.0,0.0
2014-05-07 00:00:00+02:00,335.1700134277344,336.7300109863281,334.54998779296875,336.0299987792969,276308300,0.0,0.0
2014-05-08 00:00:00+02:00,336.4800109863281,339.55999755859375,335.5199890136719,339.55999755859375,280038000,0.0,0.0
2014-05-09 00:00:00+02:00,339.30999755859375,339.30999755859375,337.55999755859375,338.5400085449219,247413600,0.0,0.0
2014-05-12 00:00:00+02:00,338.9700012207031,341.1700134277344,338.92999267578125,340.9599914550781,238442400,0.0,0.0
2014-05-13 00:00:00+02:00,341.4800109863281,342.04998779296875,340.7699890136719,341.8900146484375,255633300,0.0,0.0
2014-05-14 00:00:00+02:00,342.0199890136719,342.1000061035156,340.8299865722656,341.5899963378906,264850700,0.0,0.0
2014-05-15 00:00:00+02:00,341.510009765625,342.7099914550781,337.9700012207031,338.5,408245700,0.0,0.0
2014-05-16 00:00:00+02:00,338.25,338.989990234375,336.5199890136719,338.989990234375,385362000,0.0,0.0
2014-05-19 00:00:00+02:00,338.6700134277344,338.8999938964844,335.95001220703125,338.510009765625,256932600,0.0,0.0
2014-05-20 00:00:00+02:00,338.4700012207031,339.3800048828125,337.7699890136719,338.32000732421875,229954100,0.0,0.0
2014-05-21 00:00:00+02:00,337.6600036621094,340.4800109863281,336.6000061035156,340.3399963378906,245904600,0.0,0.0
2014-05-22 00:00:00+02:00,340.8299865722656,341.5799865722656,339.9100036621094,341.0199890136719,217124100,0.0,0.0
2014-05-23 00:00:00+02:00,341.20001220703125,341.94000244140625,340.0299987792969,341.760009765625,195017700,0.0,0.0
2014-05-26 00:00:00+02:00,342.20001220703125,343.69000244140625,342.20001220703125,343.69000244140625,192294300,0.0,0.0
2014-05-27 00:00:00+02:00,343.8900146484375,344.7799987792969,343.6099853515625,344.4700012207031,225873400,0.0,0.0
2014-05-28 00:00:00+02:00,344.2099914550781,344.489990234375,343.489990234375,344.2900085449219,244842600,0.0,0.0
2014-05-30 00:00:00+02:00,344.30999755859375,344.9700012207031,343.8699951171875,344.239990234375,333829700,0.0,0.0
2014-06-02 00:00:00+02:00,344.70001220703125,345.5400085449219,344.2099914550781,345.0799865722656,205306100,0.0,0.0
2014-06-03 00:00:00+02:00,345.07000732421875,345.07000732421875,342.94000244140625,343.4800109863281,195107500,0.0,0.0
2014-06-04 00:00:00+02:00,343.1600036621094,343.6700134277344,342.239990234375,343.55999755859375,202219600,0.0,0.0
2014-06-05 00:00:00+02:00,343.7900085449219,347.5799865722656,342.8800048828125,344.989990234375,311194100,0.0,0.0
2014-06-06 00:00:00+02:00,344.8800048828125,347.44000244140625,344.8800048828125,347.29998779296875,328531400,0.0,0.0
2014-06-10 00:00:00+02:00,348.45001220703125,349.7099914550781,348.0400085449219,349.7099914550781,234846400,0.0,0.0
2014-06-11 00:00:00+02:00,349.6000061035156,349.6499938964844,347.1400146484375,347.739990234375,246687400,0.0,0.0
2014-06-12 00:00:00+02:00,347.8299865722656,348.9200134277344,347.2799987792969,347.8299865722656,221801000,0.0,0.0
2014-06-13 00:00:00+02:00,348.3299865722656,348.3299865722656,344.8800048828125,347.07000732421875,223008800,0.0,0.0
2014-06-16 00:00:00+02:00,346.67999267578125,347.1300048828125,345.17999267578125,345.5199890136719,208552100,0.0,0.0
2014-06-17 00:00:00+02:00,345.92999267578125,347.0400085449219,344.95001220703125,346.4200134277344,216672200,0.0,0.0
2014-06-18 00:00:00+02:00,346.67999267578125,347.489990234375,346.1300048828125,346.1300048828125,203896900,0.0,0.0
2014-06-19 00:00:00+02:00,347.6000061035156,349.04998779296875,347.6000061035156,348.1499938964844,235643000,0.0,0.0
2014-06-20 00:00:00+02:00,347.9800109863281,349.1499938964844,347.7900085449219,348.0899963378906,366458500,0.0,0.0
2014-06-23 00:00:00+02:00,348.0400085449219,348.1400146484375,345.5899963378906,346.30999755859375,191977200,0.0,0.0
2014-06-24 00:00:00+02:00,346.6300048828125,347.3299865722656,344.9599914550781,345.57000732421875,221963600,0.0,0.0
2014-06-25 00:00:00+02:00,344.4200134277344,344.4200134277344,340.92999267578125,341.94000244140625,331854700,0.0,0.0
2014-06-26 00:00:00+02:00,342.3599853515625,343.010009765625,340.3800048828125,341.8599853515625,284380600,0.0,0.0
2014-06-27 00:00:00+02:00,341.9800109863281,342.79998779296875,341.239990234375,341.9700012207031,208823300,0.0,0.0
2014-06-30 00:00:00+02:00,342.1099853515625,343.260009765625,340.79998779296875,341.8599853515625,273654400,0.0,0.0
2014-07-01 00:00:00+02:00,342.3599853515625,344.9599914550781,342.3599853515625,344.8900146484375,425164500,0.0,0.0
2014-07-02 00:00:00+02:00,345.07000732421875,346.3900146484375,345.0299987792969,345.67999267578125,271246000,0.0,0.0
2014-07-03 00:00:00+02:00,345.6300048828125,348.92999267578125,345.4200134277344,348.9100036621094,256217200,0.0,0.0
2014-07-04 00:00:00+02:00,348.95001220703125,348.95001220703125,347.95001220703125,347.95001220703125,225972600,0.0,0.0
2014-07-07 00:00:00+02:00,347.7200012207031,347.9200134277344,344.6700134277344,344.79998779296875,203161500,0.0,0.0
2014-07-08 00:00:00+02:00,345.0899963378906,345.3500061035156,339.989990234375,339.989990234375,294751500,0.0,0.0
2014-07-09 00:00:00+02:00,340.3299865722656,340.6600036621094,338.6300048828125,339.9599914550781,264318400,0.0,0.0
2014-07-10 00:00:00+02:00,339.9100036621094,339.9100036621094,334.5799865722656,336.3699951171875,362225800,0.0,0.0
2014-07-11 00:00:00+02:00,336.7900085449219,338.04998779296875,335.67999267578125,336.9100036621094,273686700,0.0,0.0
2014-07-14 00:00:00+02:00,337.3500061035156,340.2900085449219,337.3500061035156,339.7900085449219,228098200,0.0,0.0
2014-07-15 00:00:00+02:00,339.5400085449219,340.239990234375,338.2200012207031,338.4200134277344,255836800,0.0,0.0
2014-07-16 00:00:00+02:00,339.1099853515625,343.1600036621094,339.1099853515625,342.9700012207031,269070900,0.0,0.0
2014-07-17 00:00:00+02:00,342.2699890136719,342.2699890136719,339.5299987792969,339.739990234375,244392900,0.0,0.0
2014-07-18 00:00:00+02:00,339.0400085449219,339.739990234375,337.1600036621094,339.6600036621094,227826300,0.0,0.0
2014-07-21 00:00:00+02:00,339.6400146484375,339.75,337.3399963378906,337.95001220703125,184224500,0.0,0.0
2014-07-22 00:00:00+02:00,338.82000732421875,342.54998779296875,338.82000732421875,342.44000244140625,207779900,0.0,0.0
2014-07-23 00:00:00+02:00,342.0,343.9200134277344,341.6000061035156,342.8599853515625,231511900,0.0,0.0
2014-07-24 00:00:00+02:00,342.9700012207031,344.80999755859375,341.6199951171875,344.3299865722656,282142300,0.0,0.0
2014-07-25 00:00:00+02:00,343.989990234375,344.8500061035156,341.3800048828125,341.95001220703125,264734800,0.0,0.0
2014-07-28 00:00:00+02:00,342.4700012207031,342.8900146484375,339.7200012207031,341.3399963378906,211271100,0.0,0.0
2014-07-29 00:00:00+02:00,341.57000732421875,343.489990234375,340.7900085449219,342.2699890136719,214267000,0.0,0.0
2014-07-30 00:00:00+02:00,342.04998779296875,343.1099853515625,339.82000732421875,340.44000244140625,262180700,0.0,0.0
2014-07-31 00:00:00+02:00,340.70001220703125,341.0299987792969,335.3699951171875,335.989990234375,381221600,0.0,0.0
2014-08-04 00:00:00+02:00,332.6600036621094,333.0,330.6300048828125,331.1499938964844,233248900,0.0,0.0
2014-08-05 00:00:00+02:00,331.989990234375,333.7300109863281,331.2900085449219,332.1000061035156,270053700,0.0,0.0
2014-08-06 00:00:00+02:00,331.239990234375,331.239990234375,326.739990234375,329.19000244140625,380097200,0.0,0.0
2014-08-07 00:00:00+02:00,329.05999755859375,329.92999267578125,326.6600036621094,326.9599914550781,344512100,0.0,0.0
2014-08-08 00:00:00+02:00,325.25,326.2099914550781,322.3999938964844,324.9100036621094,321970100,0.0,0.0
2014-08-11 00:00:00+02:00,326.1199951171875,329.80999755859375,326.1199951171875,329.3599853515625,211916600,0.0,0.0
2014-08-12 00:00:00+02:00,329.239990234375,330.19000244140625,328.1499938964844,328.739990234375,204167800,0.0,0.0
2014-08-13 00:00:00+02:00,329.2799987792969,330.6300048828125,328.92999267578125,330.0199890136719,222489200,0.0,0.0
2014-08-14 00:00:00+02:00,329.67999267578125,331.5899963378906,328.8699951171875,331.0400085449219,244320100,0.0,0.0
2014-08-15 00:00:00+02:00,331.57000732421875,333.92999267578125,329.6499938964844,329.7200012207031,241674400,0.0,0.0
2014-08-18 00:00:00+02:00,331.6099853515625,333.9100036621094,331.6099853515625,333.6000061035156,175948700,0.0,0.0
2014-08-19 00:00:00+02:00,334.2900085449219,335.6400146484375,334.2900085449219,335.489990234375,173454800,0.0,0.0
2014-08-20 00:00:00+02:00,335.4700012207031,335.7099914550781,334.1300048828125,335.29998779296875,171817300,0.0,0.0
2014-08-21 00:00:00+02:00,335.1199951171875,337.6099853515625,334.760009765625,337.510009765625,196130300,0.0,0.0
2014-08-22 00:00:00+02:00,337.5199890136719,337.8900146484375,335.260009765625,336.75,201438000,0.0,0.0
2014-08-25 00:00:00+02:00,338.3599853515625,340.4599914550781,338.3599853515625,340.4599914550781,165971000,0.0,0.0
2014-08-26 00:00:00+02:00,340.510009765625,343.05999755859375,339.9100036621094,342.9599914550781,213982500,0.0,0.0
2014-08-27 00:00:00+02:00,342.989990234375,343.989990234375,342.6000061035156,343.3299865722656,239964000,0.0,0.0
2014-08-28 00:00:00+02:00,343.04998779296875,343.04998779296875,340.3500061035156,341.04998779296875,252473300,0.0,0.0
2014-08-29 00:00:00+02:00,341.6000061035156,342.7300109863281,339.54998779296875,342.0,254537400,0.0,0.0
2014-09-01 00:00:00+02:00,342.4100036621094,343.3699951171875,341.4700012207031,342.8599853515625,155287100,0.0,0.0
2014-09-02 00:00:00+02:00,343.1499938964844,344.3399963378906,342.0899963378906,342.75,237357400,0.0,0.0
2014-09-03 00:00:00+02:00,342.4200134277344,346.45001220703125,342.4200134277344,344.9700012207031,258847500,0.0,0.0
2014-09-04 00:00:00+02:00,344.4800109863281,349.4200134277344,344.1000061035156,348.8900146484375,362875100,0.0,0.0
2014-09-05 00:00:00+02:00,348.4800109863281,348.6000061035156,346.4599914550781,347.57000732421875,256247100,0.0,0.0
2014-09-08 00:00:00+02:00,346.6300048828125,346.6300048828125,344.239990234375,346.0899963378906,222955600,0.0,0.0
2014-09-09 00:00:00+02:00,345.7200012207031,346.7300109863281,344.6499938964844,344.8699951171875,255436200,0.0,0.0
2014-09-10 00:00:00+02:00,344.5,344.7699890136719,342.7200012207031,344.70001220703125,222322900,0.0,0.0
2014-09-11 00:00:00+02:00,345.82000732421875,346.17999267578125,342.7300109863281,344.2699890136719,207992600,0.0,0.0
2014-09-12 00:00:00+02:00,344.9200134277344,345.1700134277344,343.7300109863281,344.2699890136719,183926900,0.0,0.0
2014-09-15 00:00:00+02:00,343.6099853515625,344.75,342.7799987792969,343.9100036621094,211209200,0.0,0.0
2014-09-16 00:00:00+02:00,343.5400085449219,343.5400085449219,341.3999938964844,342.8399963378906,235146200,0.0,0.0
2014-09-17 00:00:00+02:00,344.1499938964844,345.1300048828125,344.05999755859375,344.3900146484375,246872400,0.0,0.0
2014-09-18 00:00:00+02:00,345.07000732421875,348.1000061035156,345.07000732421875,347.7799987792969,269440800,0.0,0.0
2014-09-19 00:00:00+02:00,349.9200134277344,350.8500061035156,348.5199890136719,348.5199890136719,565222200,0.0,0.0
2014-09-22 00:00:00+02:00,347.6000061035156,347.8999938964844,346.3699951171875,346.69000244140625,231714000,0.0,0.0
2014-09-23 00:00:00+02:00,346.30999755859375,346.30999755859375,341.19000244140625,341.8900146484375,263377500,0.0,0.0
2014-09-24 00:00:00+02:00,342.29998779296875,344.4200134277344,340.69000244140625,344.3500061035156,270838700,0.0,0.0
2014-09-25 00:00:00+02:00,344.3900146484375,346.0400085449219,340.6000061035156,341.44000244140625,325811900,0.0,0.0
2014-09-26 00:00:00+02:00,341.4599914550781,343.04998779296875,339.7099914550781,342.29998779296875,228754500,0.0,0.0
2014-09-29 00:00:00+02:00,342.29998779296875,342.7699890136719,339.0899963378906,340.989990234375,211177200,0.0,0.0
2014-09-30 00:00:00+02:00,341.8999938964844,343.82000732421875,341.2099914550781,343.0799865722656,292701200,0.0,0.0
2014-10-01 00:00:00+02:00,342.70001220703125,343.6499938964844,339.5400085449219,340.2200012207031,277469200,0.0,0.0
2014-10-02 00:00:00+02:00,339.6099853515625,339.6099853515625,332.04998779296875,332.04998779296875,356559700,0.0,0.0
2014-10-03 00:00:00+02:00,333.6600036621094,335.7200012207031,333.0899963378906,335.19000244140625,245554800,0.0,0.0
2014-10-06 00:00:00+02:00,336.0400085449219,337.8500061035156,335.6400146484375,336.0,230819500,0.0,0.0
2014-10-07 00:00:00+02:00,335.5299987792969,335.5299987792969,330.8500061035156,330.8500061035156,306890300,0.0,0.0
2014-10-08 00:00:00+02:00,330.010009765625,330.010009765625,327.0799865722656,328.0,317494600,0.0,0.0
2014-10-09 00:00:00+02:00,330.1600036621094,331.5899963378906,325.9800109863281,326.6700134277344,339430600,0.0,0.0
2014-10-10 00:00:00+02:00,324.80999755859375,324.80999755859375,320.3500061035156,321.6199951171875,366120300,0.0,0.0
2014-10-13 00:00:00+02:00,320.260009765625,323.3900146484375,318.95001220703125,321.55999755859375,286769200,0.0,0.0
2014-10-14 00:00:00+02:00,320.3999938964844,322.2099914550781,316.94000244140625,321.5299987792969,334714900,0.0,0.0
2014-10-15 00:00:00+02:00,321.739990234375,321.739990234375,310.9100036621094,311.3599853515625,447825500,0.0,0.0
2014-10-16 00:00:00+02:00,312.8399963378906,314.57000732421875,302.4800109863281,310.0299987792969,659107300,0.0,0.0
2014-10-17 00:00:00+02:00,310.6700134277344,318.9200134277344,309.8999938964844,318.67999267578125,449114100,0.0,0.0
2014-10-20 00:00:00+02:00,318.75,319.1700134277344,315.1700134277344,317.010009765625,304249900,0.0,0.0
2014-10-21 00:00:00+02:00,316.489990234375,323.739990234375,315.010009765625,323.739990234375,378977800,0.0,0.0
2014-10-22 00:00:00+02:00,324.010009765625,326.29998779296875,322.2799987792969,326.1099853515625,322659800,0.0,0.0
2014-10-23 00:00:00+02:00,325.79998779296875,328.7300109863281,322.6099853515625,328.260009765625,322414400,0.0,0.0
2014-10-24 00:00:00+02:00,327.510009765625,328.1700134277344,326.010009765625,327.1700134277344,314447300,0.0,0.0
2014-10-27 00:00:00+01:00,328.79998779296875,330.05999755859375,323.5299987792969,325.1000061035156,396180200,0.0,0.0
2014-10-28 00:00:00+01:00,326.1499938964844,328.6600036621094,326.1499938964844,328.25,301912600,0.0,0.0
2014-10-29 00:00:00+01:00,328.8800048828125,330.3299865722656,328.3699951171875,328.7799987792969,304438100,0.0,0.0
2014-10-30 00:00:00+01:00,329.95001220703125,331.239990234375,325.2799987792969,330.7099914550781,380444700,0.0,0.0
2014-10-31 00:00:00+01:00,333.510009765625,337.0299987792969,333.44000244140625,336.79998779296875,424665000,0.0,0.0
2014-11-03 00:00:00+01:00,336.760009765625,337.67999267578125,333.7799987792969,334.25,286717200,0.0,0.0
2014-11-04 00:00:00+01:00,333.760009765625,335.82000732421875,330.4100036621094,330.8800048828125,321348200,0.0,0.0
2014-11-05 00:00:00+01:00,332.55999755859375,336.4599914550781,332.3699951171875,336.3599853515625,301820200,0.0,0.0
2014-11-06 00:00:00+01:00,335.57000732421875,339.70001220703125,334.3599853515625,337.0799865722656,362266900,0.0,0.0
2014-11-07 00:00:00+01:00,337.6499938964844,338.30999755859375,333.6600036621094,335.25,328277700,0.0,0.0
2014-11-10 00:00:00+01:00,335.07000732421875,337.7099914550781,334.42999267578125,337.7099914550781,238927100,0.0,0.0
2014-11-11 00:00:00+01:00,337.9100036621094,339.5,337.75,338.92999267578125,280702000,0.0,0.0
2014-11-12 00:00:00+01:00,338.25,338.7099914550781,334.6000061035156,335.0899963378906,325015700,0.0,0.0
2014-11-13 00:00:00+01:00,335.57000732421875,337.239990234375,333.7200012207031,335.8599853515625,308227100,0.0,0.0
2014-11-14 00:00:00+01:00,336.20001220703125,336.6199951171875,333.8800048828125,335.6300048828125,269884000,0.0,0.0
2014-11-17 00:00:00+01:00,333.9700012207031,337.7200012207031,333.05999755859375,337.25,250345900,0.0,0.0
2014-11-18 00:00:00+01:00,337.25,339.69000244140625,337.1000061035156,339.29998779296875,269226600,0.0,0.0
2014-11-19 00:00:00+01:00,339.19000244140625,340.4200134277344,338.1300048828125,339.1499938964844,262353500,0.0,0.0
2014-11-20 00:00:00+01:00,339.0199890136719,339.0199890136719,336.1600036621094,338.2799987792969,269251100,0.0,0.0
2014-11-21 00:00:00+01:00,338.6199951171875,345.5400085449219,338.6199951171875,345.239990234375,361072700,0.0,0.0
2014-11-24 00:00:00+01:00,345.44000244140625,346.3699951171875,345.3500061035156,345.7200012207031,282302100,0.0,0.0
2014-11-25 00:00:00+01:00,345.54998779296875,347.8999938964844,345.2099914550781,346.2799987792969,343547000,0.0,0.0
2014-11-26 00:00:00+01:00,346.5899963378906,347.80999755859375,345.9599914550781,346.2799987792969,237250300,0.0,0.0
2014-11-27 00:00:00+01:00,346.69000244140625,347.9599914550781,346.30999755859375,347.489990234375,207668700,0.0,0.0
2014-11-28 00:00:00+01:00,347.2099914550781,347.510009765625,345.5400085449219,347.25,277367900,0.0,0.0
2014-12-01 00:00:00+01:00,345.5400085449219,346.3399963378906,344.0199890136719,345.6400146484375,267704400,0.0,0.0
2014-12-02 00:00:00+01:00,346.5299987792969,349.010009765625,346.5299987792969,347.3699951171875,249022600,0.0,0.0
2014-12-03 00:00:00+01:00,347.55999755859375,350.04998779296875,347.55999755859375,349.3399963378906,255224800,0.0,0.0
2014-12-04 00:00:00+01:00,349.739990234375,350.989990234375,344.55999755859375,344.8399963378906,337180200,0.0,0.0
2014-12-05 00:00:00+01:00,346.4100036621094,350.9700012207031,346.4100036621094,350.9700012207031,295916000,0.0,0.0
2014-12-08 00:00:00+01:00,350.25,350.4200134277344,348.6099853515625,348.6099853515625,196376200,0.0,0.0
2014-12-09 00:00:00+01:00,347.0899963378906,347.0899963378906,340.3999938964844,340.4800109863281,352927100,0.0,0.0
2014-12-10 00:00:00+01:00,341.30999755859375,343.4200134277344,338.7900085449219,339.32000732421875,288890400,0.0,0.0
2014-12-11 00:00:00+01:00,338.70001220703125,340.29998779296875,336.6000061035156,339.30999755859375,297221100,0.0,0.0
2014-12-12 00:00:00+01:00,338.1700134277344,338.1700134277344,330.5400085449219,330.5400085449219,291218700,0.0,0.0
2014-12-15 00:00:00+01:00,330.3699951171875,333.1300048828125,323.1700134277344,323.2900085449219,344248400,0.0,0.0
2014-12-16 00:00:00+01:00,323.79998779296875,328.9100036621094,318.95001220703125,328.8800048828125,479568600,0.0,0.0
2014-12-17 00:00:00+01:00,327.30999755859375,330.2300109863281,325.3699951171875,329.3399963378906,362940500,0.0,0.0
2014-12-18 00:00:00+01:00,331.57000732421875,339.04998779296875,331.57000732421875,339.04998779296875,367026100,0.0,0.0
2014-12-19 00:00:00+01:00,340.5799865722656,341.75,337.1499938964844,340.29998779296875,465812500,0.0,0.0
2014-12-22 00:00:00+01:00,341.05999755859375,343.3999938964844,340.989990234375,341.9700012207031,203321500,0.0,0.0
2014-12-23 00:00:00+01:00,341.94000244140625,344.05999755859375,341.94000244140625,344.05999755859375,170921500,0.0,0.0
2014-12-30 00:00:00+01:00,343.6400146484375,343.6400146484375,340.8800048828125,341.0199890136719,170168600,0.0,0.0
2015-01-05 00:00:00+01:00,340.5799865722656,342.9200134277344,333.8399963378906,333.989990234375,307877100,0.0,0.0
2015-01-06 00:00:00+01:00,334.32000732421875,335.82000732421875,330.8500061035156,331.6099853515625,281556300,0.0,0.0
2015-01-07 00:00:00+01:00,332.4100036621094,335.5,331.6499938964844,333.20001220703125,282695700,0.0,0.0
2015-01-08 00:00:00+01:00,335.1499938964844,342.8900146484375,335.1499938964844,342.3500061035156,329959200,0.0,0.0
2015-01-09 00:00:00+01:00,342.04998779296875,342.70001220703125,336.2799987792969,337.92999267578125,357016800,0.0,0.0
2015-01-12 00:00:00+01:00,338.489990234375,341.54998779296875,336.6300048828125,339.8699951171875,271740800,0.0,0.0
2015-01-13 00:00:00+01:00,338.8500061035156,345.6199951171875,338.260009765625,344.7699890136719,297805200,0.0,0.0
2015-01-14 00:00:00+01:00,342.6000061035156,344.6700134277344,338.30999755859375,339.6700134277344,356539300,0.0,0.0
2015-01-15 00:00:00+01:00,341.5,353.30999755859375,332.7799987792969,348.45001220703125,439614200,0.0,0.0
2015-01-16 00:00:00+01:00,349.30999755859375,352.489990234375,345.2200012207031,352.3999938964844,348708200,0.0,0.0
2015-01-19 00:00:00+01:00,351.3299865722656,355.010009765625,351.3299865722656,353.17999267578125,289086200,0.0,0.0
2015-01-20 00:00:00+01:00,353.739990234375,357.4200134277344,353.739990234375,355.9599914550781,341276400,0.0,0.0
2015-01-21 00:00:00+01:00,356.57000732421875,358.1199951171875,353.2900085449219,358.1199951171875,375177100,0.0,0.0
2015-01-22 00:00:00+01:00,358.9200134277344,364.510009765625,357.5400085449219,364.04998779296875,456948500,0.0,0.0
2015-01-23 00:00:00+01:00,365.5,372.30999755859375,365.5,370.3699951171875,451459400,0.0,0.0
2015-01-26 00:00:00+01:00,369.67999267578125,372.3900146484375,368.4800109863281,372.3900146484375,298459200,0.0,0.0
2015-01-27 00:00:00+01:00,372.260009765625,372.7799987792969,367.0799865722656,368.70001220703125,322338700,0.0,0.0
2015-01-28 00:00:00+01:00,370.3500061035156,371.4200134277344,366.70001220703125,369.0799865722656,378340100,0.0,0.0
2015-01-29 00:00:00+01:00,367.760009765625,369.7900085449219,366.2799987792969,368.760009765625,394003600,0.0,0.0
2015-01-30 00:00:00+01:00,369.1099853515625,370.17999267578125,366.30999755859375,367.04998779296875,372882700,0.0,0.0
2015-02-02 00:00:00+01:00,366.9200134277344,368.0299987792969,364.260009765625,367.2799987792969,341659900,0.0,0.0
2015-02-03 00:00:00+01:00,368.3500061035156,372.1600036621094,368.3500061035156,370.2799987792969,425929600,0.0,0.0
2015-02-04 00:00:00+01:00,370.5,372.1000061035156,369.0799865722656,372.1000061035156,360664700,0.0,0.0
2015-02-05 00:00:00+01:00,371.6099853515625,372.6199951171875,369.9700012207031,372.510009765625,309158600,0.0,0.0
2015-02-06 00:00:00+01:00,372.2099914550781,373.8900146484375,370.92999267578125,373.30999755859375,282566800,0.0,0.0
2015-02-09 00:00:00+01:00,371.6400146484375,371.6400146484375,368.0400085449219,370.54998779296875,285013500,0.0,0.0
2015-02-10 00:00:00+01:00,371.04998779296875,373.8399963378906,369.30999755859375,372.94000244140625,311941700,0.0,0.0
2015-02-11 00:00:00+01:00,372.8900146484375,373.5,371.1400146484375,372.0400085449219,281828700,0.0,0.0
2015-02-12 00:00:00+01:00,371.6000061035156,375.5400085449219,371.42999267578125,374.8299865722656,361039700,0.0,0.0
2015-02-13 00:00:00+01:00,375.19000244140625,377.9599914550781,375.19000244140625,377.07000732421875,371866800,0.0,0.0
2015-02-16 00:00:00+01:00,377.05999755859375,377.1099853515625,375.9100036621094,376.54998779296875,219499500,0.0,0.0
2015-02-17 00:00:00+01:00,376.2099914550781,377.1199951171875,373.7900085449219,377.0199890136719,309375400,0.0,0.0
2015-02-18 00:00:00+01:00,378.0199890136719,380.3699951171875,378.0199890136719,380.3699951171875,329170900,0.0,0.0
2015-02-19 00:00:00+01:00,379.25,381.7900085449219,377.3500061035156,381.4100036621094,333826800,0.0,0.0
2015-02-20 00:00:00+01:00,381.25,382.30999755859375,380.69000244140625,382.2699890136719,358047600,0.0,0.0
2015-02-23 00:00:00+01:00,383.6400146484375,385.0799865722656,383.19000244140625,385.0799865722656,340355600,0.0,0.0
2015-02-24 00:00:00+01:00,385.3999938964844,387.5299987792969,384.42999267578125,387.25,326822300,0.0,0.0
2015-02-25 00:00:00+01:00,386.989990234375,387.2699890136719,385.69000244140625,386.760009765625,279729400,0.0,0.0
2015-02-26 00:00:00+01:00,387.2900085449219,390.69000244140625,387.010009765625,390.69000244140625,291776800,0.0,0.0
2015-02-27 00:00:00+01:00,391.1400146484375,392.239990234375,389.5799865722656,392.2099914550781,334982500,0.0,0.0
2015-03-02 00:00:00+01:00,391.82000732421875,393.19000244140625,389.6600036621094,391.2900085449219,287740400,0.0,0.0
2015-03-03 00:00:00+01:00,391.57000732421875,392.5299987792969,387.4800109863281,387.67999267578125,355626400,0.0,0.0
2015-03-04 00:00:00+01:00,388.0199890136719,390.6099853515625,386.8500061035156,390.6099853515625,302837900,0.0,0.0
2015-03-05 00:00:00+01:00,390.8500061035156,394.30999755859375,390.8500061035156,393.7799987792969,293788500,0.0,0.0
2015-03-06 00:00:00+01:00,393.6300048828125,396.44000244140625,393.510009765625,394.17999267578125,291330600,0.0,0.0
2015-03-09 00:00:00+01:00,393.3299865722656,393.6099853515625,390.7099914550781,393.19000244140625,269203800,0.0,0.0
2015-03-10 00:00:00+01:00,393.30999755859375,394.1499938964844,389.42999267578125,389.6600036621094,318207600,0.0,0.0
2015-03-11 00:00:00+01:00,390.57000732421875,395.75,390.57000732421875,395.4800109863281,330568900,0.0,0.0
2015-03-12 00:00:00+01:00,395.6300048828125,396.94000244140625,395.2200012207031,395.3599853515625,312861300,0.0,0.0
2015-03-13 00:00:00+01:00,395.7900085449219,396.6099853515625,393.9800109863281,396.6099853515625,282905300,0.0,0.0
2015-03-16 00:00:00+01:00,397.25,400.739990234375,397.25,400.17999267578125,291732600,0.0,0.0
2015-03-17 00:00:00+01:00,400.1199951171875,400.95001220703125,395.7300109863281,397.3299865722656,289647300,0.0,0.0
2015-03-18 00:00:00+01:00,397.6400146484375,399.05999755859375,395.7200012207031,398.6499938964844,320555200,0.0,0.0
2015-03-19 00:00:00+01:00,399.04998779296875,402.0899963378906,398.510009765625,400.8299865722656,308363500,0.0,0.0
2015-03-20 00:00:00+01:00,400.57000732421875,404.510009765625,400.3800048828125,404.010009765625,555576000,0.0,0.0
2015-03-23 00:00:00+01:00,403.29998779296875,403.29998779296875,400.07000732421875,401.239990234375,261438200,0.0,0.0
2015-03-24 00:00:00+01:00,400.4100036621094,403.510009765625,399.2200012207031,402.489990234375,325045200,0.0,0.0
2015-03-25 00:00:00+01:00,401.6300048828125,402.0199890136719,397.54998779296875,397.95001220703125,275155600,0.0,0.0
2015-03-26 00:00:00+01:00,396.1499938964844,396.1499938964844,390.6499938964844,394.5400085449219,332593000,0.0,0.0
2015-03-27 00:00:00+01:00,396.0799865722656,397.7799987792969,394.5799865722656,395.5400085449219,252895800,0.0,0.0
2015-03-30 00:00:00+02:00,396.0299987792969,400.17999267578125,396.0299987792969,399.8399963378906,228243500,0.0,0.0
2015-03-31 00:00:00+02:00,400.07000732421875,401.75,396.0,397.29998779296875,297771800,0.0,0.0
2015-04-01 00:00:00+02:00,396.3900146484375,400.8900146484375,395.1499938964844,398.5199890136719,285503300,0.0,0.0
2015-04-02 00:00:00+02:00,398.2099914550781,398.79998779296875,397.2300109863281,397.79998779296875,194946700,0.0,0.0
2015-04-07 00:00:00+02:00,399.2099914550781,404.95001220703125,399.2099914550781,404.3399963378906,283365400,0.0,0.0
2015-04-08 00:00:00+02:00,404.3699951171875,405.7799987792969,404.0299987792969,404.6600036621094,263908900,0.0,0.0
2015-04-09 00:00:00+02:00,405.45001220703125,409.1499938964844,405.45001220703125,409.1499938964844,227295600,0.0,0.0
2015-04-10 00:00:00+02:00,409.8999938964844,413.0299987792969,409.8999938964844,412.92999267578125,246439100,0.0,0.0
2015-04-13 00:00:00+02:00,412.6400146484375,414.25,411.7300109863281,413.6300048828125,209224200,0.0,0.0
2015-04-14 00:00:00+02:00,413.8800048828125,414.6700134277344,410.3699951171875,411.70001220703125,284765500,0.0,0.0
2015-04-15 00:00:00+02:00,412.2799987792969,415.17999267578125,412.1700134277344,414.05999755859375,270412800,0.0,0.0
2015-04-16 00:00:00+02:00,414.30999755859375,414.30999755859375,410.42999267578125,410.92999267578125,277342400,0.0,0.0
2015-04-17 00:00:00+02:00,410.2200012207031,410.94000244140625,403.1199951171875,403.69000244140625,351405400,0.0,0.0
2015-04-20 00:00:00+02:00,404.1199951171875,407.0799865722656,404.1199951171875,406.8699951171875,242795400,0.0,0.0
2015-04-21 00:00:00+02:00,408.2699890136719,412.1099853515625,407.82000732421875,409.1199951171875,290366000,0.0,0.0
2015-04-22 00:00:00+02:00,409.6400146484375,411.3999938964844,405.92999267578125,408.989990234375,276392500,0.0,0.0
2015-04-23 00:00:00+02:00,409.3900146484375,410.7200012207031,405.1099853515625,407.17999267578125,264137100,0.0,0.0
2015-04-24 00:00:00+02:00,407.29998779296875,409.95001220703125,406.9200134277344,408.4200134277344,282504400,0.0,0.0
2015-04-27 00:00:00+02:00,408.6700134277344,412.6700134277344,405.55999755859375,412.4200134277344,273553400,0.0,0.0
2015-04-28 00:00:00+02:00,411.8699951171875,411.8699951171875,403.8599853515625,406.2799987792969,284868400,0.0,0.0
2015-04-29 00:00:00+02:00,407.07000732421875,408.2300109863281,397.2200012207031,397.29998779296875,308723500,0.0,0.0
2015-04-30 00:00:00+02:00,397.42999267578125,397.9800109863281,393.4599914550781,395.7900085449219,329345400,0.0,0.0
2015-05-04 00:00:00+02:00,395.1099853515625,397.9800109863281,393.8699951171875,396.82000732421875,247565000,0.0,0.0
2015-05-05 00:00:00+02:00,397.7799987792969,401.1400146484375,391.010009765625,391.010009765625,353095200,0.0,0.0
2015-05-06 00:00:00+02:00,390.4599914550781,392.2900085449219,387.1600036621094,388.67999267578125,313339400,0.0,0.0
2015-05-07 00:00:00+02:00,387.3699951171875,389.760009765625,381.8500061035156,388.9800109863281,335026900,0.0,0.0
2015-05-08 00:00:00+02:00,393.75,400.17999267578125,393.75,400.1600036621094,355635700,0.0,0.0
2015-05-11 00:00:00+02:00,400.0400085449219,402.0,399.4100036621094,401.3399963378906,252291600,0.0,0.0
2015-05-12 00:00:00+02:00,399.9200134277344,399.9200134277344,393.0899963378906,396.0899963378906,314214800,0.0,0.0
2015-05-13 00:00:00+02:00,396.760009765625,400.260009765625,394.3800048828125,395.4599914550781,297190500,0.0,0.0
2015-05-15 00:00:00+02:00,398.55999755859375,400.8999938964844,395.2300109863281,396.45001220703125,258652200,0.0,0.0
2015-05-18 00:00:00+02:00,396.239990234375,398.8599853515625,393.7799987792969,398.0899963378906,206107100,0.0,0.0
2015-05-19 00:00:00+02:00,399.92999267578125,404.9100036621094,399.92999267578125,404.7799987792969,255318600,0.0,0.0
2015-05-20 00:00:00+02:00,405.32000732421875,406.9200134277344,403.6000061035156,406.4200134277344,231024800,0.0,0.0
2015-05-21 00:00:00+02:00,405.8399963378906,408.0799865722656,404.6400146484375,407.8699951171875,198590000,0.0,0.0
2015-05-22 00:00:00+02:00,407.8299865722656,408.8699951171875,406.2300109863281,407.739990234375,183408800,0.0,0.0
2015-05-26 00:00:00+02:00,407.6300048828125,408.8699951171875,402.70001220703125,403.6099853515625,236026600,0.0,0.0
2015-05-27 00:00:00+02:00,404.2099914550781,409.4800109863281,404.010009765625,408.8800048828125,253697900,0.0,0.0
2015-05-28 00:00:00+02:00,407.7699890136719,408.2300109863281,405.010009765625,406.8299865722656,208250900,0.0,0.0
2015-05-29 00:00:00+02:00,406.6600036621094,407.1000061035156,399.6499938964844,399.8699951171875,353844000,0.0,0.0
2015-06-01 00:00:00+02:00,401.0799865722656,403.44000244140625,399.3299865722656,400.57000732421875,223825700,0.0,0.0
2015-06-02 00:00:00+02:00,400.8699951171875,401.04998779296875,395.5400085449219,396.45001220703125,268003500,0.0,0.0
2015-06-03 00:00:00+02:00,396.7200012207031,400.0299987792969,395.760009765625,395.92999267578125,267451100,0.0,0.0
2015-06-04 00:00:00+02:00,395.2900085449219,395.7200012207031,388.54998779296875,392.6499938964844,261950200,0.0,0.0
2015-06-05 00:00:00+02:00,391.6300048828125,391.6300048828125,387.0199890136719,389.0,250775600,0.0,0.0
2015-06-08 00:00:00+02:00,388.95001220703125,389.69000244140625,385.3900146484375,385.3900146484375,194372000,0.0,0.0
2015-06-09 00:00:00+02:00,384.8500061035156,385.3599853515625,380.1000061035156,383.8699951171875,232184400,0.0,0.0
2015-06-10 00:00:00+02:00,383.20001220703125,391.4599914550781,381.79998779296875,390.7799987792969,256497700,0.0,0.0
2015-06-11 00:00:00+02:00,389.70001220703125,395.54998779296875,389.29998779296875,393.0,260553500,0.0,0.0
2015-06-12 00:00:00+02:00,392.7699890136719,393.9599914550781,387.2099914550781,389.3800048828125,221883500,0.0,0.0
2015-06-15 00:00:00+02:00,387.70001220703125,387.70001220703125,382.8500061035156,383.0199890136719,241970200,0.0,0.0
2015-06-16 00:00:00+02:00,381.7799987792969,386.3399963378906,379.010009765625,385.489990234375,283411600,0.0,0.0
2015-06-17 00:00:00+02:00,385.5299987792969,386.7799987792969,382.54998779296875,383.739990234375,239150700,0.0,0.0
2015-06-18 00:00:00+02:00,382.739990234375,384.2200012207031,378.07000732421875,384.2200012207031,300387300,0.0,0.0
2015-06-19 00:00:00+02:00,384.9599914550781,388.8599853515625,384.8500061035156,385.5899963378906,420095300,0.0,0.0
2015-06-22 00:00:00+02:00,388.30999755859375,394.4100036621094,388.30999755859375,394.25,322304800,0.0,0.0
2015-06-23 00:00:00+02:00,397.20001220703125,400.8900146484375,397.20001220703125,398.8299865722656,278107000,0.0,0.0
2015-06-24 00:00:00+02:00,399.2699890136719,400.1199951171875,395.8900146484375,397.32000732421875,269118500,0.0,0.0
2015-06-25 00:00:00+02:00,395.7099914550781,399.3800048828125,394.30999755859375,396.3900146484375,279733200,0.0,0.0
2015-06-26 00:00:00+02:00,395.17999267578125,398.20001220703125,393.1199951171875,396.8500061035156,221699700,0.0,0.0
2015-06-29 00:00:00+02:00,390.7799987792969,391.2300109863281,384.010009765625,386.1700134277344,369846600,0.0,0.0
2015-06-30 00:00:00+02:00,385.4599914550781,386.1099853515625,380.8299865722656,381.30999755859375,353287800,0.0,0.0
2015-07-01 00:00:00+02:00,382.760009765625,389.8299865722656,382.760009765625,387.07000732421875,308170400,0.0,0.0
2015-07-02 00:00:00+02:00,387.4800109863281,388.30999755859375,385.4200134277344,385.4599914550781,207224900,0.0,0.0
2015-07-03 00:00:00+02:00,385.6099853515625,385.739990234375,382.1000061035156,383.4200134277344,167444700,0.0,0.0
2015-07-06 00:00:00+02:00,380.7799987792969,381.3299865722656,377.3299865722656,378.67999267578125,302337700,0.0,0.0
2015-07-07 00:00:00+02:00,379.5199890136719,380.1400146484375,372.739990234375,372.739990234375,301510000,0.0,0.0
2015-07-08 00:00:00+02:00,372.3599853515625,375.0299987792969,371.3299865722656,372.8800048828125,294560500,0.0,0.0
2015-07-09 00:00:00+02:00,373.8800048828125,381.92999267578125,373.8500061035156,381.05999755859375,279811100,0.0,0.0
2015-07-10 00:00:00+02:00,384.3699951171875,389.239990234375,384.3699951171875,388.79998779296875,302418300,0.0,0.0
2015-07-13 00:00:00+02:00,391.2799987792969,396.6000061035156,391.2799987792969,396.4599914550781,292141800,0.0,0.0
2015-07-14 00:00:00+02:00,396.17999267578125,398.29998779296875,394.79998779296875,398.29998779296875,226501300,0.0,0.0
2015-07-15 00:00:00+02:00,398.8399963378906,400.3500061035156,397.70001220703125,400.0299987792969,209089400,0.0,0.0
2015-07-16 00:00:00+02:00,401.510009765625,406.7699890136719,401.510009765625,405.42999267578125,259395700,0.0,0.0
2015-07-17 00:00:00+02:00,406.6099853515625,406.7900085449219,404.92999267578125,405.67999267578125,204550500,0.0,0.0
2015-07-20 00:00:00+02:00,405.8999938964844,408.7300109863281,405.8999938964844,406.79998779296875,183755400,0.0,0.0
2015-07-21 00:00:00+02:00,407.5400085449219,407.94000244140625,401.8500061035156,402.6600036621094,207607800,0.0,0.0
2015-07-22 00:00:00+02:00,401.2799987792969,401.760009765625,399.55999755859375,400.2799987792969,217054800,0.0,0.0
2015-07-23 00:00:00+02:00,401.5199890136719,402.54998779296875,397.29998779296875,398.1000061035156,197409200,0.0,0.0
2015-07-24 00:00:00+02:00,397.80999755859375,400.2099914550781,394.25,394.6400146484375,210488400,0.0,0.0
2015-07-27 00:00:00+02:00,393.0899963378906,393.0899963378906,385.739990234375,385.9100036621094,246478200,0.0,0.0
2015-07-28 00:00:00+02:00,387.5400085449219,391.1300048828125,387.0199890136719,390.0199890136719,254249600,0.0,0.0
2015-07-29 00:00:00+02:00,391.2699890136719,394.25,390.260009765625,394.010009765625,254410100,0.0,0.0
2015-07-30 00:00:00+02:00,395.8599853515625,396.7699890136719,393.8900146484375,396.239990234375,264408600,0.0,0.0
2015-07-31 00:00:00+02:00,396.44000244140625,397.19000244140625,393.6700134277344,396.3699951171875,276261000,0.0,0.0
2015-08-03 00:00:00+02:00,397.3500061035156,399.8900146484375,396.7200012207031,399.44000244140625,218319400,0.0,0.0
2015-08-04 00:00:00+02:00,399.1600036621094,399.489990234375,397.010009765625,398.75,319151200,0.0,0.0
2015-08-05 00:00:00+02:00,400.2799987792969,404.0400085449219,400.2799987792969,403.92999267578125,251632100,0.0,0.0
2015-08-06 00:00:00+02:00,402.80999755859375,403.1700134277344,400.70001220703125,400.70001220703125,257082400,0.0,0.0
2015-08-07 00:00:00+02:00,400.3900146484375,400.3900146484375,396.9599914550781,397.07000732421875,227940800,0.0,0.0
2015-08-10 00:00:00+02:00,398.0899963378906,399.92999267578125,394.4100036621094,399.82000732421875,200706500,0.0,0.0
2015-08-11 00:00:00+02:00,399.760009765625,399.760009765625,393.2900085449219,393.6099853515625,219548800,0.0,0.0
2015-08-12 00:00:00+02:00,391.3699951171875,391.3699951171875,381.7300109863281,382.989990234375,310751200,0.0,0.0
2015-08-13 00:00:00+02:00,385.9700012207031,390.1300048828125,385.9700012207031,386.69000244140625,231607500,0.0,0.0
2015-08-14 00:00:00+02:00,386.6300048828125,388.92999267578125,384.6000061035156,386.239990234375,182149000,0.0,0.0
2015-08-17 00:00:00+02:00,388.2699890136719,390.45001220703125,384.0,387.260009765625,162193400,0.0,0.0
2015-08-18 00:00:00+02:00,386.8800048828125,389.25,385.69000244140625,388.1300048828125,165945200,0.0,0.0
2015-08-19 00:00:00+02:00,386.6600036621094,386.6600036621094,381.30999755859375,381.30999755859375,212207700,0.0,0.0
2015-08-20 00:00:00+02:00,379.6600036621094,380.010009765625,373.2200012207031,373.44000244140625,244219200,0.0,0.0
2015-08-21 00:00:00+02:00,370.0799865722656,371.75,361.2799987792969,361.2799987792969,291600200,0.0,0.0
2015-08-24 00:00:00+02:00,353.54998779296875,353.54998779296875,331.9800109863281,342.010009765625,564196300,0.0,0.0
2015-08-25 00:00:00+02:00,345.04998779296875,358.0299987792969,345.04998779296875,356.3599853515625,436497700,0.0,0.0
2015-08-26 00:00:00+02:00,353.07000732421875,357.1099853515625,346.5799865722656,350.1400146484375,332827500,0.0,0.0
2015-08-27 00:00:00+02:00,354.9599914550781,363.4599914550781,354.9599914550781,362.2699890136719,314093500,0.0,0.0
2015-08-28 00:00:00+02:00,362.42999267578125,363.2799987792969,358.69000244140625,363.2799987792969,232432200,0.0,0.0
2015-08-31 00:00:00+02:00,362.7099914550781,363.5899963378906,360.7900085449219,362.7900085449219,223115600,0.0,0.0
2015-09-01 00:00:00+02:00,359.9599914550781,359.9599914550781,350.69000244140625,352.8900146484375,286613300,0.0,0.0
2015-09-02 00:00:00+02:00,352.8599853515625,357.0,350.7799987792969,353.8599853515625,241687800,0.0,0.0
2015-09-03 00:00:00+02:00,355.8699951171875,363.9700012207031,355.8699951171875,362.239990234375,266295500,0.0,0.0
2015-09-04 00:00:00+02:00,360.1000061035156,360.1000061035156,352.3699951171875,353.1099853515625,285400600,0.0,0.0
2015-09-07 00:00:00+02:00,354.79998779296875,357.3599853515625,353.7799987792969,354.80999755859375,159933300,0.0,0.0
2015-09-08 00:00:00+02:00,356.25,362.7900085449219,356.25,359.0,225122500,0.0,0.0
2015-09-09 00:00:00+02:00,363.3900146484375,368.2900085449219,363.3900146484375,363.7699890136719,265650600,0.0,0.0
2015-09-10 00:00:00+02:00,361.1300048828125,363.3800048828125,358.04998779296875,359.3399963378906,278364200,0.0,0.0
2015-09-11 00:00:00+02:00,359.3500061035156,359.5799865722656,355.17999267578125,355.7200012207031,227065700,0.0,0.0
2015-09-14 00:00:00+02:00,355.8299865722656,358.92999267578125,352.8699951171875,353.6300048828125,221189500,0.0,0.0
2015-09-15 00:00:00+02:00,354.19000244140625,357.54998779296875,351.70001220703125,356.42999267578125,251272500,0.0,0.0
2015-09-16 00:00:00+02:00,358.04998779296875,362.04998779296875,358.04998779296875,361.8699951171875,253600900,0.0,0.0
2015-09-17 00:00:00+02:00,362.07000732421875,362.5799865722656,360.3999938964844,361.2099914550781,246093200,0.0,0.0
2015-09-18 00:00:00+02:00,359.55999755859375,359.55999755859375,352.6700134277344,354.7699890136719,463191400,0.0,0.0
2015-09-21 00:00:00+02:00,354.95001220703125,359.5299987792969,354.0,357.8299865722656,221720600,0.0,0.0
2015-09-22 00:00:00+02:00,357.6400146484375,357.8399963378906,346.6700134277344,346.6700134277344,297120900,0.0,0.0
2015-09-23 00:00:00+02:00,346.6300048828125,350.6499938964844,344.82000732421875,346.9700012207031,249197500,0.0,0.0
2015-09-24 00:00:00+02:00,346.510009765625,348.1099853515625,338.2099914550781,339.6300048828125,313543400,0.0,0.0
2015-09-25 00:00:00+02:00,343.6099853515625,350.9200134277344,343.6099853515625,349.2799987792969,258448900,0.0,0.0
2015-09-28 00:00:00+02:00,348.8500061035156,349.25,341.57000732421875,341.57000732421875,267422500,0.0,0.0
2015-09-29 00:00:00+02:00,338.5199890136719,342.1099853515625,335.44000244140625,339.2300109863281,326310700,0.0,0.0
2015-09-30 00:00:00+02:00,341.1499938964844,348.1700134277344,341.1499938964844,347.7699890136719,314979800,0.0,0.0
2015-10-01 00:00:00+02:00,349.7300109863281,353.07000732421875,345.2300109863281,346.2300109863281,305828000,0.0,0.0
2015-10-02 00:00:00+02:00,347.3900146484375,352.2300109863281,343.2099914550781,347.8599853515625,333952500,0.0,0.0
2015-10-05 00:00:00+02:00,350.8299865722656,358.760009765625,350.8299865722656,358.3299865722656,305440600,0.0,0.0
2015-10-06 00:00:00+02:00,358.55999755859375,362.1099853515625,355.92999267578125,360.4100036621094,314016900,0.0,0.0
2015-10-07 00:00:00+02:00,361.7900085449219,364.8299865722656,360.04998779296875,360.92999267578125,339497700,0.0,0.0
2015-10-08 00:00:00+02:00,360.2799987792969,362.1099853515625,358.8900146484375,361.6099853515625,265472300,0.0,0.0
2015-10-09 00:00:00+02:00,363.6600036621094,365.30999755859375,362.3699951171875,362.82000732421875,280504800,0.0,0.0
2015-10-12 00:00:00+02:00,363.0199890136719,364.0400085449219,360.7699890136719,361.7900085449219,209290100,0.0,0.0
2015-10-13 00:00:00+02:00,361.6400146484375,361.6400146484375,355.989990234375,358.4700012207031,261169300,0.0,0.0
2015-10-14 00:00:00+02:00,357.7900085449219,358.739990234375,354.5,355.80999755859375,236667000,0.0,0.0
2015-10-15 00:00:00+02:00,356.8500061035156,361.489990234375,356.8500061035156,360.989990234375,239766800,0.0,0.0
2015-10-16 00:00:00+02:00,361.80999755859375,364.6700134277344,361.80999755859375,363.1300048828125,244662600,0.0,0.0
2015-10-19 00:00:00+02:00,363.04998779296875,366.0799865722656,362.7699890136719,364.25,181864500,0.0,0.0
2015-10-20 00:00:00+02:00,364.2699890136719,364.9200134277344,361.0400085449219,362.6700134277344,201721800,0.0,0.0
2015-10-21 00:00:00+02:00,362.54998779296875,364.1099853515625,359.95001220703125,362.6400146484375,217640900,0.0,0.0
2015-10-22 00:00:00+02:00,362.1400146484375,370.5299987792969,361.3599853515625,369.989990234375,294657900,0.0,0.0
2015-10-23 00:00:00+02:00,371.8699951171875,378.57000732421875,371.8699951171875,377.3599853515625,319166800,0.0,0.0
2015-10-26 00:00:00+01:00,376.8500061035156,377.9100036621094,375.0199890136719,375.8900146484375,199886200,0.0,0.0
2015-10-27 00:00:00+01:00,375.3299865722656,375.3299865722656,371.8800048828125,371.8800048828125,221059300,0.0,0.0
2015-10-28 00:00:00+01:00,371.92999267578125,376.2200012207031,371.55999755859375,375.8299865722656,254374400,0.0,0.0
2015-10-29 00:00:00+01:00,377.1600036621094,377.30999755859375,373.6700134277344,375.70001220703125,312763800,0.0,0.0
2015-10-30 00:00:00+01:00,376.0299987792969,376.9599914550781,373.1099853515625,375.4700012207031,270618500,0.0,0.0
2015-11-02 00:00:00+01:00,374.2900085449219,377.7099914550781,372.8900146484375,376.75,218107300,0.0,0.0
2015-11-03 00:00:00+01:00,377.0299987792969,378.3599853515625,375.6199951171875,378.3599853515625,254979900,0.0,0.0
2015-11-04 00:00:00+01:00,379.3800048828125,382.54998779296875,379.3800048828125,380.2799987792969,299919700,0.0,0.0
2015-11-05 00:00:00+01:00,380.6600036621094,381.6099853515625,378.1199951171875,378.760009765625,262154500,0.0,0.0
2015-11-06 00:00:00+01:00,378.010009765625,382.010009765625,376.1600036621094,379.95001220703125,289057000,0.0,0.0
2015-11-09 00:00:00+01:00,379.8800048828125,380.510009765625,375.6700134277344,375.8800048828125,233264400,0.0,0.0
2015-11-10 00:00:00+01:00,376.44000244140625,377.4200134277344,373.3800048828125,376.2699890136719,270633300,0.0,0.0
2015-11-11 00:00:00+01:00,376.239990234375,380.5799865722656,376.239990234375,378.7099914550781,237029500,0.0,0.0
2015-11-12 00:00:00+01:00,378.30999755859375,379.7799987792969,371.8299865722656,372.55999755859375,260787000,0.0,0.0
2015-11-13 00:00:00+01:00,371.8599853515625,372.1499938964844,367.260009765625,369.5299987792969,237545500,0.0,0.0
2015-11-16 00:00:00+01:00,368.0299987792969,371.4700012207031,366.4800109863281,370.6400146484375,205393500,0.0,0.0
2015-11-17 00:00:00+01:00,372.8999938964844,379.8800048828125,372.8999938964844,379.8800048828125,261640600,0.0,0.0
2015-11-18 00:00:00+01:00,379.239990234375,379.6600036621094,376.989990234375,379.3299865722656,224948000,0.0,0.0
2015-11-19 00:00:00+01:00,380.6400146484375,383.739990234375,380.3399963378906,380.9599914550781,251667300,0.0,0.0
2015-11-20 00:00:00+01:00,381.95001220703125,383.1700134277344,379.9200134277344,381.7900085449219,258221800,0.0,0.0
2015-11-23 00:00:00+01:00,381.3599853515625,381.3699951171875,378.45001220703125,380.3699951171875,219429000,0.0,0.0
2015-11-24 00:00:00+01:00,379.5799865722656,379.5799865722656,372.6099853515625,375.6400146484375,263966600,0.0,0.0
2015-11-25 00:00:00+01:00,375.5899963378906,381.8599853515625,375.3500061035156,380.8399963378906,258090800,0.0,0.0
2015-11-26 00:00:00+01:00,380.9599914550781,384.4599914550781,380.75,384.3699951171875,180147000,0.0,0.0
2015-11-27 00:00:00+01:00,383.5,384.8900146484375,381.5899963378906,383.6700134277344,178988900,0.0,0.0
2015-11-30 00:00:00+01:00,383.45001220703125,386.32000732421875,381.6400146484375,385.42999267578125,290242600,0.0,0.0
2015-12-01 00:00:00+01:00,386.3599853515625,387.2900085449219,382.9100036621094,384.239990234375,237691600,0.0,0.0
2015-12-02 00:00:00+01:00,384.54998779296875,386.7099914550781,383.9800109863281,384.1700134277344,204359900,0.0,0.0
2015-12-03 00:00:00+01:00,383.69000244140625,387.42999267578125,372.1099853515625,372.1099853515625,331998500,0.0,0.0
2015-12-04 00:00:00+01:00,372.0299987792969,372.0299987792969,367.5199890136719,370.5899963378906,250124900,0.0,0.0
2015-12-07 00:00:00+01:00,371.7799987792969,376.4800109863281,371.7799987792969,372.4800109863281,186827700,0.0,0.0
2015-12-08 00:00:00+01:00,372.0799865722656,372.0799865722656,364.2900085449219,365.75,242120100,0.0,0.0
2015-12-09 00:00:00+01:00,365.8900146484375,367.3599853515625,362.4100036621094,364.19000244140625,257281300,0.0,0.0
2015-12-10 00:00:00+01:00,363.1199951171875,365.010009765625,360.8999938964844,363.2099914550781,246862700,0.0,0.0
2015-12-11 00:00:00+01:00,362.44000244140625,362.4800109863281,354.7799987792969,355.7900085449219,252876500,0.0,0.0
2015-12-14 00:00:00+01:00,356.79998779296875,359.3900146484375,349.4599914550781,349.5400085449219,291078300,0.0,0.0
2015-12-15 00:00:00+01:00,350.510009765625,360.20001220703125,350.510009765625,359.5799865722656,306831000,0.0,0.0
2015-12-16 00:00:00+01:00,359.70001220703125,363.04998779296875,358.54998779296875,360.42999267578125,266830300,0.0,0.0
2015-12-17 00:00:00+01:00,363.44000244140625,368.6300048828125,363.44000244140625,364.8999938964844,289765500,0.0,0.0
2015-12-18 00:00:00+01:00,363.69000244140625,364.75,360.2099914550781,361.2300109863281,394031600,0.0,0.0
2015-12-21 00:00:00+01:00,360.2799987792969,364.1400146484375,357.1499938964844,357.1499938964844,203264200,0.0,0.0
2015-12-22 00:00:00+01:00,358.1199951171875,359.94000244140625,355.4100036621094,356.8699951171875,160858800,0.0,0.0
2015-12-23 00:00:00+01:00,359.32000732421875,366.8599853515625,359.32000732421875,366.3900146484375,185905300,0.0,0.0
2015-12-28 00:00:00+01:00,366.1099853515625,366.4800109863281,363.7900085449219,364.489990234375,80376000,0.0,0.0
2015-12-29 00:00:00+01:00,365.2699890136719,369.67999267578125,365.2699890136719,369.67999267578125,146881100,0.0,0.0
2015-12-30 00:00:00+01:00,369.1700134277344,369.44000244140625,367.3800048828125,367.70001220703125,129686300,0.0,0.0
2016-01-04 00:00:00+01:00,365.4800109863281,365.4800109863281,354.8299865722656,356.6600036621094,243130400,0.0,0.0
2016-01-05 00:00:00+01:00,358.0299987792969,360.5,354.94000244140625,358.8800048828125,206352600,0.0,0.0
2016-01-06 00:00:00+01:00,358.44000244140625,358.44000244140625,352.04998779296875,354.3500061035156,232094300,0.0,0.0
2016-01-07 00:00:00+01:00,351.4700012207031,351.4700012207031,341.4599914550781,346.510009765625,337412400,0.0,0.0
2016-01-08 00:00:00+01:00,346.5899963378906,349.5199890136719,341.3500061035156,341.3500061035156,268821900,0.0,0.0
2016-01-11 00:00:00+01:00,340.5799865722656,344.510009765625,340.19000244140625,340.2300109863281,269748200,0.0,0.0
2016-01-12 00:00:00+01:00,339.6600036621094,346.6700134277344,339.04998779296875,343.2200012207031,270171300,0.0,0.0
2016-01-13 00:00:00+01:00,345.29998779296875,349.5799865722656,343.2200012207031,344.6300048828125,279898100,0.0,0.0
2016-01-14 00:00:00+01:00,342.94000244140625,342.94000244140625,333.260009765625,339.4200134277344,348787600,0.0,0.0
2016-01-15 00:00:00+01:00,338.8800048828125,339.79998779296875,327.9200134277344,329.8399963378906,378769900,0.0,0.0
2016-01-18 00:00:00+01:00,330.04998779296875,333.8500061035156,327.1099853515625,328.6400146484375,284947300,0.0,0.0
2016-01-19 00:00:00+01:00,331.1499938964844,336.4599914550781,331.1499938964844,332.92999267578125,313181900,0.0,0.0
2016-01-20 00:00:00+01:00,328.7900085449219,328.7900085449219,320.4599914550781,322.2900085449219,409270100,0.0,0.0
2016-01-21 00:00:00+01:00,322.510009765625,330.2200012207031,321.69000244140625,328.510009765625,413156400,0.0,0.0
2016-01-22 00:00:00+01:00,330.7300109863281,340.5299987792969,330.7300109863281,338.3599853515625,364672300,0.0,0.0
2016-01-25 00:00:00+01:00,338.989990234375,339.6000061035156,334.8500061035156,336.2699890136719,279402700,0.0,0.0
2016-01-26 00:00:00+01:00,333.510009765625,339.8299865722656,329.489990234375,339.20001220703125,313560600,0.0,0.0
2016-01-27 00:00:00+01:00,338.69000244140625,340.239990234375,335.8599853515625,340.239990234375,275772100,0.0,0.0
2016-01-28 00:00:00+01:00,339.7200012207031,341.30999755859375,332.7799987792969,334.8900146484375,339279700,0.0,0.0
2016-01-29 00:00:00+01:00,337.1000061035156,342.2699890136719,336.4599914550781,342.2699890136719,342367500,0.0,0.0
2016-02-01 00:00:00+01:00,343.510009765625,344.0799865722656,338.1400146484375,341.6099853515625,296422100,0.0,0.0
2016-02-02 00:00:00+01:00,341.1300048828125,341.1300048828125,332.8900146484375,334.5899963378906,328707000,0.0,0.0
2016-02-03 00:00:00+01:00,334.6400146484375,335.1000061035156,326.010009765625,329.42999267578125,367537400,0.0,0.0
2016-02-04 00:00:00+01:00,330.6400146484375,332.95001220703125,324.6600036621094,328.760009765625,372182400,0.0,0.0
2016-02-05 00:00:00+01:00,328.29998779296875,331.1499938964844,325.3599853515625,325.8999938964844,385851000,0.0,0.0
2016-02-08 00:00:00+01:00,326.7799987792969,327.760009765625,313.239990234375,314.3599853515625,364791100,0.0,0.0
2016-02-09 00:00:00+01:00,314.67999267578125,316.54998779296875,306.1199951171875,309.3900146484375,449796900,0.0,0.0
2016-02-10 00:00:00+01:00,310.2799987792969,318.3900146484375,309.04998779296875,315.19000244140625,398242700,0.0,0.0
2016-02-11 00:00:00+01:00,313.6499938964844,313.6499938964844,302.5899963378906,303.5799865722656,445088400,0.0,0.0
2016-02-12 00:00:00+01:00,305.54998779296875,312.4100036621094,305.54998779296875,312.4100036621094,406347100,0.0,0.0
2016-02-15 00:00:00+01:00,315.9700012207031,322.8699951171875,315.9700012207031,321.760009765625,320025700,0.0,0.0
2016-02-16 00:00:00+01:00,322.760009765625,324.25,318.6199951171875,320.3699951171875,324463000,0.0,0.0
2016-02-17 00:00:00+01:00,320.45001220703125,328.80999755859375,320.45001220703125,328.7699890136719,350329500,0.0,0.0
2016-02-18 00:00:00+01:00,329.5,332.1099853515625,326.8699951171875,328.9100036621094,333436800,0.0,0.0
2016-02-19 00:00:00+01:00,328.2099914550781,329.7300109863281,324.0799865722656,326.3699951171875,298087000,0.0,0.0
2016-02-22 00:00:00+01:00,327.3299865722656,332.4200134277344,327.3299865722656,331.82000732421875,268581300,0.0,0.0
2016-02-23 00:00:00+01:00,331.05999755859375,331.8599853515625,327.510009765625,327.7799987792969,287281600,0.0,0.0
2016-02-24 00:00:00+01:00,326.989990234375,326.989990234375,318.489990234375,320.2300109863281,314745900,0.0,0.0
2016-02-25 00:00:00+01:00,321.7900085449219,327.79998779296875,321.7900085449219,326.5400085449219,300927000,0.0,0.0
2016-02-26 00:00:00+01:00,328.010009765625,333.2300109863281,328.010009765625,331.5400085449219,296913600,0.0,0.0
2016-02-29 00:00:00+01:00,330.3399963378906,334.1300048828125,327.4700012207031,333.9200134277344,333329300,0.0,0.0
2016-03-01 00:00:00+01:00,333.760009765625,338.8699951171875,332.4100036621094,338.7200012207031,303862300,0.0,0.0
2016-03-02 00:00:00+01:00,339.7900085449219,341.7200012207031,338.1199951171875,340.9700012207031,357191000,0.0,0.0
2016-03-03 00:00:00+01:00,341.239990234375,341.260009765625,338.3500061035156,339.4200134277344,310408500,0.0,0.0
2016-03-04 00:00:00+01:00,339.760009765625,343.6700134277344,339.0899963378906,341.79998779296875,314619500,0.0,0.0
2016-03-07 00:00:00+01:00,341.42999267578125,342.3699951171875,338.45001220703125,340.92999267578125,289626400,0.0,0.0
2016-03-08 00:00:00+01:00,339.75,340.2900085449219,336.19000244140625,337.4800109863281,330896000,0.0,0.0
2016-03-09 00:00:00+01:00,338.2799987792969,341.80999755859375,337.7900085449219,339.1400146484375,283276200,0.0,0.0
2016-03-10 00:00:00+01:00,339.6400146484375,347.6400146484375,333.5,333.5,462474900,0.0,0.0
2016-03-11 00:00:00+01:00,335.79998779296875,342.30999755859375,335.79998779296875,342.2300109863281,392427200,0.0,0.0
2016-03-14 00:00:00+01:00,342.9599914550781,346.1000061035156,342.9599914550781,344.6600036621094,341033600,0.0,0.0
2016-03-15 00:00:00+01:00,343.2300109863281,343.2300109863281,340.0899963378906,340.8599853515625,308785000,0.0,0.0
2016-03-16 00:00:00+01:00,340.9100036621094,342.4200134277344,338.75,341.0,275499300,0.0,0.0
2016-03-17 00:00:00+01:00,341.75,342.2900085449219,334.760009765625,340.67999267578125,359535700,0.0,0.0
2016-03-18 00:00:00+01:00,340.9100036621094,342.44000244140625,339.30999755859375,341.7099914550781,474060600,0.0,0.0
2016-03-21 00:00:00+01:00,340.3399963378906,343.6499938964844,338.82000732421875,340.82000732421875,242190000,0.0,0.0
2016-03-22 00:00:00+01:00,339.5400085449219,340.29998779296875,335.4200134277344,340.29998779296875,254996900,0.0,0.0
2016-03-23 00:00:00+01:00,340.2300109863281,342.45001220703125,338.54998779296875,340.07000732421875,226634400,0.0,0.0
2016-03-24 00:00:00+01:00,339.04998779296875,339.04998779296875,334.7099914550781,335.1000061035156,220577100,0.0,0.0
2016-03-29 00:00:00+02:00,335.82000732421875,338.3599853515625,334.6600036621094,336.7900085449219,253180400,0.0,0.0
2016-03-30 00:00:00+02:00,338.1400146484375,342.5,338.1400146484375,341.17999267578125,259962900,0.0,0.0
2016-03-31 00:00:00+02:00,340.25,340.25,336.8999938964844,337.5400085449219,308446700,0.0,0.0
2016-04-01 00:00:00+02:00,335.8800048828125,335.8800048828125,329.4700012207031,333.1499938964844,284105900,0.0,0.0
2016-04-04 00:00:00+02:00,332.7799987792969,336.70001220703125,331.3299865722656,334.489990234375,227780500,0.0,0.0
2016-04-05 00:00:00+02:00,332.9200134277344,332.9200134277344,327.75,328.1499938964844,290021000,0.0,0.0
2016-04-06 00:00:00+02:00,328.7300109863281,330.6499938964844,327.7699890136719,330.6499938964844,282276900,0.0,0.0
2016-04-07 00:00:00+02:00,330.3699951171875,332.0799865722656,327.0799865722656,328.1000061035156,294974700,0.0,0.0
2016-04-08 00:00:00+02:00,328.6199951171875,332.4100036621094,328.6199951171875,331.8599853515625,268151700,0.0,0.0
2016-04-11 00:00:00+02:00,331.79998779296875,334.7099914550781,329.1099853515625,332.8699951171875,259100100,0.0,0.0
2016-04-12 00:00:00+02:00,333.1600036621094,334.94000244140625,330.3999938964844,334.6400146484375,296168100,0.0,0.0
2016-04-13 00:00:00+02:00,336.45001220703125,343.05999755859375,336.45001220703125,343.05999755859375,394021400,0.0,0.0
2016-04-14 00:00:00+02:00,342.8999938964844,344.4100036621094,341.7699890136719,343.989990234375,342372100,0.0,0.0
2016-04-15 00:00:00+02:00,343.9100036621094,344.17999267578125,341.8900146484375,342.7900085449219,266573800,0.0,0.0
2016-04-18 00:00:00+02:00,341.6000061035156,344.6400146484375,338.1199951171875,344.20001220703125,241948400,0.0,0.0
2016-04-19 00:00:00+02:00,345.2099914550781,349.42999267578125,345.2099914550781,349.239990234375,297963600,0.0,0.0
2016-04-20 00:00:00+02:00,348.760009765625,350.92999267578125,347.6199951171875,350.75,284092400,0.0,0.0
2016-04-21 00:00:00+02:00,350.8800048828125,351.510009765625,346.9800109863281,349.5899963378906,332358300,0.0,0.0
2016-04-22 00:00:00+02:00,349.0899963378906,349.1199951171875,346.9200134277344,348.4599914550781,286886000,0.0,0.0
2016-04-25 00:00:00+02:00,348.5199890136719,349.3299865722656,345.3800048828125,346.67999267578125,236238300,0.0,0.0
2016-04-26 00:00:00+02:00,346.92999267578125,349.260009765625,346.6000061035156,347.30999755859375,278697000,0.0,0.0
2016-04-27 00:00:00+02:00,347.17999267578125,348.7900085449219,345.9700012207031,348.32000732421875,284990600,0.0,0.0
2016-04-28 00:00:00+02:00,347.3299865722656,348.8999938964844,343.1199951171875,348.8999938964844,301890200,0.0,0.0
2016-04-29 00:00:00+02:00,347.19000244140625,347.19000244140625,341.4100036621094,341.4800109863281,297051900,0.0,0.0
2016-05-02 00:00:00+02:00,341.55999755859375,342.30999755859375,340.55999755859375,341.239990234375,236250300,0.0,0.0
2016-05-03 00:00:00+02:00,341.1700134277344,341.1700134277344,335.05999755859375,335.55999755859375,313739400,0.0,0.0
2016-05-04 00:00:00+02:00,335.25,336.0199890136719,331.510009765625,331.79998779296875,279994900,0.0,0.0
2016-05-06 00:00:00+02:00,332.17999267578125,332.69000244140625,328.6400146484375,331.6700134277344,265394600,0.0,0.0
2016-05-09 00:00:00+02:00,332.7200012207031,336.3699951171875,332.260009765625,333.2200012207031,232003200,0.0,0.0
2016-05-10 00:00:00+02:00,334.3800048828125,337.8900146484375,334.3800048828125,336.239990234375,261187300,0.0,0.0
2016-05-11 00:00:00+02:00,336.0400085449219,336.3900146484375,333.29998779296875,334.739990234375,253656100,0.0,0.0
2016-05-12 00:00:00+02:00,334.04998779296875,337.55999755859375,331.3999938964844,333.1099853515625,257175300,0.0,0.0
2016-05-13 00:00:00+02:00,332.1600036621094,335.04998779296875,330.44000244140625,334.67999267578125,266942600,0.0,0.0
2016-05-17 00:00:00+02:00,336.0400085449219,338.7300109863281,333.29998779296875,334.7200012207031,269029700,0.0,0.0
2016-05-18 00:00:00+02:00,334.1199951171875,337.5799865722656,333.010009765625,337.5799865722656,255766800,0.0,0.0
2016-05-19 00:00:00+02:00,337.0299987792969,337.0799865722656,333.8999938964844,333.9100036621094,269472000,0.0,0.0
2016-05-20 00:00:00+02:00,334.7300109863281,338.17999267578125,334.7300109863281,338.010009765625,251900400,0.0,0.0
2016-05-23 00:00:00+02:00,337.8900146484375,339.3900146484375,335.2200012207031,336.69000244140625,213923100,0.0,0.0
2016-05-24 00:00:00+02:00,336.3900146484375,344.8699951171875,335.0,344.1199951171875,310513800,0.0,0.0
2016-05-25 00:00:00+02:00,345.2699890136719,349.2699890136719,345.2699890136719,348.55999755859375,309710900,0.0,0.0
2016-05-26 00:00:00+02:00,347.8800048828125,349.2300109863281,347.3800048828125,348.9100036621094,258499400,0.0,0.0
2016-05-27 00:00:00+02:00,348.42999267578125,349.6700134277344,348.05999755859375,349.6400146484375,209400200,0.0,0.0
2016-05-30 00:00:00+02:00,349.6600036621094,350.3599853515625,349.1400146484375,350.1400146484375,141681800,0.0,0.0
2016-05-31 00:00:00+02:00,350.4599914550781,351.1400146484375,346.9800109863281,347.45001220703125,547237200,0.0,0.0
2016-06-01 00:00:00+02:00,346.9200134277344,346.9200134277344,342.7300109863281,344.1199951171875,313199200,0.0,0.0
2016-06-02 00:00:00+02:00,343.8800048828125,345.0799865722656,343.1400146484375,344.3500061035156,289074100,0.0,0.0
2016-06-03 00:00:00+02:00,344.75,346.760009765625,339.45001220703125,341.2900085449219,283833000,0.0,0.0
2016-06-06 00:00:00+02:00,340.17999267578125,343.20001220703125,340.17999267578125,342.4100036621094,241084700,0.0,0.0
2016-06-07 00:00:00+02:00,343.7300109863281,347.2900085449219,343.7300109863281,346.260009765625,323059100,0.0,0.0
2016-06-08 00:00:00+02:00,345.69000244140625,345.69000244140625,343.4599914550781,344.55999755859375,273415000,0.0,0.0
2016-06-09 00:00:00+02:00,343.760009765625,343.760009765625,340.4700012207031,341.25,246199700,0.0,0.0
2016-06-10 00:00:00+02:00,340.7699890136719,340.7699890136719,332.70001220703125,332.9200134277344,294569100,0.0,0.0
2016-06-13 00:00:00+02:00,331.0899963378906,331.0899963378906,326.69000244140625,326.79998779296875,313840100,0.0,0.0
2016-06-14 00:00:00+02:00,325.260009765625,325.260009765625,320.5299987792969,320.5299987792969,396230500,0.0,0.0
2016-06-15 00:00:00+02:00,321.3500061035156,325.4700012207031,321.3500061035156,323.6300048828125,352173700,0.0,0.0
2016-06-16 00:00:00+02:00,321.2699890136719,321.94000244140625,318.510009765625,321.2900085449219,365468100,0.0,0.0
2016-06-17 00:00:00+02:00,322.6300048828125,326.9800109863281,322.6300048828125,325.7799987792969,495742600,0.0,0.0
2016-06-20 00:00:00+02:00,328.8399963378906,338.3800048828125,328.8399963378906,337.6700134277344,350830500,0.0,0.0
2016-06-21 00:00:00+02:00,337.70001220703125,340.9800109863281,336.19000244140625,340.0400085449219,322321500,0.0,0.0
2016-06-22 00:00:00+02:00,340.92999267578125,343.57000732421875,339.25,341.32000732421875,278346700,0.0,0.0
2016-06-23 00:00:00+02:00,341.79998779296875,348.1600036621094,341.7799987792969,346.3399963378906,350090300,0.0,0.0
2016-06-24 00:00:00+02:00,339.0400085449219,339.0400085449219,315.3599853515625,321.9800109863281,1109144300,0.0,0.0
2016-06-27 00:00:00+02:00,319.1700134277344,320.2799987792969,307.80999755859375,308.75,754137700,0.0,0.0
2016-06-28 00:00:00+02:00,311.45001220703125,319.2900085449219,311.45001220703125,316.70001220703125,507496200,0.0,0.0
2016-06-29 00:00:00+02:00,317.6000061035156,326.489990234375,317.6000061035156,326.489990234375,467263900,0.0,0.0
2016-06-30 00:00:00+02:00,325.6199951171875,329.8800048828125,323.4100036621094,329.8800048828125,471386100,0.0,0.0
2016-07-01 00:00:00+02:00,330.510009765625,333.04998779296875,328.7300109863281,332.239990234375,336413900,0.0,0.0
2016-07-04 00:00:00+02:00,332.7699890136719,333.6300048828125,329.3699951171875,329.7799987792969,259626800,0.0,0.0
2016-07-05 00:00:00+02:00,328.9200134277344,328.9200134277344,323.57000732421875,324.1700134277344,354040000,0.0,0.0
2016-07-06 00:00:00+02:00,322.8399963378906,324.2300109863281,317.239990234375,318.760009765625,451299600,0.0,0.0
2016-07-07 00:00:00+02:00,320.239990234375,324.70001220703125,320.239990234375,322.1199951171875,315960800,0.0,0.0
2016-07-08 00:00:00+02:00,321.5299987792969,327.6099853515625,320.9700012207031,327.3500061035156,355879800,0.0,0.0
2016-07-11 00:00:00+02:00,328.44000244140625,333.0,327.6499938964844,332.7200012207031,325997900,0.0,0.0
2016-07-12 00:00:00+02:00,333.0199890136719,336.6199951171875,332.82000732421875,336.260009765625,397449400,0.0,0.0
2016-07-13 00:00:00+02:00,336.8900146484375,338.1099853515625,335.8299865722656,335.8299865722656,364620400,0.0,0.0
2016-07-14 00:00:00+02:00,336.54998779296875,339.8800048828125,336.54998779296875,338.5,307132000,0.0,0.0
2016-07-15 00:00:00+02:00,338.2300109863281,338.8399963378906,336.19000244140625,337.9200134277344,270526300,0.0,0.0
2016-07-18 00:00:00+02:00,338.0,340.6099853515625,337.239990234375,338.70001220703125,249796900,0.0,0.0
2016-07-19 00:00:00+02:00,337.9599914550781,338.42999267578125,335.1700134277344,337.32000732421875,242530900,0.0,0.0
2016-07-20 00:00:00+02:00,337.92999267578125,340.8500061035156,337.6199951171875,340.80999755859375,247825700,0.0,0.0
2016-07-21 00:00:00+02:00,341.2699890136719,341.80999755859375,338.3599853515625,340.5799865722656,291767100,0.0,0.0
2016-07-22 00:00:00+02:00,340.239990234375,340.7300109863281,338.1300048828125,340.3299865722656,228449300,0.0,0.0
2016-07-25 00:00:00+02:00,340.8599853515625,343.0799865722656,339.7900085449219,340.92999267578125,221183300,0.0,0.0
2016-07-26 00:00:00+02:00,340.4200134277344,342.19000244140625,338.9200134277344,341.260009765625,243216400,0.0,0.0
2016-07-27 00:00:00+02:00,341.8699951171875,344.0199890136719,341.8699951171875,342.739990234375,307255100,0.0,0.0
2016-07-28 00:00:00+02:00,342.3999938964844,343.8399963378906,339.4700012207031,339.4700012207031,350850800,0.0,0.0
2016-07-29 00:00:00+02:00,340.55999755859375,342.1400146484375,339.6600036621094,341.8900146484375,320084400,0.0,0.0
2016-08-02 00:00:00+02:00,339.4599914550781,339.4599914550781,335.07000732421875,335.4700012207031,340782500,0.0,0.0
2016-08-03 00:00:00+02:00,336.29998779296875,336.7200012207031,334.20001220703125,335.5799865722656,303452000,0.0,0.0
2016-08-04 00:00:00+02:00,336.3299865722656,338.489990234375,336.0899963378906,337.8399963378906,264966700,0.0,0.0
2016-08-05 00:00:00+02:00,338.0,341.67999267578125,338.0,341.3800048828125,263348700,0.0,0.0
2016-08-08 00:00:00+02:00,341.3699951171875,343.04998779296875,340.9800109863281,341.5299987792969,219581000,0.0,0.0
2016-08-09 00:00:00+02:00,340.989990234375,344.92999267578125,340.8900146484375,344.6700134277344,240675200,0.0,0.0
2016-08-10 00:00:00+02:00,344.20001220703125,344.8800048828125,343.260009765625,343.9800109863281,219303000,0.0,0.0
2016-08-11 00:00:00+02:00,344.2099914550781,346.6600036621094,343.1600036621094,346.6600036621094,205627300,0.0,0.0
2016-08-12 00:00:00+02:00,346.7300109863281,346.989990234375,345.6499938964844,346.0899963378906,180891800,0.0,0.0
2016-08-15 00:00:00+02:00,346.2300109863281,347.5400085449219,345.69000244140625,346.04998779296875,153481800,0.0,0.0
2016-08-16 00:00:00+02:00,345.1099853515625,345.8299865722656,343.29998779296875,343.32000732421875,194725200,0.0,0.0
2016-08-17 00:00:00+02:00,344.17999267578125,344.69000244140625,340.2099914550781,340.4700012207031,204096100,0.0,0.0
2016-08-18 00:00:00+02:00,341.19000244140625,343.05999755859375,341.19000244140625,342.9100036621094,195802100,0.0,0.0
2016-08-19 00:00:00+02:00,342.69000244140625,342.8500061035156,338.82000732421875,340.1400146484375,222254700,0.0,0.0
2016-08-22 00:00:00+02:00,340.3399963378906,343.2699890136719,339.1600036621094,340.42999267578125,189702700,0.0,0.0
2016-08-23 00:00:00+02:00,341.2300109863281,344.260009765625,341.2300109863281,343.6000061035156,206004700,0.0,0.0
2016-08-24 00:00:00+02:00,342.760009765625,345.70001220703125,341.55999755859375,344.92999267578125,236403900,0.0,0.0
2016-08-25 00:00:00+02:00,343.8800048828125,343.8800048828125,340.79998779296875,342.0199890136719,202874300,0.0,0.0
2016-08-26 00:00:00+02:00,341.9200134277344,344.2900085449219,340.95001220703125,343.7200012207031,161379500,0.0,0.0
2016-08-29 00:00:00+02:00,343.239990234375,343.4700012207031,341.3699951171875,343.20001220703125,131220100,0.0,0.0
2016-08-30 00:00:00+02:00,343.4800109863281,345.8599853515625,343.4800109863281,344.75,196899300,0.0,0.0
2016-08-31 00:00:00+02:00,344.5400085449219,346.0299987792969,343.4200134277344,343.5299987792969,290557700,0.0,0.0
2016-09-01 00:00:00+02:00,344.2099914550781,346.8999938964844,342.7200012207031,343.6600036621094,308843700,0.0,0.0
2016-09-02 00:00:00+02:00,344.0400085449219,350.8500061035156,343.5299987792969,350.44000244140625,290333900,0.0,0.0
2016-09-05 00:00:00+02:00,350.70001220703125,351.7699890136719,350.45001220703125,350.6199951171875,191005900,0.0,0.0
2016-09-06 00:00:00+02:00,351.32000732421875,351.55999755859375,349.0899963378906,349.4599914550781,210267800,0.0,0.0
2016-09-07 00:00:00+02:00,349.55999755859375,351.010009765625,348.510009765625,350.4599914550781,253336200,0.0,0.0
2016-09-08 00:00:00+02:00,350.1499938964844,351.5199890136719,346.3399963378906,349.32000732421875,255448100,0.0,0.0
2016-09-09 00:00:00+02:00,348.67999267578125,348.8800048828125,344.8999938964844,345.5199890136719,246497900,0.0,0.0
2016-09-12 00:00:00+02:00,343.6199951171875,343.6199951171875,338.5,342.2300109863281,279348600,0.0,0.0
2016-09-13 00:00:00+02:00,342.739990234375,344.1400146484375,338.7200012207031,338.7200012207031,280878400,0.0,0.0
2016-09-14 00:00:00+02:00,339.7099914550781,340.6199951171875,338.260009765625,338.4200134277344,258835200,0.0,0.0
2016-09-15 00:00:00+02:00,338.29998779296875,340.6400146484375,337.8500061035156,340.3399963378906,243758500,0.0,0.0
2016-09-16 00:00:00+02:00,340.3800048828125,340.7799987792969,337.2799987792969,337.82000732421875,605509000,0.0,0.0
2016-09-19 00:00:00+02:00,338.7900085449219,341.5799865722656,338.7900085449219,341.2699890136719,196575600,0.0,0.0
2016-09-20 00:00:00+02:00,340.7900085449219,342.7799987792969,340.2900085449219,341.0,203933600,0.0,0.0
2016-09-21 00:00:00+02:00,342.8299865722656,344.8999938964844,342.25,342.4599914550781,212168300,0.0,0.0
2016-09-22 00:00:00+02:00,343.489990234375,348.7900085449219,343.489990234375,347.8599853515625,227712600,0.0,0.0
2016-09-23 00:00:00+02:00,347.3299865722656,347.3299865722656,344.75,345.3399963378906,206921000,0.0,0.0
2016-09-26 00:00:00+02:00,344.2699890136719,344.2699890136719,339.67999267578125,340.0,233062300,0.0,0.0
2016-09-27 00:00:00+02:00,340.94000244140625,342.2099914550781,337.6099853515625,340.19000244140625,234085600,0.0,0.0
2016-09-28 00:00:00+02:00,340.9700012207031,344.30999755859375,340.9700012207031,342.57000732421875,202707400,0.0,0.0
2016-09-29 00:00:00+02:00,344.0899963378906,346.25,341.9100036621094,342.7200012207031,229317000,0.0,0.0
2016-09-30 00:00:00+02:00,341.2699890136719,343.5400085449219,336.739990234375,342.9200134277344,345314800,0.0,0.0
2016-10-03 00:00:00+02:00,342.17999267578125,343.7799987792969,341.9800109863281,343.2300109863281,182350900,0.0,0.0
2016-10-04 00:00:00+02:00,343.3599853515625,347.2900085449219,343.2900085449219,346.1000061035156,295981400,0.0,0.0
2016-10-05 00:00:00+02:00,344.1700134277344,344.80999755859375,342.0299987792969,344.20001220703125,263230500,0.0,0.0
2016-10-06 00:00:00+02:00,344.70001220703125,345.45001220703125,342.82000732421875,342.82000732421875,247423200,0.0,0.0
2016-10-07 00:00:00+02:00,342.1099853515625,342.4599914550781,338.8999938964844,339.6400146484375,308332100,0.0,0.0
2016-10-10 00:00:00+02:00,339.2099914550781,342.29998779296875,337.67999267578125,341.9800109863281,226390900,0.0,0.0
2016-10-11 00:00:00+02:00,341.6099853515625,343.010009765625,339.8900146484375,340.1700134277344,244321200,0.0,0.0
2016-10-12 00:00:00+02:00,340.3800048828125,340.8900146484375,338.489990234375,338.55999755859375,252858600,0.0,0.0
2016-10-13 00:00:00+02:00,337.489990234375,337.489990234375,333.7099914550781,335.6199951171875,282680600,0.0,0.0
2016-10-14 00:00:00+02:00,336.2699890136719,341.3599853515625,336.2699890136719,339.95001220703125,259036000,0.0,0.0
2016-10-17 00:00:00+02:00,339.57000732421875,339.8800048828125,337.2200012207031,337.4200134277344,225795600,0.0,0.0
2016-10-18 00:00:00+02:00,338.6499938964844,342.760009765625,338.6499938964844,342.4800109863281,248877400,0.0,0.0
2016-10-19 00:00:00+02:00,342.2799987792969,344.25,341.239990234375,343.6400146484375,235608000,0.0,0.0
2016-10-20 00:00:00+02:00,343.69000244140625,344.9599914550781,340.760009765625,344.2900085449219,274164900,0.0,0.0
2016-10-21 00:00:00+02:00,344.5299987792969,345.44000244140625,343.2799987792969,344.2900085449219,231507400,0.0,0.0
2016-10-24 00:00:00+02:00,344.95001220703125,347.0299987792969,344.19000244140625,344.260009765625,229863200,0.0,0.0
2016-10-25 00:00:00+02:00,344.6099853515625,345.6499938964844,342.5799865722656,343.07000732421875,245621400,0.0,0.0
2016-10-26 00:00:00+02:00,342.79998779296875,342.79998779296875,339.8299865722656,341.760009765625,259996100,0.0,0.0
2016-10-27 00:00:00+02:00,341.5799865722656,343.32000732421875,339.9100036621094,341.7099914550781,276663500,0.0,0.0
2016-10-28 00:00:00+02:00,340.7699890136719,341.1099853515625,338.29998779296875,340.79998779296875,266681600,0.0,0.0
2016-10-31 00:00:00+01:00,340.4100036621094,340.4100036621094,338.30999755859375,338.9700012207031,227155400,0.0,0.0
2016-11-01 00:00:00+01:00,340.0400085449219,340.739990234375,335.04998779296875,335.3299865722656,211364000,0.0,0.0
2016-11-02 00:00:00+01:00,334.5400085449219,334.5400085449219,331.54998779296875,331.54998779296875,259488100,0.0,0.0
2016-11-03 00:00:00+01:00,331.6300048828125,334.04998779296875,330.9700012207031,331.55999755859375,268058500,0.0,0.0
2016-11-04 00:00:00+01:00,330.8900146484375,330.8900146484375,327.75,328.79998779296875,257188100,0.0,0.0
2016-11-07 00:00:00+01:00,329.6499938964844,333.8399963378906,329.6499938964844,333.8399963378906,249527200,0.0,0.0
2016-11-08 00:00:00+01:00,334.05999755859375,335.0799865722656,333.0,334.9100036621094,224518900,0.0,0.0
2016-11-09 00:00:00+01:00,330.3500061035156,339.8999938964844,327.0199890136719,339.80999755859375,447491500,0.0,0.0
2016-11-10 00:00:00+01:00,341.2200012207031,344.29998779296875,337.4800109863281,338.8800048828125,498051500,0.0,0.0
2016-11-11 00:00:00+01:00,339.5899963378906,341.0899963378906,336.5899963378906,337.5,325752900,0.0,0.0
2016-11-14 00:00:00+01:00,338.45001220703125,341.9800109863281,337.3599853515625,338.2300109863281,322645900,0.0,0.0
2016-11-15 00:00:00+01:00,337.79998779296875,339.760009765625,337.2300109863281,339.1600036621094,297759300,0.0,0.0
2016-11-16 00:00:00+01:00,340.4700012207031,341.20001220703125,337.1700134277344,338.4700012207031,263727300,0.0,0.0
2016-11-17 00:00:00+01:00,338.1099853515625,340.80999755859375,337.5400085449219,340.6000061035156,280621400,0.0,0.0
2016-11-18 00:00:00+01:00,341.260009765625,342.0799865722656,339.0799865722656,339.3900146484375,300175700,0.0,0.0
2016-11-21 00:00:00+01:00,339.4200134277344,340.8399963378906,336.6700134277344,340.2300109863281,235935300,0.0,0.0
2016-11-22 00:00:00+01:00,341.3900146484375,342.6099853515625,340.9599914550781,341.0199890136719,263751400,0.0,0.0
2016-11-23 00:00:00+01:00,340.7699890136719,341.80999755859375,338.95001220703125,340.7699890136719,261940800,0.0,0.0
2016-11-24 00:00:00+01:00,341.1700134277344,342.1099853515625,340.1700134277344,341.8399963378906,163999200,0.0,0.0
2016-11-25 00:00:00+01:00,341.5199890136719,342.55999755859375,340.7099914550781,342.45001220703125,170081200,0.0,0.0
2016-11-28 00:00:00+01:00,341.8699951171875,341.8699951171875,339.010009765625,339.8299865722656,233793000,0.0,0.0
2016-11-29 00:00:00+01:00,339.260009765625,341.07000732421875,338.1199951171875,340.95001220703125,242485700,0.0,0.0
2016-11-30 00:00:00+01:00,340.5199890136719,343.3399963378906,340.25,341.989990234375,411378500,0.0,0.0
2016-12-01 00:00:00+01:00,342.1199951171875,342.3699951171875,339.55999755859375,340.8599853515625,304144900,0.0,0.0
2016-12-02 00:00:00+01:00,338.8900146484375,340.19000244140625,336.3599853515625,339.3599853515625,248258900,0.0,0.0
2016-12-05 00:00:00+01:00,339.8800048828125,344.7900085449219,338.9700012207031,341.2699890136719,314821900,0.0,0.0
2016-12-06 00:00:00+01:00,341.5400085449219,344.57000732421875,340.3800048828125,344.57000732421875,316147600,0.0,0.0
2016-12-07 00:00:00+01:00,345.4599914550781,347.70001220703125,345.4599914550781,347.70001220703125,394374100,0.0,0.0
2016-12-08 00:00:00+01:00,348.4599914550781,352.1499938964844,347.2699890136719,351.9599914550781,388524300,0.0,0.0
2016-12-09 00:00:00+01:00,352.0400085449219,355.8599853515625,352.0400085449219,355.3800048828125,298049100,0.0,0.0
2016-12-12 00:00:00+01:00,355.25,355.9599914550781,353.1499938964844,353.739990234375,280674300,0.0,0.0
2016-12-13 00:00:00+01:00,353.4200134277344,357.67999267578125,352.8599853515625,357.5,349473900,0.0,0.0
2016-12-14 00:00:00+01:00,356.6400146484375,357.04998779296875,355.45001220703125,355.7200012207031,322903300,0.0,0.0
2016-12-15 00:00:00+01:00,356.1099853515625,359.3800048828125,355.80999755859375,358.7900085449219,378172100,0.0,0.0
2016-12-16 00:00:00+01:00,358.6300048828125,360.57000732421875,357.8399963378906,360.0199890136719,405534300,0.0,0.0
2016-12-19 00:00:00+01:00,359.8599853515625,360.0,358.95001220703125,359.5899963378906,221117000,0.0,0.0
2016-12-20 00:00:00+01:00,359.7799987792969,361.32000732421875,359.4200134277344,361.32000732421875,246186500,0.0,0.0
2016-12-21 00:00:00+01:00,360.6600036621094,361.32000732421875,359.92999267578125,360.55999755859375,217080700,0.0,0.0
2016-12-22 00:00:00+01:00,360.0899963378906,360.4200134277344,358.7200012207031,359.82000732421875,189152900,0.0,0.0
2016-12-23 00:00:00+01:00,359.8900146484375,360.3999938964844,359.4800109863281,359.9800109863281,126177200,0.0,0.0
2016-12-27 00:00:00+01:00,360.260009765625,360.79998779296875,360.260009765625,360.4800109863281,92394100,0.0,0.0
2016-12-28 00:00:00+01:00,360.5199890136719,361.5299987792969,360.3399963378906,361.5299987792969,145947500,0.0,0.0
2016-12-29 00:00:00+01:00,360.4200134277344,360.8800048828125,359.3900146484375,360.260009765625,124520500,0.0,0.0
2016-12-30 00:00:00+01:00,360.2200012207031,361.6600036621094,358.8299865722656,361.4200134277344,117833700,0.0,0.0
2017-01-03 00:00:00+01:00,364.25,367.07000732421875,364.25,365.7099914550781,254745400,0.0,0.0
2017-01-04 00:00:00+01:00,365.6099853515625,366.19000244140625,363.95001220703125,365.260009765625,223362800,0.0,0.0
2017-01-05 00:00:00+01:00,364.0199890136719,365.9200134277344,363.6600036621094,365.6400146484375,217579800,0.0,0.0
2017-01-06 00:00:00+01:00,365.07000732421875,365.7799987792969,364.3299865722656,365.45001220703125,179973000,0.0,0.0
2017-01-09 00:00:00+01:00,365.1000061035156,365.5299987792969,363.0400085449219,363.6700134277344,213225700,0.0,0.0
2017-01-10 00:00:00+01:00,363.4800109863281,364.3299865722656,362.2300109863281,364.07000732421875,243849800,0.0,0.0
2017-01-11 00:00:00+01:00,364.260009765625,366.3699951171875,362.8399963378906,364.8999938964844,245177300,0.0,0.0
2017-01-12 00:00:00+01:00,364.2300109863281,364.45001220703125,361.9700012207031,362.510009765625,247813200,0.0,0.0
2017-01-13 00:00:00+01:00,363.1199951171875,365.94000244140625,363.1199951171875,365.94000244140625,241537800,0.0,0.0
2017-01-16 00:00:00+01:00,364.5199890136719,364.5199890136719,362.9700012207031,362.9700012207031,183428100,0.0,0.0
2017-01-17 00:00:00+01:00,362.70001220703125,363.760009765625,360.4599914550781,362.4200134277344,234072300,0.0,0.0
2017-01-18 00:00:00+01:00,362.6199951171875,363.5799865722656,361.0299987792969,363.07000732421875,221042000,0.0,0.0
2017-01-19 00:00:00+01:00,363.2099914550781,364.1400146484375,361.6600036621094,362.8500061035156,235406000,0.0,0.0
2017-01-20 00:00:00+01:00,362.4800109863281,363.6400146484375,361.3900146484375,362.5799865722656,243232900,0.0,0.0
2017-01-23 00:00:00+01:00,362.17999267578125,362.17999267578125,359.9200134277344,361.010009765625,200686200,0.0,0.0
2017-01-24 00:00:00+01:00,361.29998779296875,362.4200134277344,360.9700012207031,361.9200134277344,268658600,0.0,0.0
2017-01-25 00:00:00+01:00,363.0400085449219,366.9200134277344,363.0400085449219,366.5899963378906,314694400,0.0,0.0
2017-01-26 00:00:00+01:00,367.4200134277344,368.8500061035156,366.989990234375,367.5,271127100,0.0,0.0
2017-01-27 00:00:00+01:00,367.1400146484375,367.19000244140625,365.3500061035156,366.3800048828125,237454400,0.0,0.0
2017-01-30 00:00:00+01:00,365.8999938964844,365.8999938964844,361.989990234375,362.54998779296875,237722300,0.0,0.0
2017-01-31 00:00:00+01:00,362.4800109863281,363.8599853515625,360.1199951171875,360.1199951171875,280616700,0.0,0.0
2017-02-01 00:00:00+01:00,361.19000244140625,364.8299865722656,361.19000244140625,363.20001220703125,245008500,0.0,0.0
2017-02-02 00:00:00+01:00,362.8299865722656,363.55999755859375,361.4100036621094,361.95001220703125,252427800,0.0,0.0
2017-02-03 00:00:00+01:00,362.67999267578125,364.80999755859375,362.510009765625,364.07000732421875,250320200,0.0,0.0
2017-02-06 00:00:00+01:00,364.3399963378906,364.9100036621094,361.5,361.6000061035156,214155300,0.0,0.0
2017-02-07 00:00:00+01:00,361.94000244140625,363.8699951171875,361.3900146484375,362.739990234375,225314800,0.0,0.0
2017-02-08 00:00:00+01:00,363.8399963378906,365.010009765625,361.7900085449219,363.94000244140625,271661800,0.0,0.0
2017-02-09 00:00:00+01:00,364.54998779296875,367.0400085449219,364.2099914550781,366.7900085449219,240412600,0.0,0.0
2017-02-10 00:00:00+01:00,367.0799865722656,368.1000061035156,366.2900085449219,367.3900146484375,237218800,0.0,0.0
2017-02-13 00:00:00+01:00,367.82000732421875,370.8999938964844,367.82000732421875,370.1300048828125,195354800,0.0,0.0
2017-02-14 00:00:00+01:00,370.1700134277344,370.3599853515625,369.1400146484375,370.20001220703125,213784200,0.0,0.0
2017-02-15 00:00:00+01:00,370.67999267578125,372.0899963378906,370.239990234375,371.4700012207031,224924800,0.0,0.0
2017-02-16 00:00:00+01:00,371.3500061035156,371.55999755859375,369.4599914550781,370.1000061035156,210963800,0.0,0.0
2017-02-17 00:00:00+01:00,370.2799987792969,370.6400146484375,367.739990234375,370.2200012207031,245513100,0.0,0.0
2017-02-20 00:00:00+01:00,371.19000244140625,371.8900146484375,370.3999938964844,371.0400085449219,165844600,0.0,0.0
2017-02-21 00:00:00+01:00,371.20001220703125,373.94000244140625,369.94000244140625,373.3999938964844,227992800,0.0,0.0
2017-02-22 00:00:00+01:00,374.1300048828125,375.42999267578125,372.5400085449219,373.3800048828125,290006600,0.0,0.0
2017-02-23 00:00:00+01:00,373.2300109863281,374.2099914550781,372.42999267578125,372.8500061035156,257813000,0.0,0.0
2017-02-24 00:00:00+01:00,372.7099914550781,372.75,367.70001220703125,370.010009765625,264898800,0.0,0.0
2017-02-27 00:00:00+01:00,369.7200012207031,370.5799865722656,368.4700012207031,369.5199890136719,224144800,0.0,0.0
2017-02-28 00:00:00+01:00,369.69000244140625,370.6400146484375,369.1300048828125,370.239990234375,269255200,0.0,0.0
2017-03-01 00:00:00+01:00,371.5199890136719,375.7699890136719,371.5199890136719,375.69000244140625,313372000,0.0,0.0
2017-03-02 00:00:00+01:00,375.6199951171875,376.1499938964844,374.9100036621094,375.6099853515625,255438300,0.0,0.0
2017-03-03 00:00:00+01:00,374.8999938964844,375.2300109863281,373.82000732421875,375.2300109863281,256669800,0.0,0.0
2017-03-06 00:00:00+01:00,374.42999267578125,374.42999267578125,372.4200134277344,373.2699890136719,208225600,0.0,0.0
2017-03-07 00:00:00+01:00,373.04998779296875,373.45001220703125,371.6000061035156,372.2699890136719,213126900,0.0,0.0
2017-03-08 00:00:00+01:00,372.2200012207031,373.42999267578125,371.239990234375,372.5799865722656,233453900,0.0,0.0
2017-03-09 00:00:00+01:00,372.5299987792969,373.44000244140625,371.0799865722656,372.8900146484375,300592600,0.0,0.0
2017-03-10 00:00:00+01:00,373.4200134277344,374.8900146484375,373.0199890136719,373.2300109863281,283263600,0.0,0.0
2017-03-13 00:00:00+01:00,373.25,375.0799865722656,373.19000244140625,374.6400146484375,193675600,0.0,0.0
2017-03-14 00:00:00+01:00,374.29998779296875,374.3299865722656,372.5899963378906,373.4599914550781,240977800,0.0,0.0
2017-03-15 00:00:00+01:00,374.2099914550781,375.19000244140625,373.8999938964844,375.1000061035156,231515700,0.0,0.0
2017-03-16 00:00:00+01:00,375.9100036621094,377.760009765625,375.9100036621094,377.7300109863281,312455200,0.0,0.0
2017-03-17 00:00:00+01:00,376.7900085449219,378.5,376.239990234375,378.32000732421875,415325100,0.0,0.0
2017-03-20 00:00:00+01:00,377.95001220703125,378.4100036621094,377.1499938964844,377.67999267578125,186100800,0.0,0.0
2017-03-21 00:00:00+01:00,377.8599853515625,379.2200012207031,375.2799987792969,375.6700134277344,265800200,0.0,0.0
2017-03-22 00:00:00+01:00,374.6099853515625,374.6099853515625,371.9700012207031,374.0299987792969,267156000,0.0,0.0
2017-03-23 00:00:00+01:00,374.1099853515625,377.20001220703125,373.55999755859375,377.20001220703125,237995200,0.0,0.0
2017-03-24 00:00:00+01:00,376.8699951171875,376.8800048828125,375.3800048828125,376.510009765625,197246600,0.0,0.0
2017-03-27 00:00:00+02:00,375.44000244140625,375.44000244140625,372.92999267578125,375.010009765625,214748200,0.0,0.0
2017-03-28 00:00:00+02:00,375.54998779296875,377.3699951171875,375.25,377.29998779296875,228090400,0.0,0.0
2017-03-29 00:00:00+02:00,377.17999267578125,378.6099853515625,376.7200012207031,378.5299987792969,215446000,0.0,0.0
2017-03-30 00:00:00+02:00,378.5799865722656,380.4800109863281,378.4200134277344,380.4599914550781,208396100,0.0,0.0
2017-03-31 00:00:00+02:00,380.4200134277344,381.5,378.760009765625,381.1400146484375,252625200,0.0,0.0
2017-04-03 00:00:00+02:00,382.19000244140625,382.739990234375,379.260009765625,379.2900085449219,230954200,0.0,0.0
2017-04-04 00:00:00+02:00,379.04998779296875,380.0799865722656,378.6300048828125,380.0299987792969,235319300,0.0,0.0
2017-04-05 00:00:00+02:00,380.07000732421875,381.7099914550781,379.82000732421875,380.0899963378906,222021800,0.0,0.0
2017-04-06 00:00:00+02:00,379.0400085449219,380.9800109863281,377.1600036621094,380.7699890136719,228192000,0.0,0.0
2017-04-07 00:00:00+02:00,380.0199890136719,381.260009765625,378.8999938964844,381.260009765625,208137700,0.0,0.0
2017-04-10 00:00:00+02:00,381.6400146484375,381.6700134277344,380.3999938964844,381.25,180661100,0.0,0.0
2017-04-11 00:00:00+02:00,380.57000732421875,382.5199890136719,379.30999755859375,381.17999267578125,236871400,0.0,0.0
2017-04-12 00:00:00+02:00,381.7799987792969,383.9100036621094,381.6000061035156,381.8999938964844,236708100,0.0,0.0
2017-04-13 00:00:00+02:00,381.3599853515625,381.3599853515625,379.8500061035156,380.5799865722656,203785000,0.0,0.0
2017-04-18 00:00:00+02:00,380.9599914550781,381.3699951171875,376.3500061035156,376.3500061035156,276057500,0.0,0.0
2017-04-19 00:00:00+02:00,376.4700012207031,378.0199890136719,376.2300109863281,377.239990234375,268246900,0.0,0.0
2017-04-20 00:00:00+02:00,376.9599914550781,378.54998779296875,376.2799987792969,378.05999755859375,240977200,0.0,0.0
2017-04-21 00:00:00+02:00,378.2200012207031,379.2099914550781,377.1700134277344,378.1199951171875,277920200,0.0,0.0
2017-04-24 00:00:00+02:00,379.04998779296875,386.2300109863281,379.04998779296875,386.0899963378906,395930900,0.0,0.0
2017-04-25 00:00:00+02:00,386.2099914550781,387.989990234375,386.1499938964844,386.9100036621094,260042900,0.0,0.0
2017-04-26 00:00:00+02:00,386.6099853515625,388.8800048828125,386.2900085449219,388.7300109863281,277452700,0.0,0.0
2017-04-27 00:00:00+02:00,388.1700134277344,388.2099914550781,386.8299865722656,387.7900085449219,283817900,0.0,0.0
2017-04-28 00:00:00+02:00,387.3599853515625,387.6700134277344,386.7300109863281,387.0899963378906,296350500,0.0,0.0
2017-05-02 00:00:00+02:00,386.69000244140625,389.5299987792969,386.69000244140625,389.5299987792969,245993000,0.0,0.0
2017-05-03 00:00:00+02:00,389.3399963378906,389.3900146484375,388.4599914550781,389.3699951171875,208832200,0.0,0.0
2017-05-04 00:00:00+02:00,389.7099914550781,391.9800109863281,389.7099914550781,391.9800109863281,308256200,0.0,0.0
2017-05-05 00:00:00+02:00,391.44000244140625,394.5400085449219,390.45001220703125,394.5400085449219,292496800,0.0,0.0
2017-05-08 00:00:00+02:00,394.94000244140625,395.1499938964844,393.2699890136719,394.0400085449219,253340100,0.0,0.0
2017-05-09 00:00:00+02:00,394.4599914550781,396.239990234375,394.4599914550781,395.80999755859375,233450800,0.0,0.0
2017-05-10 00:00:00+02:00,395.82000732421875,396.45001220703125,394.6099853515625,396.45001220703125,253936800,0.0,0.0
2017-05-11 00:00:00+02:00,396.4700012207031,396.4700012207031,393.4700012207031,394.3900146484375,279011100,0.0,0.0
2017-05-12 00:00:00+02:00,394.57000732421875,395.6300048828125,394.20001220703125,395.6300048828125,252208400,0.0,0.0
2017-05-15 00:00:00+02:00,396.1000061035156,396.54998779296875,394.70001220703125,395.9700012207031,216307800,0.0,0.0
2017-05-16 00:00:00+02:00,395.7200012207031,396.44000244140625,394.75,395.9100036621094,251078300,0.0,0.0
2017-05-17 00:00:00+02:00,394.760009765625,395.44000244140625,390.1499938964844,391.1400146484375,277400100,0.0,0.0
2017-05-18 00:00:00+02:00,390.6000061035156,390.6000061035156,386.4599914550781,389.19000244140625,324214400,0.0,0.0
2017-05-19 00:00:00+02:00,389.1199951171875,391.70001220703125,389.1199951171875,391.510009765625,257159600,0.0,0.0
2017-05-22 00:00:00+02:00,391.8999938964844,392.4800109863281,390.79998779296875,391.1400146484375,208410600,0.0,0.0
2017-05-23 00:00:00+02:00,390.7900085449219,392.6199951171875,390.4700012207031,392.0199890136719,214533400,0.0,0.0
2017-05-24 00:00:00+02:00,392.4200134277344,392.7799987792969,391.6300048828125,392.3699951171875,214143900,0.0,0.0
2017-05-26 00:00:00+02:00,391.5,391.57000732421875,389.44000244140625,391.3500061035156,218006200,0.0,0.0
2017-05-29 00:00:00+02:00,391.6600036621094,391.6600036621094,390.7799987792969,391.25,179035700,0.0,0.0
2017-05-30 00:00:00+02:00,390.510009765625,391.0,388.9700012207031,390.5,217479300,0.0,0.0
2017-05-31 00:00:00+02:00,390.0899963378906,392.2699890136719,389.510009765625,389.989990234375,441743700,0.0,0.0
2017-06-01 00:00:00+02:00,389.54998779296875,391.92999267578125,389.54998779296875,391.6600036621094,254851000,0.0,0.0
2017-06-02 00:00:00+02:00,392.1600036621094,394.67999267578125,391.75,392.54998779296875,250269500,0.0,0.0
2017-06-06 00:00:00+02:00,391.29998779296875,391.29998779296875,388.8599853515625,389.3999938964844,227166200,0.0,0.0
2017-06-07 00:00:00+02:00,389.32000732421875,391.80999755859375,388.45001220703125,389.17999267578125,257828300,0.0,0.0
2017-06-08 00:00:00+02:00,389.4200134277344,390.510009765625,388.3699951171875,389.1499938964844,256795700,0.0,0.0
2017-06-09 00:00:00+02:00,387.55999755859375,390.6400146484375,387.55999755859375,390.3900146484375,256925900,0.0,0.0
2017-06-12 00:00:00+02:00,389.6000061035156,389.6000061035156,386.1700134277344,386.6199951171875,206200800,0.0,0.0
2017-06-13 00:00:00+02:00,387.2799987792969,389.489990234375,387.2799987792969,388.75,200151500,0.0,0.0
2017-06-14 00:00:00+02:00,389.4800109863281,391.44000244140625,387.5799865722656,387.5799865722656,251817200,0.0,0.0
2017-06-15 00:00:00+02:00,387.5299987792969,387.5299987792969,383.739990234375,386.04998779296875,270359000,0.0,0.0
2017-06-16 00:00:00+02:00,386.489990234375,388.67999267578125,386.489990234375,388.6000061035156,453412700,0.0,0.0
2017-06-19 00:00:00+02:00,389.8299865722656,392.45001220703125,389.8299865722656,391.94000244140625,170201800,0.0,0.0
2017-06-20 00:00:00+02:00,391.9599914550781,393.260009765625,389.2099914550781,389.2099914550781,221844300,0.0,0.0
2017-06-21 00:00:00+02:00,388.69000244140625,389.0899963378906,385.8299865722656,388.5,223803300,0.0,0.0
2017-06-22 00:00:00+02:00,388.2099914550781,388.7099914550781,386.1000061035156,388.5299987792969,210175500,0.0,0.0
2017-06-23 00:00:00+02:00,388.6600036621094,388.760009765625,386.4100036621094,387.6199951171875,195310200,0.0,0.0
2017-06-26 00:00:00+02:00,388.3500061035156,390.9100036621094,388.3500061035156,389.04998779296875,193992000,0.0,0.0
2017-06-27 00:00:00+02:00,388.6400146484375,388.6400146484375,385.57000732421875,385.9800109863281,219752300,0.0,0.0
2017-06-28 00:00:00+02:00,384.95001220703125,386.5799865722656,382.010009765625,385.82000732421875,265893600,0.0,0.0
2017-06-29 00:00:00+02:00,386.2300109863281,387.7300109863281,380.2200012207031,380.6600036621094,279651200,0.0,0.0
2017-06-30 00:00:00+02:00,380.67999267578125,382.79998779296875,379.0400085449219,379.3699951171875,255432400,0.0,0.0
2017-07-03 00:00:00+02:00,379.9599914550781,383.79998779296875,379.9599914550781,383.4100036621094,198747000,0.0,0.0
2017-07-04 00:00:00+02:00,382.8399963378906,383.57000732421875,381.739990234375,382.29998779296875,165789200,0.0,0.0
2017-07-05 00:00:00+02:00,382.29998779296875,383.2799987792969,381.1199951171875,382.989990234375,223712000,0.0,0.0
2017-07-06 00:00:00+02:00,382.9700012207031,382.9700012207031,378.45001220703125,380.42999267578125,218181400,0.0,0.0
2017-07-07 00:00:00+02:00,380.30999755859375,380.3299865722656,378.8299865722656,380.17999267578125,169003000,0.0,0.0
2017-07-10 00:00:00+02:00,380.7699890136719,382.2099914550781,380.6300048828125,381.6400146484375,163494700,0.0,0.0
2017-07-11 00:00:00+02:00,381.7900085449219,382.9700012207031,378.95001220703125,379.1499938964844,178211500,0.0,0.0
2017-07-12 00:00:00+02:00,379.239990234375,385.5799865722656,379.239990234375,384.8999938964844,206258600,0.0,0.0
2017-07-13 00:00:00+02:00,385.2200012207031,387.17999267578125,385.0400085449219,386.1400146484375,218776000,0.0,0.0
2017-07-14 00:00:00+02:00,386.42999267578125,386.8399963378906,385.489990234375,386.8399963378906,188759600,0.0,0.0
2017-07-17 00:00:00+02:00,387.1099853515625,387.8900146484375,385.9200134277344,386.8599853515625,157998500,0.0,0.0
2017-07-18 00:00:00+02:00,386.2099914550781,386.2900085449219,382.0299987792969,382.5799865722656,190231800,0.0,0.0
2017-07-19 00:00:00+02:00,383.7699890136719,385.70001220703125,383.1700134277344,385.5400085449219,188610400,0.0,0.0
2017-07-20 00:00:00+02:00,385.3699951171875,387.3399963378906,382.94000244140625,384.07000732421875,205080800,0.0,0.0
2017-07-21 00:00:00+02:00,383.7699890136719,384.54998779296875,379.010009765625,380.1600036621094,207258700,0.0,0.0
2017-07-24 00:00:00+02:00,380.5199890136719,380.7699890136719,378.0,379.2300109863281,227795600,0.0,0.0
2017-07-25 00:00:00+02:00,379.0400085449219,382.3800048828125,379.0400085449219,380.7699890136719,207666400,0.0,0.0
2017-07-26 00:00:00+02:00,380.760009765625,383.7300109863281,380.75,382.739990234375,186515900,0.0,0.0
2017-07-27 00:00:00+02:00,382.3999938964844,383.6400146484375,381.510009765625,382.32000732421875,216392700,0.0,0.0
2017-07-28 00:00:00+02:00,380.7799987792969,380.7799987792969,377.239990234375,378.3399963378906,208541000,0.0,0.0
2017-07-31 00:00:00+02:00,378.4200134277344,380.07000732421875,377.57000732421875,377.8500061035156,209676800,0.0,0.0
2017-08-02 00:00:00+02:00,380.010009765625,380.4800109863281,377.9100036621094,378.6300048828125,178749900,0.0,0.0
2017-08-03 00:00:00+02:00,378.510009765625,379.5299987792969,377.1700134277344,378.92999267578125,191090900,0.0,0.0
2017-08-04 00:00:00+02:00,378.6600036621094,383.0799865722656,378.20001220703125,382.5299987792969,185831900,0.0,0.0
2017-08-07 00:00:00+02:00,382.3999938964844,383.1400146484375,381.3999938964844,382.010009765625,145694300,0.0,0.0
2017-08-08 00:00:00+02:00,381.8500061035156,383.2300109863281,380.80999755859375,382.6499938964844,150433100,0.0,0.0
2017-08-09 00:00:00+02:00,382.32000732421875,382.32000732421875,378.6499938964844,379.8399963378906,196034800,0.0,0.0
2017-08-10 00:00:00+02:00,379.510009765625,379.510009765625,375.4200134277344,376.04998779296875,177155000,0.0,0.0
2017-08-11 00:00:00+02:00,374.6499938964844,374.6499938964844,371.5799865722656,372.1400146484375,192495100,0.0,0.0
2017-08-14 00:00:00+02:00,372.80999755859375,376.8900146484375,372.80999755859375,376.1600036621094,142400200,0.0,0.0
2017-08-15 00:00:00+02:00,376.70001220703125,377.7900085449219,375.8500061035156,376.5,131267300,0.0,0.0
2017-08-16 00:00:00+02:00,376.8999938964844,379.8599853515625,376.8999938964844,379.0899963378906,151178800,0.0,0.0
2017-08-17 00:00:00+02:00,378.6700134277344,379.4800109863281,376.6700134277344,376.8699951171875,159580000,0.0,0.0
2017-08-18 00:00:00+02:00,375.489990234375,375.489990234375,372.8900146484375,374.20001220703125,173245100,0.0,0.0
2017-08-21 00:00:00+02:00,373.45001220703125,374.510009765625,371.7300109863281,372.7200012207031,140671000,0.0,0.0
2017-08-22 00:00:00+02:00,373.4100036621094,375.9700012207031,373.4100036621094,375.79998779296875,159373600,0.0,0.0
2017-08-23 00:00:00+02:00,375.70001220703125,376.32000732421875,373.2099914550781,373.9200134277344,153689900,0.0,0.0
2017-08-24 00:00:00+02:00,374.4800109863281,376.1300048828125,374.4599914550781,374.510009765625,178062800,0.0,0.0
2017-08-25 00:00:00+02:00,374.92999267578125,376.19000244140625,374.07000732421875,374.07000732421875,133353500,0.0,0.0
2017-08-28 00:00:00+02:00,373.2099914550781,373.6300048828125,371.8500061035156,372.2900085449219,115130100,0.0,0.0
2017-08-29 00:00:00+02:00,371.2300109863281,371.2300109863281,365.989990234375,368.4200134277344,199029100,0.0,0.0
2017-08-30 00:00:00+02:00,369.8900146484375,371.6199951171875,369.8800048828125,371.010009765625,154536800,0.0,0.0
2017-08-31 00:00:00+02:00,371.7300109863281,374.7900085449219,371.7300109863281,373.8800048828125,210610000,0.0,0.0
2017-09-01 00:00:00+02:00,374.55999755859375,376.8500061035156,374.55999755859375,376.1400146484375,156019700,0.0,0.0
2017-09-04 00:00:00+02:00,375.0299987792969,375.0299987792969,373.739990234375,374.17999267578125,110400800,0.0,0.0
2017-09-05 00:00:00+02:00,374.19000244140625,375.8900146484375,373.4100036621094,373.7099914550781,154858400,0.0,0.0
2017-09-06 00:00:00+02:00,372.9599914550781,374.6300048828125,371.6199951171875,373.95001220703125,190717300,0.0,0.0
2017-09-07 00:00:00+02:00,374.1300048828125,375.9100036621094,373.3999938964844,374.95001220703125,182415900,0.0,0.0
2017-09-08 00:00:00+02:00,374.3299865722656,375.6400146484375,373.4200134277344,375.510009765625,165574300,0.0,0.0
2017-09-11 00:00:00+02:00,376.3900146484375,379.42999267578125,376.3900146484375,379.42999267578125,169796200,0.0,0.0
2017-09-12 00:00:00+02:00,379.79998779296875,381.9800109863281,379.79998779296875,381.4200134277344,191566000,0.0,0.0
2017-09-13 00:00:00+02:00,381.0,382.1600036621094,379.92999267578125,381.3399963378906,208580700,0.0,0.0
2017-09-14 00:00:00+02:00,381.239990234375,382.20001220703125,380.55999755859375,381.7900085449219,246391100,0.0,0.0
2017-09-15 00:00:00+02:00,381.9800109863281,381.9800109863281,380.0199890136719,380.7099914550781,345195600,0.0,0.0
2017-09-18 00:00:00+02:00,381.92999267578125,383.0799865722656,381.55999755859375,381.95001220703125,182126000,0.0,0.0
2017-09-19 00:00:00+02:00,381.260009765625,382.1600036621094,380.9700012207031,382.1199951171875,177053400,0.0,0.0
2017-09-20 00:00:00+02:00,381.739990234375,382.5799865722656,381.29998779296875,381.9800109863281,182333600,0.0,0.0
2017-09-21 00:00:00+02:00,382.6199951171875,383.5899963378906,382.2300109863281,382.8800048828125,197519500,0.0,0.0
2017-09-22 00:00:00+02:00,382.260009765625,383.67999267578125,382.07000732421875,383.2200012207031,164962000,0.0,0.0
2017-09-25 00:00:00+02:00,383.6400146484375,384.5299987792969,383.44000244140625,383.8999938964844,160841700,0.0,0.0
2017-09-26 00:00:00+02:00,384.0799865722656,384.6199951171875,383.4700012207031,384.0299987792969,168058900,0.0,0.0
2017-09-27 00:00:00+02:00,384.1300048828125,386.30999755859375,384.1300048828125,385.6199951171875,215333300,0.0,0.0
2017-09-28 00:00:00+02:00,385.6600036621094,386.3599853515625,384.9599914550781,386.3599853515625,190236700,0.0,0.0
2017-09-29 00:00:00+02:00,386.25,388.1600036621094,385.9200134277344,388.1600036621094,202290800,0.0,0.0
2017-10-02 00:00:00+02:00,388.42999267578125,390.1300048828125,388.42999267578125,390.1300048828125,208558700,0.0,0.0
2017-10-03 00:00:00+02:00,390.32000732421875,390.7200012207031,389.8599853515625,390.7200012207031,158753600,0.0,0.0
2017-10-04 00:00:00+02:00,390.95001220703125,391.0899963378906,389.29998779296875,390.3999938964844,246650300,0.0,0.0
2017-10-05 00:00:00+02:00,389.8299865722656,391.0299987792969,389.2699890136719,391.0299987792969,215419900,0.0,0.0
2017-10-06 00:00:00+02:00,390.760009765625,390.9700012207031,388.8699951171875,389.4700012207031,187569100,0.0,0.0
2017-10-09 00:00:00+02:00,389.9800109863281,391.05999755859375,389.7099914550781,390.2099914550781,166770000,0.0,0.0
2017-10-10 00:00:00+02:00,389.80999755859375,390.6099853515625,389.3699951171875,390.1600036621094,192484900,0.0,0.0
2017-10-11 00:00:00+02:00,389.9800109863281,390.57000732421875,389.29998779296875,390.1499938964844,260032200,0.0,0.0
2017-10-12 00:00:00+02:00,390.3699951171875,390.57000732421875,389.32000732421875,390.2799987792969,177535900,0.0,0.0
2017-10-13 00:00:00+02:00,391.3800048828125,392.05999755859375,390.6400146484375,391.4200134277344,181652900,0.0,0.0
2017-10-16 00:00:00+02:00,392.0899963378906,392.4200134277344,391.29998779296875,391.4100036621094,179941100,0.0,0.0
2017-10-17 00:00:00+02:00,391.7099914550781,391.8999938964844,390.44000244140625,390.44000244140625,208291700,0.0,0.0
2017-10-18 00:00:00+02:00,390.6499938964844,392.2799987792969,390.489990234375,391.55999755859375,163187600,0.0,0.0
2017-10-19 00:00:00+02:00,391.1700134277344,391.1700134277344,387.80999755859375,389.1099853515625,211707600,0.0,0.0
2017-10-20 00:00:00+02:00,389.3900146484375,390.510009765625,389.32000732421875,390.1300048828125,202514800,0.0,0.0
2017-10-23 00:00:00+02:00,390.6499938964844,391.5899963378906,389.79998779296875,390.739990234375,148676400,0.0,0.0
2017-10-24 00:00:00+02:00,390.44000244140625,391.30999755859375,389.1400146484375,389.3299865722656,192482300,0.0,0.0
2017-10-25 00:00:00+02:00,388.9800109863281,390.5199890136719,386.739990234375,387.1300048828125,208234300,0.0,0.0
2017-10-26 00:00:00+02:00,387.0199890136719,391.45001220703125,386.44000244140625,391.2699890136719,269944400,0.0,0.0
2017-10-27 00:00:00+02:00,392.25,393.760009765625,392.2200012207031,393.42999267578125,240508300,0.0,0.0
2017-10-30 00:00:00+01:00,393.239990234375,394.489990234375,392.82000732421875,393.9100036621094,193021200,0.0,0.0
2017-10-31 00:00:00+01:00,394.0199890136719,395.5299987792969,393.95001220703125,395.2200012207031,182574000,0.0,0.0
2017-11-01 00:00:00+01:00,395.9100036621094,398.04998779296875,395.9100036621094,396.7699890136719,244139500,0.0,0.0
2017-11-02 00:00:00+01:00,396.3999938964844,397.0400085449219,393.6300048828125,394.94000244140625,231624100,0.0,0.0
2017-11-03 00:00:00+01:00,395.3599853515625,396.17999267578125,394.8800048828125,396.05999755859375,178824000,0.0,0.0
2017-11-06 00:00:00+01:00,395.8999938964844,396.9200134277344,395.3999938964844,396.5899963378906,165717000,0.0,0.0
2017-11-07 00:00:00+01:00,397.0400085449219,397.79998779296875,394.30999755859375,394.6499938964844,194627000,0.0,0.0
2017-11-08 00:00:00+01:00,394.67999267578125,395.1700134277344,393.010009765625,394.45001220703125,214841300,0.0,0.0
2017-11-09 00:00:00+01:00,394.5799865722656,394.739990234375,389.6400146484375,390.07000732421875,237674800,0.0,0.0
2017-11-10 00:00:00+01:00,390.3399963378906,390.989990234375,388.3599853515625,388.69000244140625,210929000,0.0,0.0
2017-11-13 00:00:00+01:00,388.1499938964844,388.80999755859375,384.04998779296875,386.1300048828125,201814700,0.0,0.0
2017-11-14 00:00:00+01:00,385.7900085449219,387.0799865722656,383.05999755859375,383.8599853515625,260318800,0.0,0.0
2017-11-15 00:00:00+01:00,383.44000244140625,383.44000244140625,379.94000244140625,381.9599914550781,243606000,0.0,0.0
2017-11-16 00:00:00+01:00,382.7900085449219,385.29998779296875,382.7900085449219,384.92999267578125,214756900,0.0,0.0
2017-11-17 00:00:00+01:00,385.0899963378906,385.3500061035156,382.67999267578125,383.79998779296875,118283500,0.0,0.0
2017-11-20 00:00:00+01:00,384.32000732421875,386.760009765625,383.260009765625,386.3900146484375,176821300,0.0,0.0
2017-11-21 00:00:00+01:00,386.0400085449219,388.95001220703125,385.1300048828125,388.1000061035156,195874600,0.0,0.0
2017-11-22 00:00:00+01:00,388.20001220703125,389.67999267578125,387.05999755859375,387.05999755859375,195743400,0.0,0.0
2017-11-23 00:00:00+01:00,386.32000732421875,387.67999267578125,384.6499938964844,387.1199951171875,158888400,0.0,0.0
2017-11-24 00:00:00+01:00,387.1700134277344,388.6499938964844,386.5199890136719,386.6300048828125,149938400,0.0,0.0
2017-11-27 00:00:00+01:00,386.1400146484375,387.760009765625,384.8699951171875,384.8699951171875,163541200,0.0,0.0
2017-11-28 00:00:00+01:00,385.05999755859375,387.29998779296875,384.739990234375,387.0199890136719,193612400,0.0,0.0
2017-11-29 00:00:00+01:00,388.8900146484375,390.70001220703125,387.9200134277344,387.9599914550781,243882800,0.0,0.0
2017-11-30 00:00:00+01:00,388.1600036621094,390.44000244140625,386.69000244140625,386.69000244140625,362903600,0.0,0.0
2017-12-01 00:00:00+01:00,386.7200012207031,387.45001220703125,383.2099914550781,383.9700012207031,202704500,0.0,0.0
2017-12-04 00:00:00+01:00,384.8900146484375,388.989990234375,384.8900146484375,387.4700012207031,192489400,0.0,0.0
2017-12-05 00:00:00+01:00,386.6099853515625,387.7200012207031,385.2300109863281,386.739990234375,202736300,0.0,0.0
2017-12-06 00:00:00+01:00,385.8800048828125,386.9599914550781,383.0,386.32000732421875,216358600,0.0,0.0
2017-12-07 00:00:00+01:00,386.1600036621094,387.75,385.6300048828125,386.4100036621094,230557800,0.0,0.0
2017-12-08 00:00:00+01:00,387.7699890136719,390.1700134277344,387.7699890136719,389.25,254148500,0.0,0.0
2017-12-11 00:00:00+01:00,389.3800048828125,390.1199951171875,388.7699890136719,389.04998779296875,216404100,0.0,0.0
2017-12-12 00:00:00+01:00,389.3500061035156,391.6300048828125,388.45001220703125,391.6300048828125,245924100,0.0,0.0
2017-12-13 00:00:00+01:00,391.55999755859375,391.55999755859375,390.70001220703125,390.70001220703125,260873400,0.0,0.0
2017-12-14 00:00:00+01:00,390.2799987792969,390.3599853515625,388.8999938964844,388.9100036621094,242942600,0.0,0.0
2017-12-15 00:00:00+01:00,388.5400085449219,388.6700134277344,387.07000732421875,388.19000244140625,342148700,0.0,0.0
2017-12-18 00:00:00+01:00,389.010009765625,393.010009765625,389.010009765625,392.6600036621094,186947000,0.0,0.0
2017-12-19 00:00:00+01:00,392.69000244140625,393.3999938964844,390.79998779296875,391.0199890136719,187030400,0.0,0.0
2017-12-20 00:00:00+01:00,391.0299987792969,391.1700134277344,387.7799987792969,388.3699951171875,179849000,0.0,0.0
2017-12-21 00:00:00+01:00,387.9599914550781,390.8399963378906,386.80999755859375,390.69000244140625,174596400,0.0,0.0
2017-12-22 00:00:00+01:00,390.6099853515625,390.8800048828125,389.6000061035156,390.2799987792969,102669700,0.0,0.0
2017-12-27 00:00:00+01:00,389.82000732421875,391.1600036621094,389.5,390.5400085449219,122973900,0.0,0.0
2017-12-28 00:00:00+01:00,390.67999267578125,390.82000732421875,389.0899963378906,389.5400085449219,102386700,0.0,0.0
2017-12-29 00:00:00+01:00,389.7099914550781,390.04998779296875,388.7799987792969,389.17999267578125,101566900,0.0,0.0
2018-01-03 00:00:00+01:00,388.739990234375,391.1000061035156,388.739990234375,390.2200012207031,173214100,0.0,0.0
2018-01-04 00:00:00+01:00,391.1099853515625,394.260009765625,391.1099853515625,393.67999267578125,211746500,0.0,0.0
2018-01-05 00:00:00+01:00,393.9800109863281,397.3500061035156,393.9800109863281,397.3500061035156,179155700,0.0,0.0
2018-01-08 00:00:00+01:00,397.9200134277344,398.9599914550781,397.7200012207031,398.4100036621094,175894800,0.0,0.0
2018-01-09 00:00:00+01:00,398.489990234375,400.30999755859375,398.489990234375,400.1099853515625,190142200,0.0,0.0
2018-01-10 00:00:00+01:00,399.760009765625,399.8800048828125,397.4700012207031,398.6000061035156,239336700,0.0,0.0
2018-01-11 00:00:00+01:00,398.8599853515625,399.1199951171875,396.55999755859375,397.25,241332200,0.0,0.0
2018-01-12 00:00:00+01:00,397.4200134277344,398.8699951171875,396.95001220703125,398.489990234375,242930700,0.0,0.0
2018-01-15 00:00:00+01:00,398.45001220703125,398.54998779296875,397.45001220703125,397.8299865722656,147833700,0.0,0.0
2018-01-16 00:00:00+01:00,398.1499938964844,399.8699951171875,397.5899963378906,398.3500061035156,199112800,0.0,0.0
2018-01-17 00:00:00+01:00,397.5199890136719,398.760009765625,396.94000244140625,397.9700012207031,210958000,0.0,0.0
2018-01-18 00:00:00+01:00,398.5,399.489990234375,397.4599914550781,398.7300109863281,202402800,0.0,0.0
2018-01-19 00:00:00+01:00,398.9100036621094,401.1499938964844,398.7799987792969,400.8800048828125,213280600,0.0,0.0
2018-01-22 00:00:00+01:00,401.0,402.1600036621094,400.55999755859375,402.1099853515625,200530400,0.0,0.0
2018-01-23 00:00:00+01:00,402.7799987792969,403.7200012207031,401.9700012207031,402.80999755859375,199681900,0.0,0.0
2018-01-24 00:00:00+01:00,402.7300109863281,403.2300109863281,400.7900085449219,400.7900085449219,193673700,0.0,0.0
2018-01-25 00:00:00+01:00,400.5199890136719,401.8699951171875,397.57000732421875,398.55999755859375,209966300,0.0,0.0
2018-01-26 00:00:00+01:00,398.6000061035156,401.05999755859375,398.5799865722656,400.57000732421875,183604200,0.0,0.0
2018-01-29 00:00:00+01:00,400.44000244140625,400.9100036621094,399.510009765625,399.79998779296875,172993000,0.0,0.0
2018-01-30 00:00:00+01:00,398.42999267578125,398.82000732421875,395.57000732421875,396.1199951171875,226456400,0.0,0.0
2018-01-31 00:00:00+01:00,396.4599914550781,397.4599914550781,395.0199890136719,395.4599914550781,237841600,0.0,0.0
2018-02-01 00:00:00+01:00,396.42999267578125,398.5,392.7099914550781,393.489990234375,243269000,0.0,0.0
2018-02-02 00:00:00+01:00,392.8999938964844,392.8999938964844,388.0,388.07000732421875,238316600,0.0,0.0
2018-02-05 00:00:00+01:00,386.8599853515625,386.8599853515625,381.6400146484375,382.0,243873900,0.0,0.0
2018-02-06 00:00:00+01:00,375.739990234375,377.5799865722656,369.7699890136719,372.7900085449219,385045700,0.0,0.0
2018-02-07 00:00:00+01:00,374.4800109863281,381.3800048828125,374.2099914550781,380.1300048828125,296526900,0.0,0.0
2018-02-08 00:00:00+01:00,380.42999267578125,380.42999267578125,373.2099914550781,374.0299987792969,281772900,0.0,0.0
2018-02-09 00:00:00+01:00,372.8900146484375,373.8999938964844,367.5,368.6099853515625,285572300,0.0,0.0
2018-02-12 00:00:00+01:00,370.010009765625,375.1199951171875,370.010009765625,372.92999267578125,209157500,0.0,0.0
2018-02-13 00:00:00+01:00,373.1000061035156,374.0,370.5799865722656,370.5799865722656,192954400,0.0,0.0
2018-02-14 00:00:00+01:00,371.3900146484375,375.17999267578125,369.45001220703125,374.5299987792969,253332500,0.0,0.0
2018-02-15 00:00:00+01:00,375.1300048828125,378.32000732421875,375.1300048828125,376.510009765625,218184100,0.0,0.0
2018-02-16 00:00:00+01:00,377.4800109863281,381.17999267578125,377.4800109863281,380.6199951171875,191128300,0.0,0.0
2018-02-19 00:00:00+01:00,381.010009765625,381.4800109863281,377.79998779296875,378.239990234375,129476700,0.0,0.0
2018-02-20 00:00:00+01:00,378.2300109863281,380.510009765625,377.54998779296875,380.510009765625,181406100,0.0,0.0
2018-02-21 00:00:00+01:00,380.1199951171875,381.30999755859375,377.57000732421875,381.1000061035156,213082500,0.0,0.0
2018-02-22 00:00:00+01:00,379.8699951171875,380.8599853515625,376.9200134277344,380.3399963378906,221796600,0.0,0.0
2018-02-23 00:00:00+01:00,381.0199890136719,381.4599914550781,379.3299865722656,381.1600036621094,193378500,0.0,0.0
2018-02-26 00:00:00+01:00,382.2300109863281,384.1300048828125,382.1400146484375,383.05999755859375,164815000,0.0,0.0
2018-02-27 00:00:00+01:00,383.2300109863281,384.1199951171875,381.239990234375,382.3599853515625,191357700,0.0,0.0
2018-02-28 00:00:00+01:00,381.9700012207031,382.239990234375,379.6300048828125,379.6300048828125,229250100,0.0,0.0
2018-03-01 00:00:00+01:00,378.6499938964844,378.7099914550781,374.239990234375,374.8599853515625,222976400,0.0,0.0
2018-03-02 00:00:00+01:00,373.2699890136719,373.2699890136719,366.57000732421875,367.0400085449219,286048200,0.0,0.0
2018-03-05 00:00:00+01:00,366.79998779296875,371.1700134277344,366.239990234375,370.8699951171875,238419100,0.0,0.0
2018-03-06 00:00:00+01:00,371.6099853515625,374.1300048828125,371.3599853515625,371.3699951171875,231039600,0.0,0.0
2018-03-07 00:00:00+01:00,370.7200012207031,373.3599853515625,369.17999267578125,372.7099914550781,227622100,0.0,0.0
2018-03-08 00:00:00+01:00,372.57000732421875,377.05999755859375,372.4200134277344,376.6199951171875,225934200,0.0,0.0
2018-03-09 00:00:00+01:00,376.4700012207031,378.8900146484375,376.1099853515625,378.239990234375,201404200,0.0,0.0
2018-03-12 00:00:00+01:00,379.1000061035156,380.1099853515625,378.1099853515625,379.20001220703125,177792100,0.0,0.0
2018-03-13 00:00:00+01:00,379.1700134277344,380.0899963378906,374.6600036621094,375.489990234375,214176700,0.0,0.0
2018-03-14 00:00:00+01:00,375.30999755859375,377.7099914550781,374.3699951171875,374.94000244140625,203255800,0.0,0.0
2018-03-15 00:00:00+01:00,375.3299865722656,377.5400085449219,374.55999755859375,376.8800048828125,221224000,0.0,0.0
2018-03-16 00:00:00+01:00,376.6700134277344,379.1000061035156,376.55999755859375,377.7099914550781,397723600,0.0,0.0
2018-03-19 00:00:00+01:00,377.3599853515625,377.3599853515625,373.1300048828125,373.67999267578125,203029200,0.0,0.0
2018-03-20 00:00:00+01:00,374.1000061035156,375.9800109863281,373.0899963378906,375.57000732421875,187288300,0.0,0.0
2018-03-21 00:00:00+01:00,375.6600036621094,375.9800109863281,373.69000244140625,374.9599914550781,199246900,0.0,0.0
2018-03-22 00:00:00+01:00,373.94000244140625,374.0899963378906,367.1199951171875,369.1499938964844,245814400,0.0,0.0
2018-03-23 00:00:00+01:00,367.8699951171875,367.9200134277344,363.04998779296875,365.82000732421875,261933400,0.0,0.0
2018-03-26 00:00:00+02:00,366.07000732421875,368.1000061035156,362.0400085449219,363.17999267578125,196408900,0.0,0.0
2018-03-27 00:00:00+02:00,364.760009765625,368.94000244140625,364.760009765625,367.57000732421875,189921700,0.0,0.0
2018-03-28 00:00:00+02:00,366.5799865722656,369.260009765625,362.739990234375,369.260009765625,217867800,0.0,0.0
2018-03-29 00:00:00+02:00,369.489990234375,372.6300048828125,369.2900085449219,370.8699951171875,211983100,0.0,0.0
2018-04-03 00:00:00+02:00,369.7099914550781,370.6600036621094,366.92999267578125,369.07000732421875,201476300,0.0,0.0
2018-04-04 00:00:00+02:00,369.30999755859375,369.7300109863281,364.3599853515625,367.3299865722656,208221800,0.0,0.0
2018-04-05 00:00:00+02:00,369.4599914550781,376.19000244140625,369.4599914550781,376.1300048828125,220047500,0.0,0.0
2018-04-06 00:00:00+02:00,374.8999938964844,376.2099914550781,373.8900146484375,374.82000732421875,203378900,0.0,0.0
2018-04-09 00:00:00+02:00,375.42999267578125,377.1099853515625,373.8800048828125,375.29998779296875,198010700,0.0,0.0
2018-04-10 00:00:00+02:00,376.5199890136719,378.4800109863281,376.5199890136719,378.4200134277344,223834600,0.0,0.0
2018-04-11 00:00:00+02:00,377.8299865722656,377.95001220703125,375.30999755859375,376.17999267578125,226392200,0.0,0.0
2018-04-12 00:00:00+02:00,376.19000244140625,379.04998779296875,375.45001220703125,378.82000732421875,195646500,0.0,0.0
2018-04-13 00:00:00+02:00,379.2099914550781,380.8299865722656,378.3800048828125,379.20001220703125,187462200,0.0,0.0
2018-04-16 00:00:00+02:00,379.17999267578125,379.55999755859375,377.04998779296875,377.739990234375,182284300,0.0,0.0
2018-04-17 00:00:00+02:00,377.9800109863281,381.5,377.95001220703125,380.7699890136719,206701100,0.0,0.0
2018-04-18 00:00:00+02:00,380.45001220703125,382.010009765625,380.29998779296875,381.8599853515625,210457800,0.0,0.0
2018-04-19 00:00:00+02:00,381.7799987792969,382.4100036621094,381.1600036621094,381.95001220703125,200988700,0.0,0.0
2018-04-20 00:00:00+02:00,380.8900146484375,382.54998779296875,380.510009765625,381.8399963378906,224787600,0.0,0.0
2018-04-23 00:00:00+02:00,381.8699951171875,383.30999755859375,380.5799865722656,383.17999267578125,217946100,0.0,0.0
2018-04-24 00:00:00+02:00,383.2300109863281,384.3399963378906,381.5199890136719,383.1099853515625,228802000,0.0,0.0
2018-04-25 00:00:00+02:00,382.2099914550781,382.2099914550781,378.1700134277344,380.1700134277344,234234000,0.0,0.0
2018-04-26 00:00:00+02:00,380.1499938964844,383.79998779296875,379.4599914550781,383.75,218036600,0.0,0.0
2018-04-27 00:00:00+02:00,384.0899963378906,384.8399963378906,383.19000244140625,384.6400146484375,0,0.0,0.0
2018-04-30 00:00:00+02:00,383.9200134277344,385.6000061035156,383.7699890136719,385.32000732421875,212711800,0.0,0.0
2018-05-02 00:00:00+02:00,385.05999755859375,387.8500061035156,385.05999755859375,387.44000244140625,233630400,0.0,0.0
2018-05-03 00:00:00+02:00,386.9700012207031,387.05999755859375,384.05999755859375,384.6199951171875,209661600,0.0,0.0
2018-05-04 00:00:00+02:00,385.010009765625,387.0299987792969,384.9100036621094,387.0299987792969,235199500,0.0,0.0
2018-05-07 00:00:00+02:00,387.0199890136719,389.5299987792969,387.0199890136719,389.510009765625,90442800,0.0,0.0
2018-05-08 00:00:00+02:00,389.3900146484375,390.0,388.1300048828125,390.0,246467600,0.0,0.0
2018-05-09 00:00:00+02:00,390.2900085449219,392.44000244140625,390.2900085449219,392.44000244140625,221045900,0.0,0.0
2018-05-11 00:00:00+02:00,391.9599914550781,392.55999755859375,391.5400085449219,392.3999938964844,195449000,0.0,0.0
2018-05-14 00:00:00+02:00,392.25,392.489990234375,390.7799987792969,392.19000244140625,184727600,0.0,0.0
2018-05-15 00:00:00+02:00,391.79998779296875,393.3900146484375,391.1400146484375,392.3699951171875,238826200,0.0,0.0
2018-05-16 00:00:00+02:00,392.760009765625,393.6099853515625,391.82000732421875,393.2099914550781,259698100,0.0,0.0
2018-05-17 00:00:00+02:00,393.05999755859375,395.7900085449219,392.92999267578125,395.7900085449219,225447900,0.0,0.0
2018-05-18 00:00:00+02:00,395.3699951171875,396.0400085449219,393.7900085449219,394.6700134277344,271700000,0.0,0.0
2018-05-22 00:00:00+02:00,396.0199890136719,397.8599853515625,395.6600036621094,396.94000244140625,221288400,0.0,0.0
2018-05-23 00:00:00+02:00,396.44000244140625,396.44000244140625,391.4200134277344,392.5799865722656,232930000,0.0,0.0
2018-05-24 00:00:00+02:00,392.6600036621094,394.1099853515625,389.510009765625,390.5400085449219,228014300,0.0,0.0
2018-05-25 00:00:00+02:00,391.20001220703125,392.9100036621094,389.7200012207031,391.0799865722656,258451700,0.0,0.0
2018-05-28 00:00:00+02:00,390.489990234375,392.239990234375,389.19000244140625,389.82000732421875,122837600,0.0,0.0
2018-05-29 00:00:00+02:00,388.82000732421875,388.82000732421875,382.8399963378906,384.4700012207031,372981000,0.0,0.0
2018-05-30 00:00:00+02:00,383.9800109863281,385.489990234375,383.2099914550781,385.489990234375,288006000,0.0,0.0
2018-05-31 00:00:00+02:00,385.4100036621094,386.70001220703125,382.1400146484375,383.05999755859375,428819300,0.0,0.0
2018-06-01 00:00:00+02:00,383.3500061035156,388.1099853515625,383.3500061035156,386.9100036621094,255755000,0.0,0.0
2018-06-04 00:00:00+02:00,387.95001220703125,389.4700012207031,387.6600036621094,388.1099853515625,204466600,0.0,0.0
2018-06-05 00:00:00+02:00,387.8599853515625,390.0199890136719,386.8900146484375,386.8900146484375,237182900,0.0,0.0
2018-06-06 00:00:00+02:00,386.95001220703125,387.92999267578125,384.6000061035156,386.8800048828125,240478300,0.0,0.0
2018-06-07 00:00:00+02:00,387.1300048828125,389.05999755859375,385.3299865722656,385.94000244140625,241763400,0.0,0.0
2018-06-08 00:00:00+02:00,385.6000061035156,386.0,382.7799987792969,385.1199951171875,205271900,0.0,0.0
2018-06-11 00:00:00+02:00,385.29998779296875,388.239990234375,385.29998779296875,387.94000244140625,221028600,0.0,0.0
2018-06-12 00:00:00+02:00,388.70001220703125,389.6400146484375,387.3299865722656,387.5299987792969,208766700,0.0,0.0
2018-06-13 00:00:00+02:00,388.0,389.1300048828125,387.0799865722656,388.25,215362600,0.0,0.0
2018-06-14 00:00:00+02:00,386.989990234375,393.8900146484375,385.5199890136719,393.0400085449219,268872800,0.0,0.0
2018-06-15 00:00:00+02:00,393.07000732421875,393.9599914550781,389.1300048828125,389.1300048828125,421497300,0.0,0.0
2018-06-18 00:00:00+02:00,388.75,388.8699951171875,384.5899963378906,385.9100036621094,185139300,0.0,0.0
2018-06-19 00:00:00+02:00,384.7099914550781,384.7099914550781,380.8299865722656,383.2099914550781,228404300,0.0,0.0
2018-06-20 00:00:00+02:00,383.9599914550781,386.54998779296875,383.9599914550781,384.2900085449219,213372100,0.0,0.0
2018-06-21 00:00:00+02:00,384.7200012207031,386.1199951171875,380.1499938964844,380.8500061035156,205930100,0.0,0.0
2018-06-22 00:00:00+02:00,381.0299987792969,385.010009765625,381.0299987792969,385.010009765625,188533000,0.0,0.0
2018-06-25 00:00:00+02:00,383.79998779296875,383.79998779296875,377.04998779296875,377.1700134277344,177039000,0.0,0.0
2018-06-26 00:00:00+02:00,377.82000732421875,378.7799987792969,376.82000732421875,377.25,222734600,0.0,0.0
2018-06-27 00:00:00+02:00,377.3599853515625,381.7699890136719,374.3800048828125,379.9700012207031,309646900,0.0,0.0
2018-06-28 00:00:00+02:00,379.0199890136719,380.239990234375,375.1099853515625,376.8699951171875,208336200,0.0,0.0
2018-06-29 00:00:00+02:00,378.3299865722656,381.69000244140625,378.3299865722656,379.92999267578125,238836100,0.0,0.0
2018-07-02 00:00:00+02:00,378.5899963378906,378.5899963378906,375.2200012207031,376.75,194615800,0.0,0.0
2018-07-03 00:00:00+02:00,377.3399963378906,380.9800109863281,377.2099914550781,379.80999755859375,222886100,0.0,0.0
2018-07-04 00:00:00+02:00,379.55999755859375,380.6000061035156,379.0,380.04998779296875,144260300,0.0,0.0
2018-07-05 00:00:00+02:00,379.7099914550781,383.4100036621094,379.7099914550781,381.5899963378906,185366800,0.0,0.0
2018-07-06 00:00:00+02:00,382.1199951171875,382.9100036621094,380.30999755859375,382.3599853515625,0,0.0,0.0
2018-07-09 00:00:00+02:00,383.45001220703125,385.1499938964844,383.45001220703125,384.5899963378906,164196600,0.0,0.0
2018-07-10 00:00:00+02:00,385.1700134277344,386.8699951171875,384.6600036621094,386.25,179714200,0.0,0.0
2018-07-11 00:00:00+02:00,384.55999755859375,384.55999755859375,381.0799865722656,381.3999938964844,190817800,0.0,0.0
2018-07-12 00:00:00+02:00,382.0799865722656,384.4700012207031,381.2900085449219,384.3699951171875,181611200,0.0,0.0
2018-07-13 00:00:00+02:00,384.9200134277344,386.5299987792969,384.6700134277344,385.0299987792969,0,0.0,0.0
2018-07-16 00:00:00+02:00,385.2099914550781,385.9800109863281,383.32000732421875,384.04998779296875,150853900,0.0,0.0
2018-07-17 00:00:00+02:00,384.0299987792969,385.4599914550781,382.739990234375,384.9800109863281,184450000,0.0,0.0
2018-07-18 00:00:00+02:00,385.6000061035156,387.55999755859375,385.6000061035156,387.05999755859375,178108200,0.0,0.0
2018-07-19 00:00:00+02:00,387.0299987792969,387.5199890136719,385.6400146484375,386.17999267578125,182629800,0.0,0.0
2018-07-20 00:00:00+02:00,385.6300048828125,386.8399963378906,382.9100036621094,385.6199951171875,201307200,0.0,0.0
2018-07-23 00:00:00+02:00,385.54998779296875,385.69000244140625,383.5899963378906,384.8800048828125,151097800,0.0,0.0
2018-07-24 00:00:00+02:00,385.70001220703125,389.30999755859375,385.70001220703125,388.17999267578125,203110200,0.0,0.0
2018-07-25 00:00:00+02:00,388.4200134277344,388.69000244140625,386.6000061035156,387.1700134277344,186766200,0.0,0.0
2018-07-26 00:00:00+02:00,387.6499938964844,390.6300048828125,387.6499938964844,390.5299987792969,186401100,0.0,0.0
2018-07-27 00:00:00+02:00,390.3399963378906,392.20001220703125,390.3399963378906,392.0799865722656,204004600,0.0,0.0
2018-07-30 00:00:00+02:00,391.1700134277344,391.7200012207031,390.3900146484375,390.9200134277344,165734200,0.0,0.0
2018-07-31 00:00:00+02:00,390.760009765625,392.69000244140625,390.3699951171875,391.6099853515625,228526400,0.0,0.0
2018-08-02 00:00:00+02:00,389.4599914550781,389.4599914550781,385.92999267578125,386.6400146484375,246471500,0.0,0.0
2018-08-03 00:00:00+02:00,387.3299865722656,389.6300048828125,387.0899963378906,389.1600036621094,173871300,0.0,0.0
2018-08-06 00:00:00+02:00,389.44000244140625,390.30999755859375,387.5899963378906,388.6600036621094,175738400,0.0,0.0
2018-08-07 00:00:00+02:00,388.8500061035156,391.4700012207031,388.8500061035156,390.489990234375,165096600,0.0,0.0
2018-08-08 00:00:00+02:00,389.7300109863281,390.6600036621094,388.8800048828125,389.69000244140625,156946400,0.0,0.0
2018-08-09 00:00:00+02:00,389.010009765625,390.1000061035156,388.07000732421875,390.04998779296875,145276800,0.0,0.0
2018-08-10 00:00:00+02:00,389.9100036621094,389.9100036621094,384.9700012207031,385.8599853515625,0,0.0,0.0
2018-08-13 00:00:00+02:00,385.6199951171875,385.7200012207031,383.6499938964844,384.9100036621094,163845000,0.0,0.0
2018-08-14 00:00:00+02:00,385.510009765625,387.2200012207031,384.010009765625,384.9200134277344,178708100,0.0,0.0
2018-08-15 00:00:00+02:00,385.17999267578125,385.8699951171875,378.7300109863281,379.70001220703125,206087600,0.0,0.0
2018-08-16 00:00:00+02:00,380.29998779296875,381.75,379.8500061035156,381.42999267578125,188229800,0.0,0.0
2018-08-17 00:00:00+02:00,381.44000244140625,382.0899963378906,379.0899963378906,381.05999755859375,166943800,0.0,0.0
2018-08-20 00:00:00+02:00,381.3299865722656,384.04998779296875,381.3299865722656,383.2300109863281,137083500,0.0,0.0
2018-08-21 00:00:00+02:00,382.7099914550781,385.2699890136719,382.3599853515625,384.1499938964844,144744800,0.0,0.0
2018-08-22 00:00:00+02:00,383.6600036621094,385.0,383.2699890136719,384.0199890136719,155519500,0.0,0.0
2018-08-23 00:00:00+02:00,384.1600036621094,385.30999755859375,383.32000732421875,383.3800048828125,142908400,0.0,0.0
2018-08-24 00:00:00+02:00,383.3699951171875,384.79998779296875,382.9599914550781,383.55999755859375,130058200,0.0,0.0
2018-08-27 00:00:00+02:00,384.07000732421875,385.8299865722656,384.07000732421875,385.57000732421875,57123300,0.0,0.0
2018-08-28 00:00:00+02:00,386.0,386.79998779296875,385.3999938964844,385.4599914550781,156738200,0.0,0.0
2018-08-29 00:00:00+02:00,385.8900146484375,386.75,384.6600036621094,386.5799865722656,163970800,0.0,0.0
2018-08-30 00:00:00+02:00,386.5199890136719,386.5199890136719,383.8999938964844,385.3599853515625,172187500,0.0,0.0
2018-08-31 00:00:00+02:00,385.05999755859375,385.05999755859375,382.0199890136719,382.260009765625,220640500,0.0,0.0
2018-09-03 00:00:00+02:00,381.9200134277344,382.760009765625,381.6000061035156,382.510009765625,123130600,0.0,0.0
2018-09-04 00:00:00+02:00,383.17999267578125,384.0199890136719,378.5899963378906,379.8299865722656,215320800,0.0,0.0
2018-09-05 00:00:00+02:00,379.07000732421875,379.07000732421875,375.45001220703125,375.67999267578125,241104700,0.0,0.0
2018-09-06 00:00:00+02:00,375.19000244140625,376.3599853515625,373.45001220703125,373.4700012207031,193841700,0.0,0.0
2018-09-07 00:00:00+02:00,373.5899963378906,374.0899963378906,371.8900146484375,373.7699890136719,218264400,0.0,0.0
2018-09-10 00:00:00+02:00,374.0400085449219,376.4599914550781,373.6600036621094,375.510009765625,192490700,0.0,0.0
2018-09-11 00:00:00+02:00,375.55999755859375,375.989990234375,373.489990234375,375.30999755859375,0,0.0,0.0
2018-09-12 00:00:00+02:00,375.6700134277344,377.44000244140625,375.54998779296875,377.0799865722656,186724000,0.0,0.0
2018-09-13 00:00:00+02:00,377.1499938964844,378.6099853515625,376.3900146484375,376.5199890136719,174092800,0.0,0.0
2018-09-14 00:00:00+02:00,377.010009765625,378.239990234375,376.739990234375,377.8500061035156,151654000,0.0,0.0
2018-09-17 00:00:00+02:00,377.8999938964844,378.69000244140625,376.92999267578125,378.30999755859375,170185400,0.0,0.0
2018-09-18 00:00:00+02:00,378.17999267578125,379.5299987792969,377.04998779296875,378.7300109863281,189217900,0.0,0.0
2018-09-19 00:00:00+02:00,378.9599914550781,380.5199890136719,378.55999755859375,379.9800109863281,212253800,0.0,0.0
2018-09-20 00:00:00+02:00,379.8999938964844,382.8599853515625,379.8399963378906,382.6300048828125,236668700,0.0,0.0
2018-09-21 00:00:00+02:00,382.7300109863281,385.20001220703125,382.7300109863281,384.2900085449219,423531200,0.0,0.0
2018-09-24 00:00:00+02:00,383.92999267578125,384.07000732421875,381.7900085449219,382.1400146484375,0,0.0,0.0
2018-09-25 00:00:00+02:00,382.2300109863281,384.3299865722656,382.2300109863281,383.8900146484375,190885100,0.0,0.0
2018-09-26 00:00:00+02:00,384.3299865722656,385.07000732421875,383.32000732421875,385.0400085449219,177686200,0.0,0.0
2018-09-27 00:00:00+02:00,384.7099914550781,386.6199951171875,382.7099914550781,386.3800048828125,185403800,0.0,0.0
2018-09-28 00:00:00+02:00,385.9700012207031,385.9700012207031,381.82000732421875,383.17999267578125,274247800,0.0,0.0
2018-10-01 00:00:00+02:00,383.17999267578125,384.8299865722656,382.739990234375,383.94000244140625,210820100,0.0,0.0
2018-10-02 00:00:00+02:00,383.2900085449219,383.2900085449219,380.70001220703125,381.94000244140625,226311800,0.0,0.0
2018-10-03 00:00:00+02:00,382.1600036621094,384.760009765625,382.1600036621094,383.8399963378906,203839300,0.0,0.0
2018-10-04 00:00:00+02:00,383.6099853515625,383.6099853515625,379.1499938964844,379.67999267578125,218593500,0.0,0.0
2018-10-05 00:00:00+02:00,379.8299865722656,379.8299865722656,376.2799987792969,376.4100036621094,196855200,0.0,0.0
2018-10-08 00:00:00+02:00,376.0899963378906,376.0899963378906,371.9700012207031,372.2099914550781,190827700,0.0,0.0
2018-10-09 00:00:00+02:00,372.5799865722656,373.4200134277344,369.239990234375,372.92999267578125,220542400,0.0,0.0
2018-10-10 00:00:00+02:00,373.3599853515625,373.3599853515625,366.92999267578125,366.92999267578125,0,0.0,0.0
2018-10-11 00:00:00+02:00,364.3999938964844,364.3999938964844,359.1700134277344,359.6499938964844,302631200,0.0,0.0
2018-10-12 00:00:00+02:00,360.80999755859375,363.07000732421875,358.95001220703125,358.95001220703125,225548300,0.0,0.0
2018-10-15 00:00:00+02:00,358.7200012207031,359.6700134277344,356.3399963378906,359.30999755859375,174396300,0.0,0.0
2018-10-16 00:00:00+02:00,359.739990234375,365.05999755859375,359.29998779296875,364.989990234375,207874700,0.0,0.0
2018-10-17 00:00:00+02:00,365.5400085449219,367.3699951171875,362.1600036621094,363.5400085449219,190427400,0.0,0.0
2018-10-18 00:00:00+02:00,363.4800109863281,365.6099853515625,361.57000732421875,361.6700134277344,216046600,0.0,0.0
2018-10-19 00:00:00+02:00,361.70001220703125,362.75,359.0,361.239990234375,266262700,0.0,0.0
2018-10-22 00:00:00+02:00,361.7799987792969,363.8299865722656,359.4100036621094,359.739990234375,201180700,0.0,0.0
2018-10-23 00:00:00+02:00,358.44000244140625,358.44000244140625,353.25,354.05999755859375,251235100,0.0,0.0
2018-10-24 00:00:00+02:00,354.4700012207031,358.5299987792969,353.19000244140625,353.2699890136719,218015500,0.0,0.0
2018-10-25 00:00:00+02:00,351.94000244140625,355.1099853515625,349.5799865722656,355.07000732421875,0,0.0,0.0
2018-10-26 00:00:00+02:00,354.54998779296875,354.54998779296875,348.44000244140625,352.3399963378906,238156500,0.0,0.0
2018-10-29 00:00:00+01:00,352.6499938964844,358.6000061035156,352.6499938964844,355.510009765625,206780300,0.0,0.0
2018-10-30 00:00:00+01:00,355.7699890136719,356.8900146484375,352.7799987792969,355.5299987792969,206014400,0.0,0.0
2018-10-31 00:00:00+01:00,357.2900085449219,362.739990234375,357.2900085449219,361.6099853515625,264283300,0.0,0.0
2018-11-01 00:00:00+01:00,361.7300109863281,364.70001220703125,361.1099853515625,363.0799865722656,232910500,0.0,0.0
2018-11-02 00:00:00+01:00,364.9800109863281,367.6300048828125,363.8500061035156,364.0799865722656,206249200,0.0,0.0
2018-11-05 00:00:00+01:00,364.260009765625,365.2300109863281,363.2900085449219,363.5,152334900,0.0,0.0
2018-11-06 00:00:00+01:00,364.0199890136719,364.44000244140625,361.42999267578125,362.54998779296875,0,0.0,0.0
2018-11-07 00:00:00+01:00,363.29998779296875,367.1199951171875,363.29998779296875,366.3900146484375,195098300,0.0,0.0
2018-11-08 00:00:00+01:00,367.3399963378906,369.1199951171875,366.55999755859375,367.0799865722656,192534900,0.0,0.0
2018-11-09 00:00:00+01:00,366.3800048828125,366.3800048828125,363.8500061035156,365.739990234375,204679800,0.0,0.0
2018-11-12 00:00:00+01:00,366.3800048828125,367.79998779296875,362.0199890136719,362.0299987792969,187956200,0.0,0.0
2018-11-13 00:00:00+01:00,362.7300109863281,365.260009765625,361.7200012207031,364.44000244140625,227146800,0.0,0.0
2018-11-14 00:00:00+01:00,363.3800048828125,365.45001220703125,359.9200134277344,362.2699890136719,218783800,0.0,0.0
2018-11-15 00:00:00+01:00,362.29998779296875,364.010009765625,356.0,358.42999267578125,252097600,0.0,0.0
2018-11-16 00:00:00+01:00,358.8999938964844,361.3999938964844,355.6300048828125,357.7099914550781,235607800,0.0,0.0
2018-11-19 00:00:00+01:00,358.239990234375,360.2699890136719,355.010009765625,355.1099853515625,190873700,0.0,0.0
2018-11-20 00:00:00+01:00,354.29998779296875,354.29998779296875,349.2900085449219,351.05999755859375,232015100,0.0,0.0
2018-11-21 00:00:00+01:00,351.8599853515625,355.2699890136719,351.8500061035156,355.07000732421875,213352300,0.0,0.0
2018-11-22 00:00:00+01:00,354.57000732421875,354.57000732421875,351.6700134277344,352.57000732421875,172230500,0.0,0.0
2018-11-23 00:00:00+01:00,352.4599914550781,354.20001220703125,351.3599853515625,353.9800109863281,158132100,0.0,0.0
2018-11-26 00:00:00+01:00,355.0199890136719,358.79998779296875,355.0199890136719,358.3299865722656,216349500,0.0,0.0
2018-11-27 00:00:00+01:00,358.1199951171875,358.8500061035156,355.6199951171875,357.3999938964844,205964600,0.0,0.0
2018-11-28 00:00:00+01:00,358.010009765625,359.20001220703125,357.1000061035156,357.3900146484375,202303700,0.0,0.0
2018-11-29 00:00:00+01:00,358.1000061035156,360.05999755859375,357.0799865722656,358.1000061035156,193676500,0.0,0.0
2018-11-30 00:00:00+01:00,358.2099914550781,358.3900146484375,356.010009765625,357.489990234375,279656100,0.0,0.0
2018-12-03 00:00:00+01:00,359.55999755859375,364.8900146484375,359.55999755859375,361.17999267578125,219781200,0.0,0.0
2018-12-04 00:00:00+01:00,360.7200012207031,360.9800109863281,358.3599853515625,358.42999267578125,196708300,0.0,0.0
2018-12-05 00:00:00+01:00,357.3900146484375,357.3900146484375,354.0,354.2699890136719,182040800,0.0,0.0
2018-12-06 00:00:00+01:00,352.5899963378906,352.5899963378906,342.3699951171875,343.30999755859375,266617400,0.0,0.0
2018-12-07 00:00:00+01:00,344.2900085449219,349.20001220703125,344.2900085449219,345.45001220703125,206344300,0.0,0.0
2018-12-10 00:00:00+01:00,344.1499938964844,344.1499938964844,338.7900085449219,338.989990234375,210027400,0.0,0.0
2018-12-11 00:00:00+01:00,340.6600036621094,346.82000732421875,340.6600036621094,344.17999267578125,212836500,0.0,0.0
2018-12-12 00:00:00+01:00,344.45001220703125,350.8500061035156,344.45001220703125,350.0,247930400,0.0,0.0
2018-12-13 00:00:00+01:00,350.1300048828125,351.30999755859375,348.7200012207031,349.4200134277344,208526000,0.0,0.0
2018-12-14 00:00:00+01:00,348.20001220703125,348.260009765625,344.54998779296875,347.2099914550781,181882900,0.0,0.0
2018-12-17 00:00:00+01:00,346.739990234375,346.739990234375,342.4599914550781,343.260009765625,190246000,0.0,0.0
2018-12-18 00:00:00+01:00,342.6600036621094,343.0799865722656,340.4599914550781,340.4599914550781,225167400,0.0,0.0
2018-12-19 00:00:00+01:00,340.4200134277344,342.489990234375,340.4200134277344,341.5199890136719,212682700,0.0,0.0
2018-12-20 00:00:00+01:00,339.45001220703125,339.45001220703125,335.4100036621094,336.5799865722656,249277600,0.0,0.0
2018-12-21 00:00:00+01:00,336.1499938964844,337.04998779296875,333.1499938964844,336.6700134277344,397335700,0.0,0.0
2018-12-27 00:00:00+01:00,336.2300109863281,337.04998779296875,327.3399963378906,329.5799865722656,191239400,0.0,0.0
2018-12-28 00:00:00+01:00,330.57000732421875,336.9200134277344,330.57000732421875,336.2300109863281,152229200,0.0,0.0
2019-01-03 00:00:00+01:00,335.6400146484375,336.7799987792969,333.510009765625,333.9200134277344,179435900,0.0,0.0
2019-01-04 00:00:00+01:00,335.4700012207031,343.8999938964844,335.4700012207031,343.3800048828125,187893200,0.0,0.0
2019-01-07 00:00:00+01:00,344.0299987792969,344.75,341.3800048828125,342.8800048828125,174999300,0.0,0.0
2019-01-08 00:00:00+01:00,342.989990234375,348.05999755859375,342.989990234375,345.8500061035156,185633800,0.0,0.0
2019-01-09 00:00:00+01:00,346.8699951171875,349.80999755859375,346.7900085449219,347.70001220703125,207981400,0.0,0.0
2019-01-10 00:00:00+01:00,347.07000732421875,348.9200134277344,344.8399963378906,348.8800048828125,168325000,0.0,0.0
2019-01-11 00:00:00+01:00,349.0299987792969,350.17999267578125,347.739990234375,349.20001220703125,174461600,0.0,0.0
2019-01-14 00:00:00+01:00,348.2699890136719,348.2699890136719,345.8599853515625,347.510009765625,163204500,0.0,0.0
2019-01-15 00:00:00+01:00,348.260009765625,350.6000061035156,347.1099853515625,348.7099914550781,183600000,0.0,0.0
2019-01-16 00:00:00+01:00,349.9200134277344,350.92999267578125,348.82000732421875,350.5899963378906,200106700,0.0,0.0
2019-01-17 00:00:00+01:00,349.7099914550781,351.07000732421875,348.2900085449219,350.7300109863281,162532800,0.0,0.0
2019-01-18 00:00:00+01:00,351.9800109863281,357.2900085449219,351.9800109863281,357.04998779296875,252804300,0.0,0.0
2019-01-21 00:00:00+01:00,356.3900146484375,356.42999267578125,355.5799865722656,356.3599853515625,134780100,0.0,0.0
2019-01-22 00:00:00+01:00,355.489990234375,356.510009765625,353.739990234375,355.0899963378906,189881000,0.0,0.0
2019-01-23 00:00:00+01:00,354.489990234375,356.8599853515625,352.9700012207031,354.8900146484375,0,0.0,0.0
2019-01-24 00:00:00+01:00,355.05999755859375,356.6400146484375,353.8299865722656,355.6700134277344,191854000,0.0,0.0
2019-01-25 00:00:00+01:00,357.2799987792969,358.760009765625,357.2799987792969,357.8399963378906,196811100,0.0,0.0
2019-01-28 00:00:00+01:00,357.010009765625,357.260009765625,354.0299987792969,354.3800048828125,172653600,0.0,0.0
2019-01-29 00:00:00+01:00,354.45001220703125,358.70001220703125,354.19000244140625,357.2300109863281,177719900,0.0,0.0
2019-01-30 00:00:00+01:00,356.7200012207031,359.0299987792969,356.6400146484375,358.510009765625,183219500,0.0,0.0
2019-01-31 00:00:00+01:00,358.67999267578125,360.510009765625,356.25,358.6700134277344,288681500,0.0,0.0
2019-02-01 00:00:00+01:00,359.0199890136719,360.0299987792969,357.30999755859375,359.7099914550781,213254100,0.0,0.0
2019-02-04 00:00:00+01:00,359.79998779296875,360.20001220703125,358.2799987792969,359.9200134277344,181954000,0.0,0.0
2019-02-05 00:00:00+01:00,359.94000244140625,364.989990234375,359.94000244140625,364.989990234375,202196400,0.0,0.0
2019-02-06 00:00:00+01:00,364.8599853515625,365.9100036621094,364.1400146484375,365.5199890136719,182689000,0.0,0.0
2019-02-07 00:00:00+01:00,364.7300109863281,365.25,360.0799865722656,360.0799865722656,215112400,0.0,0.0
2019-02-08 00:00:00+01:00,359.75,360.7699890136719,357.3699951171875,358.07000732421875,182473700,0.0,0.0
2019-02-11 00:00:00+01:00,358.8699951171875,361.8299865722656,358.8699951171875,361.1199951171875,164740000,0.0,0.0
2019-02-12 00:00:00+01:00,362.07000732421875,363.67999267578125,362.07000732421875,362.7799987792969,162288600,0.0,0.0
2019-02-13 00:00:00+01:00,363.239990234375,365.82000732421875,363.239990234375,364.9700012207031,173423100,0.0,0.0
2019-02-14 00:00:00+01:00,365.4200134277344,367.05999755859375,363.4800109863281,363.79998779296875,180357400,0.0,0.0
2019-02-15 00:00:00+01:00,363.8299865722656,369.2699890136719,363.239990234375,368.94000244140625,238297000,0.0,0.0
2019-02-18 00:00:00+01:00,368.8999938964844,370.1400146484375,368.6600036621094,369.7799987792969,144049900,0.0,0.0
2019-02-19 00:00:00+01:00,369.3999938964844,370.0199890136719,367.3599853515625,368.9700012207031,169069200,0.0,0.0
2019-02-20 00:00:00+01:00,369.3800048828125,371.70001220703125,369.260009765625,371.4599914550781,204932200,0.0,0.0
2019-02-21 00:00:00+01:00,371.1199951171875,371.7200012207031,369.4800109863281,370.4100036621094,207970100,0.0,0.0
2019-02-22 00:00:00+01:00,370.2699890136719,371.8999938964844,369.8699951171875,371.2300109863281,179928000,0.0,0.0
2019-02-25 00:00:00+01:00,371.8999938964844,373.17999267578125,371.55999755859375,372.17999267578125,177169100,0.0,0.0
2019-02-26 00:00:00+01:00,372.0400085449219,374.1099853515625,370.2799987792969,373.6400146484375,193945200,0.0,0.0
2019-02-27 00:00:00+01:00,372.9599914550781,373.05999755859375,371.25,372.5799865722656,217440600,0.0,0.0
2019-02-28 00:00:00+01:00,371.19000244140625,373.19000244140625,370.4700012207031,372.79998779296875,253194400,0.0,0.0
2019-03-01 00:00:00+01:00,373.4800109863281,375.6700134277344,373.4800109863281,374.239990234375,195326400,0.0,0.0
2019-03-04 00:00:00+01:00,375.0400085449219,376.32000732421875,375.0400085449219,375.0899963378906,166645400,0.0,0.0
2019-03-05 00:00:00+01:00,374.8999938964844,376.1199951171875,373.7200012207031,375.6400146484375,199250700,0.0,0.0
2019-03-06 00:00:00+01:00,375.5799865722656,376.8500061035156,374.9800109863281,375.4800109863281,206853400,0.0,0.0
2019-03-07 00:00:00+01:00,374.95001220703125,376.3399963378906,372.3699951171875,373.8800048828125,238054200,0.0,0.0
2019-03-08 00:00:00+01:00,372.6000061035156,372.6000061035156,369.75,370.57000732421875,198044700,0.0,0.0
2019-03-11 00:00:00+01:00,370.989990234375,373.6300048828125,370.8800048828125,373.4700012207031,171836200,0.0,0.0
2019-03-12 00:00:00+01:00,374.6499938964844,375.20001220703125,372.3699951171875,373.25,202680200,0.0,0.0
2019-03-13 00:00:00+01:00,373.0299987792969,375.6099853515625,372.79998779296875,375.6000061035156,189707000,0.0,0.0
2019-03-14 00:00:00+01:00,375.80999755859375,379.07000732421875,375.80999755859375,378.5199890136719,203795300,0.0,0.0
2019-03-15 00:00:00+01:00,378.2200012207031,381.4700012207031,378.2200012207031,381.1000061035156,381955700,0.0,0.0
2019-03-18 00:00:00+01:00,381.2200012207031,382.19000244140625,381.2200012207031,382.1099853515625,185298000,0.0,0.0
2019-03-19 00:00:00+01:00,382.4100036621094,385.3299865722656,382.30999755859375,384.2900085449219,174806000,0.0,0.0
2019-03-20 00:00:00+01:00,383.6700134277344,383.70001220703125,380.8399963378906,380.8399963378906,193386900,0.0,0.0
2019-03-21 00:00:00+01:00,380.2699890136719,381.2900085449219,378.4800109863281,380.69000244140625,181440300,0.0,0.0
2019-03-22 00:00:00+01:00,381.0899963378906,381.82000732421875,375.6099853515625,376.0299987792969,224104500,0.0,0.0
2019-03-25 00:00:00+01:00,374.82000732421875,375.4700012207031,372.9599914550781,374.3299865722656,170468200,0.0,0.0
2019-03-26 00:00:00+01:00,374.8399963378906,377.8699951171875,374.1099853515625,377.20001220703125,170220800,0.0,0.0
2019-03-27 00:00:00+01:00,377.5,379.5899963378906,375.69000244140625,377.2799987792969,213129800,0.0,0.0
2019-03-28 00:00:00+01:00,377.1199951171875,378.80999755859375,376.6400146484375,376.8399963378906,167889000,0.0,0.0
2019-03-29 00:00:00+01:00,376.7300109863281,379.54998779296875,376.7300109863281,379.0899963378906,237631800,0.0,0.0
2019-04-01 00:00:00+02:00,379.7200012207031,383.7900085449219,379.7200012207031,383.6700134277344,199699500,0.0,0.0
2019-04-02 00:00:00+02:00,383.19000244140625,385.67999267578125,383.19000244140625,385.0299987792969,184963100,0.0,0.0
2019-04-03 00:00:00+02:00,386.0799865722656,388.9200134277344,386.0799865722656,388.9200134277344,223164300,0.0,0.0
2019-04-04 00:00:00+02:00,388.4800109863281,388.6499938964844,387.17999267578125,387.8699951171875,175526300,0.0,0.0
2019-04-05 00:00:00+02:00,387.80999755859375,388.94000244140625,387.5400085449219,388.2300109863281,172839600,0.0,0.0
2019-04-08 00:00:00+02:00,388.4599914550781,388.5,386.8399963378906,387.510009765625,150003700,0.0,0.0
2019-04-09 00:00:00+02:00,387.6199951171875,389.1099853515625,385.3599853515625,385.67999267578125,175574100,0.0,0.0
2019-04-10 00:00:00+02:00,385.80999755859375,387.1300048828125,385.70001220703125,386.67999267578125,165949300,0.0,0.0
2019-04-11 00:00:00+02:00,386.3299865722656,387.7799987792969,384.9200134277344,386.9100036621094,182103000,0.0,0.0
2019-04-12 00:00:00+02:00,386.29998779296875,387.7099914550781,385.80999755859375,387.5299987792969,212761400,0.0,0.0
2019-04-15 00:00:00+02:00,387.1099853515625,388.5899963378906,387.1099853515625,388.1000061035156,160715300,0.0,0.0
2019-04-16 00:00:00+02:00,387.989990234375,389.6300048828125,387.989990234375,389.2099914550781,175464800,0.0,0.0
2019-04-17 00:00:00+02:00,389.1400146484375,390.3399963378906,388.25,389.5899963378906,197728100,0.0,0.0
2019-04-18 00:00:00+02:00,389.3599853515625,391.07000732421875,388.1600036621094,390.4599914550781,174311500,0.0,0.0
2019-04-23 00:00:00+02:00,389.8399963378906,391.54998779296875,389.2900085449219,391.3500061035156,195188300,0.0,0.0
2019-04-24 00:00:00+02:00,391.0899963378906,392.2200012207031,390.32000732421875,390.9800109863281,197393000,0.0,0.0
2019-04-25 00:00:00+02:00,390.760009765625,390.8699951171875,388.8500061035156,390.1499938964844,177399800,0.0,0.0
2019-04-26 00:00:00+02:00,390.19000244140625,391.0899963378906,389.239990234375,391.010009765625,193417200,0.0,0.0
2019-04-29 00:00:00+02:00,390.8599853515625,392.04998779296875,389.6300048828125,391.32000732421875,147488700,0.0,0.0
2019-04-30 00:00:00+02:00,390.8599853515625,391.3500061035156,389.92999267578125,391.3500061035156,194267900,0.0,0.0
2019-05-02 00:00:00+02:00,390.44000244140625,390.6300048828125,388.70001220703125,388.8399963378906,189679400,0.0,0.0
2019-05-03 00:00:00+02:00,389.1400146484375,391.0899963378906,388.8299865722656,390.3699951171875,146894500,0.0,0.0
2019-05-06 00:00:00+02:00,389.05999755859375,389.05999755859375,384.1700134277344,386.95001220703125,93836900,0.0,0.0
2019-05-07 00:00:00+02:00,386.9100036621094,387.8500061035156,381.1000061035156,381.6400146484375,226427100,0.0,0.0
2019-05-08 00:00:00+02:00,381.3800048828125,382.70001220703125,379.8900146484375,382.2300109863281,208520600,0.0,0.0
2019-05-09 00:00:00+02:00,381.2200012207031,381.2200012207031,375.4800109863281,375.9200134277344,219006800,0.0,0.0
2019-05-10 00:00:00+02:00,376.6499938964844,379.5899963378906,376.29998779296875,377.1400146484375,183036500,0.0,0.0
2019-05-13 00:00:00+02:00,377.25,377.30999755859375,371.760009765625,372.57000732421875,201569200,0.0,0.0
2019-05-14 00:00:00+02:00,372.6700134277344,376.3399963378906,372.6700134277344,376.3399963378906,193138100,0.0,0.0
2019-05-15 00:00:00+02:00,376.3999938964844,378.05999755859375,373.79998779296875,378.05999755859375,225333200,0.0,0.0
2019-05-16 00:00:00+02:00,377.4700012207031,382.8800048828125,376.3599853515625,382.8800048828125,198989900,0.0,0.0
2019-05-17 00:00:00+02:00,382.3500061035156,382.3500061035156,379.2799987792969,381.510009765625,200207000,0.0,0.0
2019-05-20 00:00:00+02:00,381.1199951171875,381.8900146484375,375.95001220703125,377.4599914550781,202916500,0.0,0.0
2019-05-21 00:00:00+02:00,377.42999267578125,380.25,377.42999267578125,379.5,195792200,0.0,0.0
2019-05-22 00:00:00+02:00,378.9200134277344,380.3599853515625,376.9100036621094,379.19000244140625,197173500,0.0,0.0
2019-05-23 00:00:00+02:00,378.3900146484375,378.3900146484375,373.30999755859375,373.7900085449219,212833500,0.0,0.0
2019-05-24 00:00:00+02:00,373.8999938964844,377.1199951171875,373.8999938964844,375.8900146484375,177635500,0.0,0.0
2019-05-27 00:00:00+02:00,376.3699951171875,378.5400085449219,376.3599853515625,376.7099914550781,64122400,0.0,0.0
2019-05-28 00:00:00+02:00,376.9800109863281,377.6099853515625,374.7799987792969,375.8999938964844,327583700,0.0,0.0
2019-05-29 00:00:00+02:00,375.2699890136719,388.9599914550781,369.9100036621094,370.510009765625,181319300,0.0,0.0
2019-05-31 00:00:00+02:00,371.510009765625,371.510009765625,366.6400146484375,369.05999755859375,224341700,0.0,0.0
2019-06-03 00:00:00+02:00,368.7900085449219,370.489990234375,365.7699890136719,370.489990234375,187431800,0.0,0.0
2019-06-04 00:00:00+02:00,369.8900146484375,373.3500061035156,367.80999755859375,372.6700134277344,220931900,0.0,0.0
2019-06-05 00:00:00+02:00,372.760009765625,374.8999938964844,372.5400085449219,374.0799865722656,195205300,0.0,0.0
2019-06-06 00:00:00+02:00,374.04998779296875,376.75,373.1499938964844,374.010009765625,190999000,0.0,0.0
2019-06-07 00:00:00+02:00,374.25,378.3900146484375,374.25,377.4800109863281,169772300,0.0,0.0
2019-06-11 00:00:00+02:00,378.5400085449219,382.07000732421875,378.5400085449219,380.8900146484375,184205700,0.0,0.0
2019-06-12 00:00:00+02:00,379.8599853515625,380.19000244140625,378.3399963378906,379.739990234375,182879500,0.0,0.0
2019-06-13 00:00:00+02:00,379.3599853515625,381.3999938964844,378.7099914550781,380.3299865722656,158462500,0.0,0.0
2019-06-14 00:00:00+02:00,379.989990234375,379.989990234375,377.4100036621094,378.80999755859375,151846200,0.0,0.0
2019-06-17 00:00:00+02:00,378.8299865722656,379.69000244140625,377.75,378.4599914550781,139021100,0.0,0.0
2019-06-18 00:00:00+02:00,378.2200012207031,385.42999267578125,376.7300109863281,384.7799987792969,232721700,0.0,0.0
2019-06-19 00:00:00+02:00,384.8299865722656,385.0299987792969,383.5400085449219,384.7699890136719,214462400,0.0,0.0
2019-06-20 00:00:00+02:00,385.3999938964844,387.8699951171875,385.3999938964844,386.1600036621094,224556200,0.0,0.0
2019-06-21 00:00:00+02:00,386.1600036621094,387.07000732421875,384.0799865722656,384.760009765625,390221200,0.0,0.0
2019-06-24 00:00:00+02:00,384.6099853515625,385.8800048828125,383.3800048828125,383.7900085449219,166616300,0.0,0.0
2019-06-25 00:00:00+02:00,383.7300109863281,383.8299865722656,382.3900146484375,383.3999938964844,163190500,0.0,0.0
2019-06-26 00:00:00+02:00,382.9700012207031,384.29998779296875,381.8999938964844,382.20001220703125,173240100,0.0,0.0
2019-06-27 00:00:00+02:00,382.1199951171875,383.55999755859375,380.7200012207031,382.2099914550781,173572600,0.0,0.0
2019-06-28 00:00:00+02:00,382.1400146484375,385.1000061035156,382.1199951171875,384.8699951171875,188861900,0.0,0.0
2019-07-01 00:00:00+02:00,385.3399963378906,389.9800109863281,385.3399963378906,387.8699951171875,178476100,0.0,0.0
2019-07-02 00:00:00+02:00,388.3500061035156,389.69000244140625,387.8800048828125,389.2900085449219,159594900,0.0,0.0
2019-07-03 00:00:00+02:00,389.3599853515625,392.6700134277344,389.3599853515625,392.5799865722656,194983900,0.0,0.0
2019-07-04 00:00:00+02:00,392.6499938964844,393.3999938964844,392.42999267578125,392.94000244140625,153293800,0.0,0.0
2019-07-05 00:00:00+02:00,392.8999938964844,392.9100036621094,389.0899963378906,390.1099853515625,164808400,0.0,0.0
2019-07-08 00:00:00+02:00,390.010009765625,390.8999938964844,389.05999755859375,389.8999938964844,152065000,0.0,0.0
2019-07-09 00:00:00+02:00,389.2699890136719,389.2699890136719,386.4700012207031,387.9200134277344,161241600,0.0,0.0
2019-07-10 00:00:00+02:00,387.69000244140625,389.3699951171875,386.7900085449219,387.1499938964844,162182100,0.0,0.0
2019-07-11 00:00:00+02:00,387.8500061035156,388.6400146484375,386.2699890136719,386.70001220703125,154199900,0.0,0.0
2019-07-12 00:00:00+02:00,386.7200012207031,387.7300109863281,386.3900146484375,386.8500061035156,149459800,0.0,0.0
2019-07-15 00:00:00+02:00,386.82000732421875,388.7300109863281,385.7200012207031,387.75,134063300,0.0,0.0
2019-07-16 00:00:00+02:00,387.54998779296875,389.7099914550781,387.19000244140625,389.1000061035156,161530400,0.0,0.0
2019-07-17 00:00:00+02:00,388.82000732421875,389.70001220703125,387.19000244140625,387.6600036621094,168047700,0.0,0.0
2019-07-18 00:00:00+02:00,387.0899963378906,388.0799865722656,385.0199890136719,386.79998779296875,162573900,0.0,0.0
2019-07-19 00:00:00+02:00,387.2200012207031,389.45001220703125,386.19000244140625,387.25,185397900,0.0,0.0
2019-07-22 00:00:00+02:00,387.1499938964844,388.5400085449219,386.6300048828125,387.739990234375,147291400,0.0,0.0
2019-07-23 00:00:00+02:00,388.2799987792969,392.489990234375,388.2799987792969,391.5400085449219,178178700,0.0,0.0
2019-07-24 00:00:00+02:00,391.55999755859375,392.04998779296875,390.3599853515625,391.7300109863281,174044400,0.0,0.0
2019-07-25 00:00:00+02:00,392.0799865722656,395.1000061035156,387.6400146484375,389.5199890136719,213756400,0.0,0.0
2019-07-26 00:00:00+02:00,389.2699890136719,391.1199951171875,389.05999755859375,390.7300109863281,201208600,0.0,0.0
2019-07-29 00:00:00+02:00,390.3800048828125,392.55999755859375,389.7699890136719,390.8500061035156,172729800,0.0,0.0
2019-07-30 00:00:00+02:00,390.4200134277344,390.70001220703125,384.4599914550781,385.1099853515625,226829600,0.0,0.0
2019-07-31 00:00:00+02:00,384.95001220703125,386.3399963378906,384.4700012207031,385.7699890136719,238227700,0.0,0.0
2019-08-02 00:00:00+02:00,385.7200012207031,385.7200012207031,377.30999755859375,378.1499938964844,268689500,0.0,0.0
2019-08-05 00:00:00+02:00,376.739990234375,376.739990234375,368.6499938964844,369.42999267578125,263606600,0.0,0.0
2019-08-06 00:00:00+02:00,369.07000732421875,371.9800109863281,367.55999755859375,367.7099914550781,200723900,0.0,0.0
2019-08-07 00:00:00+02:00,368.0799865722656,371.70001220703125,365.989990234375,368.6000061035156,216032100,0.0,0.0
2019-08-08 00:00:00+02:00,370.0199890136719,374.7099914550781,370.0199890136719,374.7099914550781,190009500,0.0,0.0
2019-08-09 00:00:00+02:00,374.7300109863281,374.9700012207031,371.1099853515625,371.55999755859375,220401000,0.0,0.0
2019-08-12 00:00:00+02:00,372.0899963378906,375.3500061035156,370.0799865722656,370.4100036621094,168007700,0.0,0.0
2019-08-13 00:00:00+02:00,370.1199951171875,374.2099914550781,367.1700134277344,372.3999938964844,224926500,0.0,0.0
2019-08-14 00:00:00+02:00,372.739990234375,372.79998779296875,364.9599914550781,366.1600036621094,231321300,0.0,0.0
2019-08-15 00:00:00+02:00,366.2799987792969,367.0299987792969,361.07000732421875,365.0899963378906,232058900,0.0,0.0
2019-08-16 00:00:00+02:00,365.30999755859375,369.95001220703125,365.30999755859375,369.6300048828125,240284700,0.0,0.0
2019-08-19 00:00:00+02:00,370.42999267578125,374.1700134277344,370.42999267578125,373.8599853515625,177666500,0.0,0.0
2019-08-20 00:00:00+02:00,373.8699951171875,375.1700134277344,371.05999755859375,371.29998779296875,182073700,0.0,0.0
2019-08-21 00:00:00+02:00,371.6099853515625,376.3699951171875,371.6099853515625,375.79998779296875,152871000,0.0,0.0
2019-08-22 00:00:00+02:00,375.32000732421875,376.69000244140625,373.42999267578125,374.2900085449219,176995100,0.0,0.0
2019-08-23 00:00:00+02:00,374.8999938964844,376.5199890136719,371.3599853515625,371.3599853515625,175734700,0.0,0.0
2019-08-26 00:00:00+02:00,370.57000732421875,372.2300109863281,369.0799865722656,371.2799987792969,73312000,0.0,0.0
2019-08-27 00:00:00+02:00,371.3699951171875,374.3699951171875,370.05999755859375,373.6199951171875,209015700,0.0,0.0
2019-08-28 00:00:00+02:00,373.4800109863281,373.4800109863281,369.8599853515625,372.8599853515625,174336600,0.0,0.0
2019-08-29 00:00:00+02:00,372.4100036621094,377.1700134277344,371.94000244140625,376.739990234375,194338500,0.0,0.0
2019-08-30 00:00:00+02:00,376.760009765625,380.5799865722656,376.760009765625,379.4800109863281,197014500,0.0,0.0
2019-09-02 00:00:00+02:00,379.8800048828125,382.0899963378906,379.8800048828125,380.69000244140625,123004500,0.0,0.0
2019-09-03 00:00:00+02:00,380.3999938964844,380.3999938964844,378.1499938964844,379.80999755859375,160857200,0.0,0.0
2019-09-04 00:00:00+02:00,380.8599853515625,384.4100036621094,380.8599853515625,383.17999267578125,192143200,0.0,0.0
2019-09-05 00:00:00+02:00,383.75,386.1099853515625,383.75,385.9200134277344,210410200,0.0,0.0
2019-09-06 00:00:00+02:00,386.0,387.1400146484375,385.3599853515625,387.1400146484375,189282100,0.0,0.0
2019-09-09 00:00:00+02:00,387.1199951171875,387.9200134277344,385.44000244140625,386.05999755859375,198146300,0.0,0.0
2019-09-10 00:00:00+02:00,386.0899963378906,386.4800109863281,383.7900085449219,386.44000244140625,271531200,0.0,0.0
2019-09-11 00:00:00+02:00,386.6000061035156,389.82000732421875,386.6000061035156,389.7099914550781,236874900,0.0,0.0
2019-09-12 00:00:00+02:00,389.92999267578125,392.739990234375,388.1300048828125,390.4800109863281,237982200,0.0,0.0
2019-09-13 00:00:00+02:00,390.2900085449219,392.2900085449219,389.92999267578125,391.7900085449219,244894900,0.0,0.0
2019-09-16 00:00:00+02:00,391.1400146484375,391.1400146484375,389.1300048828125,389.5299987792969,224996500,0.0,0.0
2019-09-17 00:00:00+02:00,389.44000244140625,389.7300109863281,387.6600036621094,389.3299865722656,207733500,0.0,0.0
2019-09-18 00:00:00+02:00,389.0299987792969,390.1600036621094,388.6099853515625,389.4100036621094,180516700,0.0,0.0
2019-09-19 00:00:00+02:00,389.3500061035156,392.0299987792969,388.8999938964844,391.79998779296875,188672800,0.0,0.0
2019-09-20 00:00:00+02:00,392.8299865722656,393.6700134277344,391.8999938964844,392.95001220703125,425274900,0.0,0.0
2019-09-23 00:00:00+02:00,392.3999938964844,392.4200134277344,388.7099914550781,389.79998779296875,170834100,0.0,0.0
2019-09-24 00:00:00+02:00,390.3699951171875,390.9599914550781,389.6400146484375,389.8399963378906,161979400,0.0,0.0
2019-09-25 00:00:00+02:00,389.1400146484375,389.1400146484375,384.17999267578125,387.5899963378906,186402600,0.0,0.0
2019-09-26 00:00:00+02:00,387.0299987792969,390.739990234375,386.9100036621094,389.95001220703125,174951800,0.0,0.0
2019-09-27 00:00:00+02:00,390.3699951171875,392.489990234375,390.3699951171875,391.7900085449219,0,0.0,0.0
2019-09-30 00:00:00+02:00,391.6400146484375,393.57000732421875,391.0400085449219,393.1499938964844,180739400,0.0,0.0
2019-10-01 00:00:00+02:00,393.3500061035156,394.69000244140625,387.7900085449219,387.989990234375,204808700,0.0,0.0
2019-10-02 00:00:00+02:00,387.7099914550781,387.7099914550781,377.5199890136719,377.5199890136719,224777600,0.0,0.0
2019-10-03 00:00:00+02:00,377.05999755859375,378.42999267578125,374.6600036621094,377.4599914550781,170773600,0.0,0.0
2019-10-04 00:00:00+02:00,377.6000061035156,380.2200012207031,376.7099914550781,380.2200012207031,176109900,0.0,0.0
2019-10-07 00:00:00+02:00,380.1300048828125,383.1099853515625,379.5400085449219,382.9100036621094,146527300,0.0,0.0
2019-10-08 00:00:00+02:00,383.2099914550781,383.5199890136719,378.42999267578125,378.7099914550781,174854600,0.0,0.0
2019-10-09 00:00:00+02:00,378.4700012207031,381.75,377.94000244140625,380.29998779296875,156951100,0.0,0.0
2019-10-10 00:00:00+02:00,380.489990234375,383.54998779296875,378.17999267578125,382.760009765625,194967200,0.0,0.0
2019-10-11 00:00:00+02:00,384.1400146484375,391.6099853515625,383.7099914550781,391.6099853515625,310829400,0.0,0.0
2019-10-14 00:00:00+02:00,390.80999755859375,390.80999755859375,387.0899963378906,389.69000244140625,171175600,0.0,0.0
2019-10-15 00:00:00+02:00,390.55999755859375,395.07000732421875,390.55999755859375,394.0199890136719,243560900,0.0,0.0
2019-10-16 00:00:00+02:00,393.8500061035156,394.6000061035156,392.25,393.4599914550781,241969100,0.0,0.0
2019-10-17 00:00:00+02:00,392.94000244140625,396.8599853515625,392.2300109863281,393.0799865722656,256881500,0.0,0.0
2019-10-18 00:00:00+02:00,392.80999755859375,393.4599914550781,391.32000732421875,391.8399963378906,210704700,0.0,0.0
2019-10-21 00:00:00+02:00,392.1099853515625,394.7300109863281,391.9200134277344,394.2200012207031,200954600,0.0,0.0
2019-10-22 00:00:00+02:00,394.1099853515625,394.8299865722656,392.5899963378906,394.5899963378906,185676800,0.0,0.0
2019-10-23 00:00:00+02:00,393.5899963378906,395.2900085449219,392.82000732421875,395.0299987792969,195789900,0.0,0.0
2019-10-24 00:00:00+02:00,395.5299987792969,397.7799987792969,395.5299987792969,397.3699951171875,215257400,0.0,0.0
2019-10-25 00:00:00+02:00,397.19000244140625,398.0199890136719,395.6600036621094,398.010009765625,163726700,0.0,0.0
2019-10-28 00:00:00+01:00,398.04998779296875,399.7799987792969,397.1700134277344,398.989990234375,168790700,0.0,0.0
2019-10-29 00:00:00+01:00,398.8999938964844,398.8999938964844,396.8599853515625,398.3699951171875,187411700,0.0,0.0
2019-10-30 00:00:00+01:00,398.0,398.70001220703125,396.5,398.70001220703125,200763400,0.0,0.0
2019-10-31 00:00:00+01:00,399.1499938964844,399.8800048828125,395.7300109863281,396.75,231643700,0.0,0.0
2019-11-01 00:00:00+01:00,397.3399963378906,399.8599853515625,397.3399963378906,399.42999267578125,153115500,0.0,0.0
2019-11-04 00:00:00+01:00,400.1400146484375,403.989990234375,400.1400146484375,403.4100036621094,190169500,0.0,0.0
2019-11-05 00:00:00+01:00,403.54998779296875,404.6499938964844,402.82000732421875,404.2300109863281,208785500,0.0,0.0
2019-11-06 00:00:00+01:00,404.010009765625,405.2300109863281,403.0400085449219,405.07000732421875,193317500,0.0,0.0
2019-11-07 00:00:00+01:00,405.3699951171875,406.94000244140625,405.3699951171875,406.55999755859375,208608200,0.0,0.0
2019-11-08 00:00:00+01:00,406.0199890136719,406.1000061035156,404.4599914550781,405.4200134277344,200720300,0.0,0.0
2019-11-11 00:00:00+01:00,404.9200134277344,405.6400146484375,403.05999755859375,405.3399963378906,189148600,0.0,0.0
2019-11-12 00:00:00+01:00,405.55999755859375,407.6300048828125,405.19000244140625,406.8999938964844,201186000,0.0,0.0
2019-11-13 00:00:00+01:00,406.57000732421875,406.57000732421875,403.5299987792969,405.8599853515625,201172300,0.0,0.0
2019-11-14 00:00:00+01:00,405.7099914550781,406.0,404.3800048828125,404.4100036621094,183436800,0.0,0.0
2019-11-15 00:00:00+01:00,405.2099914550781,406.739990234375,403.510009765625,406.0400085449219,192312200,0.0,0.0
2019-11-18 00:00:00+01:00,406.3399963378906,407.1600036621094,404.69000244140625,405.989990234375,181006900,0.0,0.0
2019-11-19 00:00:00+01:00,406.17999267578125,409.239990234375,404.79998779296875,405.5,172925800,0.0,0.0
2019-11-20 00:00:00+01:00,404.6499938964844,404.6499938964844,401.7799987792969,403.82000732421875,196558800,0.0,0.0
2019-11-21 00:00:00+01:00,403.1000061035156,403.1000061035156,400.0199890136719,402.2200012207031,186803900,0.0,0.0
2019-11-22 00:00:00+01:00,402.3900146484375,405.44000244140625,402.3900146484375,403.9800109863281,176172400,0.0,0.0
2019-11-25 00:00:00+01:00,405.2300109863281,408.25,405.2300109863281,408.0899963378906,151159500,0.0,0.0
2019-11-26 00:00:00+01:00,407.9800109863281,409.0400085449219,406.9700012207031,408.489990234375,275539100,0.0,0.0
2019-11-27 00:00:00+01:00,409.0,410.3900146484375,408.5400085449219,409.80999755859375,165679700,0.0,0.0
2019-11-28 00:00:00+01:00,409.6300048828125,409.6300048828125,408.44000244140625,409.25,130992400,0.0,0.0
2019-11-29 00:00:00+01:00,408.57000732421875,409.6400146484375,407.3399963378906,407.42999267578125,156046100,0.0,0.0
2019-12-02 00:00:00+01:00,407.4800109863281,410.0400085449219,400.57000732421875,401.010009765625,232121600,0.0,0.0
2019-12-03 00:00:00+01:00,401.8399963378906,402.989990234375,397.17999267578125,398.4800109863281,208437800,0.0,0.0
2019-12-04 00:00:00+01:00,398.6199951171875,403.2799987792969,398.510009765625,403.19000244140625,176234200,0.0,0.0
2019-12-05 00:00:00+01:00,403.7099914550781,405.3699951171875,402.4100036621094,402.6600036621094,158191200,0.0,0.0
2019-12-06 00:00:00+01:00,403.0,407.4800109863281,403.0,407.3500061035156,147394100,0.0,0.0
2019-12-09 00:00:00+01:00,407.5,407.54998779296875,406.2200012207031,406.3900146484375,167280100,0.0,0.0
2019-12-10 00:00:00+01:00,406.1600036621094,406.1600036621094,401.4599914550781,405.3399963378906,183381000,0.0,0.0
2019-12-11 00:00:00+01:00,405.04998779296875,406.489990234375,403.989990234375,406.2200012207031,188022400,0.0,0.0
2019-12-12 00:00:00+01:00,406.32000732421875,409.3399963378906,404.989990234375,407.5799865722656,221436100,0.0,0.0
2019-12-13 00:00:00+01:00,410.6099853515625,414.9100036621094,410.6099853515625,412.0199890136719,366684700,0.0,0.0
2019-12-16 00:00:00+01:00,412.9100036621094,418.5299987792969,412.9100036621094,417.75,222055700,0.0,0.0
2019-12-17 00:00:00+01:00,416.6400146484375,416.6400146484375,414.1000061035156,414.9200134277344,233655100,0.0,0.0
2019-12-18 00:00:00+01:00,414.57000732421875,416.1199951171875,414.3800048828125,414.3800048828125,179845400,0.0,0.0
2019-12-19 00:00:00+01:00,414.9800109863281,415.45001220703125,413.5299987792969,415.07000732421875,186840600,0.0,0.0
2019-12-20 00:00:00+01:00,414.9800109863281,418.45001220703125,414.9800109863281,418.3999938964844,337268900,0.0,0.0
2019-12-23 00:00:00+01:00,417.9700012207031,418.8599853515625,417.55999755859375,418.2699890136719,126235100,0.0,0.0
2019-12-27 00:00:00+01:00,419.1600036621094,420.7200012207031,418.9200134277344,419.739990234375,102948900,0.0,0.0
2019-12-30 00:00:00+01:00,419.4599914550781,419.4599914550781,416.1700134277344,416.1700134277344,94199100,0.0,0.0
2020-01-03 00:00:00+01:00,418.7300109863281,418.7300109863281,415.5799865722656,418.3299865722656,149647500,0.0,0.0
2020-01-06 00:00:00+01:00,417.3399963378906,417.3399963378906,412.6300048828125,416.6300048828125,151853000,0.0,0.0
2020-01-07 00:00:00+01:00,417.25,419.7300109863281,416.3500061035156,417.6700134277344,153736700,0.0,0.0
2020-01-08 00:00:00+01:00,416.9100036621094,418.6300048828125,415.1300048828125,418.3599853515625,181395100,0.0,0.0
2020-01-09 00:00:00+01:00,419.260009765625,421.42999267578125,419.1600036621094,419.6400146484375,193931100,0.0,0.0
2020-01-10 00:00:00+01:00,420.20001220703125,420.8500061035156,419.1400146484375,419.1400146484375,165853000,0.0,0.0
2020-01-13 00:00:00+01:00,418.7300109863281,420.0,417.260009765625,418.3900146484375,166725600,0.0,0.0
2020-01-14 00:00:00+01:00,418.45001220703125,419.5899963378906,415.6099853515625,419.5899963378906,181115200,0.0,0.0
2020-01-15 00:00:00+01:00,419.57000732421875,420.010009765625,418.19000244140625,419.6300048828125,196390300,0.0,0.0
2020-01-16 00:00:00+01:00,420.0,421.29998779296875,419.04998779296875,420.5400085449219,80913800,0.0,0.0
2020-01-17 00:00:00+01:00,421.3399963378906,424.8999938964844,421.3399963378906,424.55999755859375,174188200,0.0,0.0
2020-01-20 00:00:00+01:00,424.0199890136719,424.4800109863281,423.07000732421875,423.9800109863281,107860400,0.0,0.0
2020-01-21 00:00:00+01:00,422.9800109863281,423.3800048828125,419.7900085449219,423.3800048828125,165562200,0.0,0.0
2020-01-22 00:00:00+01:00,423.510009765625,424.94000244140625,422.57000732421875,423.0400085449219,178126300,0.0,0.0
2020-01-23 00:00:00+01:00,422.5299987792969,422.5400085449219,419.3699951171875,420.0299987792969,182917800,0.0,0.0
2020-01-24 00:00:00+01:00,421.010009765625,425.3599853515625,421.010009765625,423.6400146484375,173980700,0.0,0.0
2020-01-27 00:00:00+01:00,420.55999755859375,420.55999755859375,413.4700012207031,414.07000732421875,203735500,0.0,0.0
2020-01-28 00:00:00+01:00,414.3699951171875,417.8900146484375,413.1600036621094,417.55999755859375,176695200,0.0,0.0
2020-01-29 00:00:00+01:00,417.9200134277344,420.0899963378906,417.75,419.4100036621094,175283900,0.0,0.0
2020-01-30 00:00:00+01:00,417.5199890136719,417.5199890136719,414.0199890136719,415.1600036621094,206815500,0.0,0.0
2020-01-31 00:00:00+01:00,415.9800109863281,416.989990234375,410.42999267578125,410.7099914550781,238102500,0.0,0.0
2020-02-03 00:00:00+01:00,410.9599914550781,413.1600036621094,410.19000244140625,411.7200012207031,182184000,0.0,0.0
2020-02-04 00:00:00+01:00,412.2099914550781,418.489990234375,412.2099914550781,418.4700012207031,206100300,0.0,0.0
2020-02-05 00:00:00+01:00,417.989990234375,424.2699890136719,417.55999755859375,423.6199951171875,244720200,0.0,0.0
2020-02-06 00:00:00+01:00,425.1000061035156,426.70001220703125,424.1600036621094,425.489990234375,228035100,0.0,0.0
2020-02-07 00:00:00+01:00,425.4100036621094,425.4100036621094,422.95001220703125,424.3599853515625,208740100,0.0,0.0
2020-02-10 00:00:00+01:00,423.69000244140625,424.6700134277344,422.239990234375,424.6400146484375,160073400,0.0,0.0
2020-02-11 00:00:00+01:00,425.82000732421875,429.0199890136719,425.82000732421875,428.4800109863281,197702000,0.0,0.0
2020-02-12 00:00:00+01:00,429.0,431.1600036621094,428.8500061035156,431.1600036621094,195616500,0.0,0.0
2020-02-13 00:00:00+01:00,430.6000061035156,431.0799865722656,426.3399963378906,431.0799865722656,227961100,0.0,0.0
2020-02-14 00:00:00+01:00,431.2099914550781,432.260009765625,430.1300048828125,430.5199890136719,167725200,0.0,0.0
2020-02-17 00:00:00+01:00,431.1300048828125,432.4800109863281,431.0400085449219,431.9800109863281,0,0.0,0.0
2020-02-18 00:00:00+01:00,430.5400085449219,431.3500061035156,428.55999755859375,430.3299865722656,228610300,0.0,0.0
2020-02-19 00:00:00+01:00,431.44000244140625,433.8999938964844,431.44000244140625,433.8999938964844,182531600,0.0,0.0
2020-02-20 00:00:00+01:00,433.3599853515625,433.5400085449219,430.19000244140625,430.19000244140625,210644200,0.0,0.0
2020-02-21 00:00:00+01:00,429.3900146484375,430.8699951171875,426.1300048828125,428.07000732421875,241012300,0.0,0.0
2020-02-24 00:00:00+01:00,424.29998779296875,424.29998779296875,409.989990234375,411.8599853515625,336174500,0.0,0.0
2020-02-25 00:00:00+01:00,412.9100036621094,414.75,403.9599914550781,404.6000061035156,283347500,0.0,0.0
2020-02-26 00:00:00+01:00,403.25,405.7799987792969,392.8900146484375,404.6199951171875,316567300,0.0,0.0
2020-02-27 00:00:00+01:00,401.239990234375,401.239990234375,385.05999755859375,389.45001220703125,366660200,0.0,0.0
2020-02-28 00:00:00+01:00,385.04998779296875,385.04998779296875,371.20001220703125,375.6499938964844,533260100,0.0,0.0
2020-03-02 00:00:00+01:00,378.7300109863281,384.20001220703125,369.05999755859375,375.9700012207031,439821300,0.0,0.0
2020-03-03 00:00:00+01:00,378.6700134277344,388.44000244140625,378.6700134277344,381.1300048828125,374556200,0.0,0.0
2020-03-04 00:00:00+01:00,381.4200134277344,388.82000732421875,379.42999267578125,386.29998779296875,328466500,0.0,0.0
2020-03-05 00:00:00+01:00,387.9700012207031,389.1000061035156,378.0400085449219,380.760009765625,341903600,0.0,0.0
2020-03-06 00:00:00+01:00,378.3399963378906,378.3399963378906,364.0299987792969,366.79998779296875,395356800,0.0,0.0
2020-03-09 00:00:00+01:00,362.3800048828125,362.3800048828125,336.5400085449219,339.5,606630700,0.0,0.0
2020-03-10 00:00:00+01:00,341.739990234375,353.3999938964844,334.2799987792969,335.6400146484375,513551800,0.0,0.0
2020-03-11 00:00:00+01:00,337.20001220703125,343.3800048828125,332.260009765625,333.1700134277344,427769400,0.0,0.0
2020-03-12 00:00:00+01:00,327.9800109863281,327.9800109863281,294.32000732421875,294.92999267578125,694157300,0.0,0.0
2020-03-13 00:00:00+01:00,297.9200134277344,320.760009765625,295.2300109863281,299.1600036621094,596027500,0.0,0.0
2020-03-16 00:00:00+01:00,294.30999755859375,294.30999755859375,268.57000732421875,284.6300048828125,614569800,0.0,0.0
2020-03-17 00:00:00+01:00,287.1600036621094,295.19000244140625,275.2900085449219,291.07000732421875,520611300,0.0,0.0
2020-03-18 00:00:00+01:00,288.67999267578125,288.67999267578125,275.9200134277344,279.6600036621094,478145500,0.0,0.0
2020-03-19 00:00:00+01:00,277.510009765625,288.2200012207031,275.7200012207031,287.79998779296875,508812200,0.0,0.0
2020-03-20 00:00:00+01:00,291.010009765625,301.9700012207031,291.010009765625,293.0400085449219,672273700,0.0,0.0
2020-03-23 00:00:00+01:00,288.30999755859375,292.0400085449219,278.4100036621094,280.42999267578125,0,0.0,0.0
2020-03-24 00:00:00+01:00,284.010009765625,304.0,284.010009765625,304.0,420301900,0.0,0.0
2020-03-25 00:00:00+01:00,307.8599853515625,318.5199890136719,301.8500061035156,313.3800048828125,452247300,0.0,0.0
2020-03-26 00:00:00+01:00,310.0199890136719,321.3800048828125,306.0400085449219,321.3800048828125,373673300,0.0,0.0
2020-03-27 00:00:00+01:00,319.1700134277344,319.1700134277344,306.70001220703125,310.8999938964844,342220200,0.0,0.0
2020-03-30 00:00:00+02:00,311.3999938964844,314.8800048828125,303.3800048828125,314.8800048828125,294024800,0.0,0.0
2020-03-31 00:00:00+02:00,316.3800048828125,321.489990234375,313.9700012207031,320.05999755859375,386418100,0.0,0.0
2020-04-01 00:00:00+02:00,316.3500061035156,316.3500061035156,308.0299987792969,310.7699890136719,349682800,0.0,0.0
2020-04-02 00:00:00+02:00,311.45001220703125,314.010009765625,306.5799865722656,312.0799865722656,346144100,0.0,0.0
2020-04-03 00:00:00+02:00,311.9800109863281,312.010009765625,308.4100036621094,309.05999755859375,299157000,0.0,0.0
2020-04-06 00:00:00+02:00,312.4200134277344,321.05999755859375,312.4200134277344,320.5799865722656,301512500,0.0,0.0
2020-04-07 00:00:00+02:00,323.239990234375,331.739990234375,323.239990234375,326.6099853515625,376254100,0.0,0.0
2020-04-08 00:00:00+02:00,325.6199951171875,326.6700134277344,321.57000732421875,326.6700134277344,266335900,0.0,0.0
2020-04-09 00:00:00+02:00,328.4200134277344,332.8900146484375,326.3399963378906,331.79998779296875,309218200,0.0,0.0
2020-04-14 00:00:00+02:00,333.92999267578125,336.3500061035156,333.4200134277344,333.9100036621094,277928100,0.0,0.0
2020-04-15 00:00:00+02:00,333.510009765625,333.70001220703125,322.3699951171875,323.05999755859375,322323100,0.0,0.0
2020-04-16 00:00:00+02:00,324.4700012207031,327.239990234375,323.1000061035156,324.9200134277344,280862100,0.0,0.0
2020-04-17 00:00:00+02:00,328.57000732421875,335.8800048828125,328.57000732421875,333.4700012207031,310811200,0.0,0.0
2020-04-20 00:00:00+02:00,334.19000244140625,335.70001220703125,329.54998779296875,335.70001220703125,215334600,0.0,0.0
2020-04-21 00:00:00+02:00,333.8800048828125,333.8800048828125,324.30999755859375,324.30999755859375,239345400,0.0,0.0
2020-04-22 00:00:00+02:00,325.4800109863281,330.2200012207031,325.4800109863281,330.1400146484375,221466900,0.0,0.0
2020-04-23 00:00:00+02:00,330.94000244140625,335.32000732421875,328.6300048828125,333.239990234375,230040500,0.0,0.0
2020-04-24 00:00:00+02:00,331.55999755859375,332.9200134277344,328.4200134277344,329.5899963378906,216929200,0.0,0.0
2020-04-27 00:00:00+02:00,331.82000732421875,335.8800048828125,331.82000732421875,335.44000244140625,203319700,0.0,0.0
2020-04-28 00:00:00+02:00,335.760009765625,342.8299865722656,335.55999755859375,341.0899963378906,297910000,0.0,0.0
2020-04-29 00:00:00+02:00,341.3900146484375,347.2099914550781,340.3999938964844,347.05999755859375,307402300,0.0,0.0
2020-04-30 00:00:00+02:00,347.6700134277344,349.2200012207031,339.6199951171875,340.0299987792969,406684800,0.0,0.0
2020-05-04 00:00:00+02:00,334.8999938964844,334.8999938964844,327.4700012207031,328.44000244140625,280681200,0.0,0.0
2020-05-05 00:00:00+02:00,330.67999267578125,335.5,330.67999267578125,335.5,250569800,0.0,0.0
2020-05-06 00:00:00+02:00,335.7699890136719,337.3800048828125,333.8699951171875,334.3399963378906,235985200,0.0,0.0
2020-05-07 00:00:00+02:00,334.80999755859375,338.20001220703125,334.80999755859375,337.9800109863281,232301800,0.0,0.0
2020-05-08 00:00:00+02:00,339.0899963378906,341.1300048828125,339.0899963378906,341.04998779296875,88057400,0.0,0.0
2020-05-11 00:00:00+02:00,342.1000061035156,343.3800048828125,337.07000732421875,339.70001220703125,230687900,0.0,0.0
2020-05-12 00:00:00+02:00,338.9100036621094,341.6099853515625,338.3800048828125,340.57000732421875,225192200,0.0,0.0
2020-05-13 00:00:00+02:00,338.79998779296875,338.79998779296875,333.760009765625,333.9700012207031,259089900,0.0,0.0
2020-05-14 00:00:00+02:00,332.44000244140625,332.44000244140625,322.8699951171875,326.7099914550781,289337400,0.0,0.0
2020-05-15 00:00:00+02:00,328.2300109863281,331.7200012207031,327.29998779296875,328.239990234375,239373600,0.0,0.0
2020-05-18 00:00:00+02:00,330.70001220703125,341.82000732421875,330.70001220703125,341.5899963378906,242578300,0.0,0.0
2020-05-19 00:00:00+02:00,342.2699890136719,343.2699890136719,337.44000244140625,339.489990234375,329491500,0.0,0.0
2020-05-20 00:00:00+02:00,338.82000732421875,343.04998779296875,336.8800048828125,342.82000732421875,286044400,0.0,0.0
2020-05-22 00:00:00+02:00,338.70001220703125,340.8299865722656,334.57000732421875,340.1700134277344,253880700,0.0,0.0
2020-05-25 00:00:00+02:00,340.9800109863281,345.17999267578125,340.9800109863281,345.17999267578125,85563200,0.0,0.0
2020-05-26 00:00:00+02:00,347.010009765625,349.7200012207031,347.010009765625,348.9200134277344,314648700,0.0,0.0
2020-05-27 00:00:00+02:00,349.4200134277344,352.75,347.4100036621094,349.75,407509000,0.0,0.0
2020-05-28 00:00:00+02:00,350.8500061035156,356.04998779296875,350.8500061035156,355.4700012207031,322521100,0.0,0.0
2020-05-29 00:00:00+02:00,354.0,354.0,349.7799987792969,350.3599853515625,580548500,0.0,0.0
2020-06-02 00:00:00+02:00,355.9700012207031,360.6099853515625,355.9700012207031,359.7699890136719,322723400,0.0,0.0
2020-06-03 00:00:00+02:00,360.7799987792969,369.0899963378906,360.7799987792969,368.9200134277344,364911600,0.0,0.0
2020-06-04 00:00:00+02:00,367.69000244140625,369.4800109863281,364.57000732421875,366.25,337326700,0.0,0.0
2020-06-05 00:00:00+02:00,367.5400085449219,375.3999938964844,367.5400085449219,375.32000732421875,407200700,0.0,0.0
2020-06-08 00:00:00+02:00,374.44000244140625,375.5199890136719,371.4100036621094,374.1199951171875,371230900,0.0,0.0
2020-06-09 00:00:00+02:00,374.55999755859375,374.9800109863281,368.1300048828125,369.5400085449219,366495100,0.0,0.0
2020-06-10 00:00:00+02:00,370.1700134277344,373.0299987792969,367.0,368.1499938964844,309538900,0.0,0.0
2020-06-11 00:00:00+02:00,364.9800109863281,364.9800109863281,353.07000732421875,353.07000732421875,345740900,0.0,0.0
2020-06-12 00:00:00+02:00,351.7699890136719,358.8500061035156,349.2200012207031,354.05999755859375,295857300,0.0,0.0
2020-06-15 00:00:00+02:00,350.5400085449219,354.29998779296875,344.9100036621094,353.0899963378906,259217900,0.0,0.0
2020-06-16 00:00:00+02:00,355.32000732421875,366.6199951171875,355.32000732421875,363.3299865722656,319790900,0.0,0.0
2020-06-17 00:00:00+02:00,363.0299987792969,367.45001220703125,363.0299987792969,366.0199890136719,260799900,0.0,0.0
2020-06-18 00:00:00+02:00,365.19000244140625,367.30999755859375,361.510009765625,363.4100036621094,257886300,0.0,0.0
2020-06-19 00:00:00+02:00,364.4599914550781,367.4700012207031,364.4599914550781,365.4599914550781,508126000,0.0,0.0
2020-06-22 00:00:00+02:00,364.25,366.510009765625,361.4100036621094,362.70001220703125,207064600,0.0,0.0
2020-06-23 00:00:00+02:00,363.9100036621094,368.4700012207031,363.9100036621094,367.3999938964844,223615100,0.0,0.0
2020-06-24 00:00:00+02:00,366.6000061035156,366.6000061035156,357.1700134277344,357.1700134277344,225957800,0.0,0.0
2020-06-25 00:00:00+02:00,356.7900085449219,360.4599914550781,352.67999267578125,359.739990234375,244571700,0.0,0.0
2020-06-26 00:00:00+02:00,361.19000244140625,364.9800109863281,358.1499938964844,358.32000732421875,200171100,0.0,0.0
2020-06-29 00:00:00+02:00,357.6600036621094,361.5199890136719,356.32000732421875,359.8900146484375,200537200,0.0,0.0
2020-06-30 00:00:00+02:00,360.4599914550781,361.54998779296875,358.0400085449219,360.3399963378906,226240100,0.0,0.0
2020-07-01 00:00:00+02:00,360.80999755859375,362.9200134277344,356.6600036621094,361.19000244140625,198697200,0.0,0.0
2020-07-02 00:00:00+02:00,362.5799865722656,368.8500061035156,362.5799865722656,368.2900085449219,237879600,0.0,0.0
2020-07-03 00:00:00+02:00,368.489990234375,369.2799987792969,364.2200012207031,365.42999267578125,140948500,0.0,0.0
2020-07-06 00:00:00+02:00,367.30999755859375,372.3699951171875,367.30999755859375,371.2099914550781,198926800,0.0,0.0
2020-07-07 00:00:00+02:00,370.1099853515625,370.1099853515625,366.4599914550781,368.9599914550781,175809500,0.0,0.0
2020-07-08 00:00:00+02:00,367.8399963378906,369.3399963378906,365.7900085449219,366.4800109863281,181618500,0.0,0.0
2020-07-09 00:00:00+02:00,367.4100036621094,368.70001220703125,363.010009765625,363.6400146484375,180405800,0.0,0.0
2020-07-10 00:00:00+02:00,362.8399963378906,367.0199890136719,361.7799987792969,366.8299865722656,174619300,0.0,0.0
2020-07-13 00:00:00+02:00,368.1400146484375,370.7300109863281,367.7699890136719,370.5,182826800,0.0,0.0
2020-07-14 00:00:00+02:00,368.5199890136719,368.5199890136719,363.55999755859375,367.3999938964844,201143300,0.0,0.0
2020-07-15 00:00:00+02:00,368.989990234375,375.4599914550781,368.989990234375,373.8699951171875,222158900,0.0,0.0
2020-07-16 00:00:00+02:00,372.70001220703125,372.75,369.94000244140625,372.1300048828125,176757400,0.0,0.0
2020-07-17 00:00:00+02:00,372.8800048828125,373.1099853515625,371.1099853515625,372.7099914550781,194740800,0.0,0.0
2020-07-20 00:00:00+02:00,372.1600036621094,376.2099914550781,369.82000732421875,375.510009765625,165090400,0.0,0.0
2020-07-21 00:00:00+02:00,376.9700012207031,380.260009765625,376.1400146484375,376.70001220703125,240686100,0.0,0.0
2020-07-22 00:00:00+02:00,375.739990234375,375.82000732421875,372.0199890136719,373.44000244140625,189247100,0.0,0.0
2020-07-23 00:00:00+02:00,374.3599853515625,376.2699890136719,372.8999938964844,373.6499938964844,168506300,0.0,0.0
2020-07-24 00:00:00+02:00,371.32000732421875,371.32000732421875,365.760009765625,367.2900085449219,187260800,0.0,0.0
2020-07-27 00:00:00+02:00,366.67999267578125,367.5799865722656,365.010009765625,366.1499938964844,183360900,0.0,0.0
2020-07-28 00:00:00+02:00,366.5899963378906,368.0799865722656,364.75,367.67999267578125,168244100,0.0,0.0
2020-07-29 00:00:00+02:00,367.3699951171875,368.75,366.8500061035156,367.45001220703125,181764100,0.0,0.0
2020-07-30 00:00:00+02:00,367.8999938964844,367.8999938964844,356.5199890136719,359.5199890136719,286982000,0.0,0.0
2020-07-31 00:00:00+02:00,359.6600036621094,363.3500061035156,356.2799987792969,356.3299865722656,255531900,0.0,0.0
2020-08-03 00:00:00+02:00,356.3800048828125,364.4200134277344,355.2099914550781,363.6400146484375,226209500,0.0,0.0
2020-08-04 00:00:00+02:00,364.20001220703125,365.9200134277344,361.29998779296875,363.3900146484375,221531200,0.0,0.0
2020-08-05 00:00:00+02:00,363.7799987792969,367.0899963378906,363.7799987792969,365.1600036621094,206117500,0.0,0.0
2020-08-06 00:00:00+02:00,364.82000732421875,366.3299865722656,360.9800109863281,362.489990234375,207513000,0.0,0.0
2020-08-07 00:00:00+02:00,362.25,364.0,360.5299987792969,363.54998779296875,156090200,0.0,0.0
2020-08-10 00:00:00+02:00,364.0899963378906,366.32000732421875,362.80999755859375,364.6499938964844,147880900,0.0,0.0
2020-08-11 00:00:00+02:00,365.7900085449219,372.5400085449219,365.7900085449219,370.760009765625,218331800,0.0,0.0
2020-08-12 00:00:00+02:00,370.6000061035156,375.4800109863281,369.8299865722656,374.8800048828125,187146300,0.0,0.0
2020-08-13 00:00:00+02:00,373.9200134277344,374.20001220703125,372.1000061035156,372.5299987792969,153442300,0.0,0.0
2020-08-14 00:00:00+02:00,372.239990234375,372.239990234375,365.3299865722656,368.07000732421875,148680000,0.0,0.0
2020-08-17 00:00:00+02:00,367.8900146484375,369.6300048828125,366.239990234375,369.260009765625,127192800,0.0,0.0
2020-08-18 00:00:00+02:00,368.94000244140625,371.2300109863281,366.20001220703125,367.17999267578125,141927400,0.0,0.0
2020-08-19 00:00:00+02:00,367.0799865722656,369.5799865722656,365.92999267578125,369.5799865722656,124005800,0.0,0.0
2020-08-20 00:00:00+02:00,368.1400146484375,368.1400146484375,364.19000244140625,365.6400146484375,140322400,0.0,0.0
2020-08-21 00:00:00+02:00,366.42999267578125,367.8699951171875,361.9800109863281,365.0899963378906,150944200,0.0,0.0
2020-08-24 00:00:00+02:00,365.79998779296875,371.9700012207031,365.79998779296875,370.8500061035156,136815000,0.0,0.0
2020-08-25 00:00:00+02:00,371.3599853515625,374.1099853515625,369.75,369.75,154803400,0.0,0.0
2020-08-26 00:00:00+02:00,369.8699951171875,373.1300048828125,368.4599914550781,373.1199951171875,131263300,0.0,0.0
2020-08-27 00:00:00+02:00,373.1700134277344,373.29998779296875,370.70001220703125,370.7200012207031,161986900,0.0,0.0
2020-08-28 00:00:00+02:00,370.7099914550781,371.4700012207031,367.1600036621094,368.79998779296875,213993300,0.0,0.0
2020-08-31 00:00:00+02:00,369.3599853515625,371.3500061035156,366.32000732421875,366.510009765625,115945800,0.0,0.0
2020-09-01 00:00:00+02:00,367.29998779296875,369.4100036621094,362.82000732421875,365.2300109863281,230945600,0.0,0.0
2020-09-02 00:00:00+02:00,366.0400085449219,373.19000244140625,366.0400085449219,371.2799987792969,187957100,0.0,0.0
2020-09-03 00:00:00+02:00,372.1300048828125,375.9200134277344,364.8999938964844,366.0799865722656,209685200,0.0,0.0
2020-09-04 00:00:00+02:00,365.1000061035156,369.19000244140625,359.5799865722656,361.92999267578125,228394100,0.0,0.0
2020-09-07 00:00:00+02:00,362.1400146484375,368.4599914550781,362.1400146484375,367.9700012207031,154596900,0.0,0.0
2020-09-08 00:00:00+02:00,367.8900146484375,368.7699890136719,360.82000732421875,363.75,207359400,0.0,0.0
2020-09-09 00:00:00+02:00,363.239990234375,370.20001220703125,363.239990234375,369.6499938964844,189770300,0.0,0.0
2020-09-10 00:00:00+02:00,369.82000732421875,370.57000732421875,366.2699890136719,367.4800109863281,181611600,0.0,0.0
2020-09-11 00:00:00+02:00,367.5400085449219,369.05999755859375,366.1700134277344,367.9599914550781,163923300,0.0,0.0
2020-09-14 00:00:00+02:00,368.739990234375,371.0400085449219,367.489990234375,368.510009765625,155912800,0.0,0.0
2020-09-15 00:00:00+02:00,368.3999938964844,371.9700012207031,368.0400085449219,370.9599914550781,184551100,0.0,0.0
2020-09-16 00:00:00+02:00,371.20001220703125,373.1499938964844,370.92999267578125,373.1300048828125,191616300,0.0,0.0
2020-09-17 00:00:00+02:00,372.07000732421875,372.07000732421875,368.25,371.2300109863281,187077200,0.0,0.0
2020-09-18 00:00:00+02:00,370.8999938964844,371.94000244140625,368.7799987792969,368.7799987792969,489799500,0.0,0.0
2020-09-21 00:00:00+02:00,367.8599853515625,367.8599853515625,355.8699951171875,356.82000732421875,110780900,0.0,0.0
2020-09-22 00:00:00+02:00,357.239990234375,359.94000244140625,357.239990234375,357.54998779296875,89313500,0.0,0.0
2020-09-23 00:00:00+02:00,358.260009765625,363.2099914550781,358.260009765625,359.5299987792969,203296800,0.0,0.0
2020-09-24 00:00:00+02:00,357.8999938964844,358.80999755859375,354.5799865722656,355.8500061035156,208302100,0.0,0.0
2020-09-25 00:00:00+02:00,356.1499938964844,356.9599914550781,351.239990234375,355.510009765625,204972200,0.0,0.0
2020-09-28 00:00:00+02:00,357.0299987792969,363.82000732421875,357.0299987792969,363.3900146484375,214881900,0.0,0.0
2020-09-29 00:00:00+02:00,363.239990234375,363.239990234375,360.7799987792969,361.489990234375,170672500,0.0,0.0
2020-09-30 00:00:00+02:00,360.8500061035156,363.3599853515625,358.82000732421875,361.0899963378906,213222400,0.0,0.0
2020-10-01 00:00:00+02:00,361.9100036621094,364.42999267578125,360.3699951171875,361.79998779296875,200721400,0.0,0.0
2020-10-02 00:00:00+02:00,360.5799865722656,362.69000244140625,357.6300048828125,362.69000244140625,189190700,0.0,0.0
2020-10-05 00:00:00+02:00,363.6099853515625,366.3500061035156,363.6099853515625,365.6300048828125,178087000,0.0,0.0
2020-10-06 00:00:00+02:00,366.17999267578125,367.4100036621094,363.9700012207031,365.8800048828125,225287800,0.0,0.0
2020-10-07 00:00:00+02:00,365.6499938964844,367.1400146484375,364.42999267578125,365.45001220703125,192666700,0.0,0.0
2020-10-08 00:00:00+02:00,366.3699951171875,369.4800109863281,366.1600036621094,368.30999755859375,204924200,0.0,0.0
2020-10-09 00:00:00+02:00,368.6600036621094,370.55999755859375,368.6600036621094,370.3500061035156,178608700,0.0,0.0
2020-10-12 00:00:00+02:00,370.95001220703125,373.5799865722656,370.7200012207031,373.0,167989000,0.0,0.0
2020-10-13 00:00:00+02:00,373.1499938964844,373.1499938964844,369.8900146484375,370.9599914550781,192190600,0.0,0.0
2020-10-14 00:00:00+02:00,370.4800109863281,372.1099853515625,370.0199890136719,370.6199951171875,164941700,0.0,0.0
2020-10-15 00:00:00+02:00,369.6499938964844,369.6499938964844,361.19000244140625,362.9100036621094,206970800,0.0,0.0
2020-10-16 00:00:00+02:00,363.45001220703125,368.70001220703125,363.45001220703125,367.4800109863281,203751100,0.0,0.0
2020-10-19 00:00:00+02:00,368.05999755859375,370.70001220703125,366.1199951171875,366.80999755859375,143512400,0.0,0.0
2020-10-20 00:00:00+02:00,366.260009765625,367.67999267578125,365.0299987792969,365.510009765625,179891100,0.0,0.0
2020-10-21 00:00:00+02:00,365.989990234375,366.3299865722656,360.6499938964844,360.7900085449219,191382400,0.0,0.0
2020-10-22 00:00:00+02:00,360.4599914550781,361.3299865722656,356.42999267578125,360.2699890136719,188292300,0.0,0.0
2020-10-23 00:00:00+02:00,360.2099914550781,364.1099853515625,359.9599914550781,362.5,210392000,0.0,0.0
2020-10-26 00:00:00+01:00,360.7200012207031,360.9100036621094,355.8800048828125,355.95001220703125,208618100,0.0,0.0
2020-10-27 00:00:00+01:00,356.3599853515625,356.7200012207031,352.1300048828125,352.5799865722656,216105800,0.0,0.0
2020-10-28 00:00:00+01:00,351.17999267578125,351.17999267578125,339.75,342.1700134277344,314630400,0.0,0.0
2020-10-29 00:00:00+01:00,342.1000061035156,344.5400085449219,338.57000732421875,341.760009765625,270193600,0.0,0.0
2020-10-30 00:00:00+01:00,340.6099853515625,342.94000244140625,338.8399963378906,342.3599853515625,228702700,0.0,0.0
2020-11-02 00:00:00+01:00,343.20001220703125,348.4100036621094,341.3399963378906,347.8599853515625,208383000,0.0,0.0
2020-11-03 00:00:00+01:00,349.1600036621094,356.0299987792969,349.1600036621094,356.010009765625,233717700,0.0,0.0
2020-11-04 00:00:00+01:00,354.3800048828125,363.489990234375,351.3299865722656,363.30999755859375,241853600,0.0,0.0
2020-11-05 00:00:00+01:00,364.0,367.9599914550781,364.0,367.1199951171875,241657200,0.0,0.0
2020-11-06 00:00:00+01:00,367.1600036621094,368.2200012207031,363.260009765625,366.3999938964844,217412500,0.0,0.0
2020-11-09 00:00:00+01:00,368.1300048828125,385.80999755859375,368.1300048828125,380.989990234375,534407500,0.0,0.0
2020-11-10 00:00:00+01:00,380.6600036621094,385.42999267578125,380.0299987792969,384.4200134277344,461688600,0.0,0.0
2020-11-11 00:00:00+01:00,384.7099914550781,389.07000732421875,384.7099914550781,388.55999755859375,310292900,0.0,0.0
2020-11-12 00:00:00+01:00,386.79998779296875,387.8500061035156,384.5799865722656,385.1600036621094,267753800,0.0,0.0
2020-11-13 00:00:00+01:00,384.3900146484375,386.5799865722656,383.510009765625,385.17999267578125,241864600,0.0,0.0
2020-11-16 00:00:00+01:00,386.8900146484375,391.57000732421875,386.0899963378906,389.739990234375,337486800,0.0,0.0
2020-11-17 00:00:00+01:00,389.1300048828125,389.9700012207031,386.8900146484375,388.82000732421875,284763600,0.0,0.0
2020-11-18 00:00:00+01:00,388.29998779296875,391.0799865722656,387.1400146484375,390.5400085449219,249034900,0.0,0.0
2020-11-19 00:00:00+01:00,388.4100036621094,388.55999755859375,386.4599914550781,387.6000061035156,237675400,0.0,0.0
2020-11-20 00:00:00+01:00,387.3800048828125,390.54998779296875,386.95001220703125,389.6099853515625,214267300,0.0,0.0
2020-11-23 00:00:00+01:00,390.6600036621094,392.9700012207031,388.8399963378906,388.8399963378906,234773600,0.0,0.0
2020-11-24 00:00:00+01:00,390.5899963378906,392.3900146484375,390.45001220703125,392.3900146484375,316719600,0.0,0.0
2020-11-25 00:00:00+01:00,393.0,393.67999267578125,390.69000244140625,392.0899963378906,280451100,0.0,0.0
2020-11-26 00:00:00+01:00,392.44000244140625,393.07000732421875,391.2200012207031,391.6300048828125,193423200,0.0,0.0
2020-11-27 00:00:00+01:00,391.25,393.5,390.7300109863281,393.2300109863281,312114500,0.0,0.0
2020-11-30 00:00:00+01:00,392.2900085449219,393.8699951171875,389.3599853515625,389.3599853515625,370613400,0.0,0.0
2020-12-01 00:00:00+01:00,389.9800109863281,393.1099853515625,389.9800109863281,391.8999938964844,241251400,0.0,0.0
2020-12-02 00:00:00+01:00,390.9599914550781,391.9700012207031,389.6000061035156,391.69000244140625,246619800,0.0,0.0
2020-12-03 00:00:00+01:00,391.9100036621094,392.1000061035156,389.80999755859375,391.7200012207031,226883600,0.0,0.0
2020-12-04 00:00:00+01:00,391.5400085449219,394.0400085449219,391.5400085449219,394.0400085449219,260750700,0.0,0.0
2020-12-07 00:00:00+01:00,393.4800109863281,393.6300048828125,390.2900085449219,392.8399963378906,221220400,0.0,0.0
2020-12-08 00:00:00+01:00,392.739990234375,393.8999938964844,390.54998779296875,393.6400146484375,180040900,0.0,0.0
2020-12-09 00:00:00+01:00,394.2099914550781,396.6099853515625,394.2099914550781,394.8999938964844,206027400,0.0,0.0
2020-12-10 00:00:00+01:00,394.5400085449219,395.44000244140625,391.29998779296875,393.1499938964844,253403800,0.0,0.0
2020-12-11 00:00:00+01:00,392.6400146484375,392.6400146484375,387.20001220703125,390.1199951171875,244825600,0.0,0.0
2020-12-14 00:00:00+01:00,391.67999267578125,394.45001220703125,391.67999267578125,391.8500061035156,207740500,0.0,0.0
2020-12-15 00:00:00+01:00,391.67999267578125,393.4200134277344,390.9599914550781,392.8399963378906,204633700,0.0,0.0
2020-12-16 00:00:00+01:00,393.7900085449219,396.8500061035156,393.7900085449219,396.0799865722656,227325300,0.0,0.0
2020-12-17 00:00:00+01:00,396.8599853515625,398.489990234375,396.8599853515625,397.2799987792969,207353400,0.0,0.0
2020-12-18 00:00:00+01:00,396.510009765625,399.07000732421875,395.7200012207031,395.8999938964844,347207600,0.0,0.0
2020-12-21 00:00:00+01:00,392.1400146484375,392.1400146484375,381.6300048828125,386.69000244140625,277902400,0.0,0.0
2020-12-22 00:00:00+01:00,387.760009765625,391.7900085449219,387.760009765625,391.25,153683100,0.0,0.0
2020-12-23 00:00:00+01:00,392.0899963378906,395.67999267578125,392.04998779296875,395.489990234375,170468900,0.0,0.0
2020-12-28 00:00:00+01:00,396.6099853515625,399.1199951171875,396.6099853515625,398.5799865722656,68058000,0.0,0.0
2020-12-29 00:00:00+01:00,399.8699951171875,403.260009765625,399.8699951171875,401.6099853515625,161387800,0.0,0.0
2020-12-30 00:00:00+01:00,401.7300109863281,402.75,400.19000244140625,400.25,108649600,0.0,0.0
2021-01-04 00:00:00+01:00,400.5899963378906,405.760009765625,400.4200134277344,401.69000244140625,217955900,0.0,0.0
2021-01-05 00:00:00+01:00,400.8399963378906,402.7799987792969,399.3500061035156,400.94000244140625,184265400,0.0,0.0
2021-01-06 00:00:00+01:00,402.0799865722656,407.29998779296875,400.5,406.4100036621094,286015700,0.0,0.0
2021-01-07 00:00:00+01:00,408.0899963378906,409.3900146484375,406.4599914550781,408.489990234375,235099200,0.0,0.0
2021-01-08 00:00:00+01:00,410.0199890136719,411.9200134277344,410.0199890136719,411.1700134277344,216734600,0.0,0.0
2021-01-11 00:00:00+01:00,410.4100036621094,410.9700012207031,406.45001220703125,408.4100036621094,182564200,0.0,0.0
2021-01-12 00:00:00+01:00,409.1700134277344,410.1099853515625,407.3399963378906,408.6099853515625,190728100,0.0,0.0
2021-01-13 00:00:00+01:00,408.80999755859375,409.739990234375,407.94000244140625,409.07000732421875,181754200,0.0,0.0
2021-01-14 00:00:00+01:00,409.7099914550781,412.4599914550781,409.7099914550781,412.0,194332300,0.0,0.0
2021-01-15 00:00:00+01:00,411.19000244140625,411.19000244140625,405.4200134277344,407.8500061035156,218522300,0.0,0.0
2021-01-18 00:00:00+01:00,407.0199890136719,408.75,406.3900146484375,408.67999267578125,125093100,0.0,0.0
2021-01-19 00:00:00+01:00,410.1499938964844,410.8599853515625,407.57000732421875,407.9200134277344,172615800,0.0,0.0
2021-01-20 00:00:00+01:00,408.6400146484375,411.92999267578125,408.6199951171875,410.8399963378906,172622400,0.0,0.0
2021-01-21 00:00:00+01:00,412.45001220703125,413.9800109863281,410.7900085449219,410.8900146484375,172924500,0.0,0.0
2021-01-22 00:00:00+01:00,409.8800048828125,409.8800048828125,405.739990234375,408.5400085449219,191471800,0.0,0.0
2021-01-25 00:00:00+01:00,410.17999267578125,410.8599853515625,403.8999938964844,405.1300048828125,211863100,0.0,0.0
2021-01-26 00:00:00+01:00,404.75,409.760009765625,404.75,407.70001220703125,197861100,0.0,0.0
2021-01-27 00:00:00+01:00,407.6300048828125,408.32000732421875,399.239990234375,402.9800109863281,266840400,0.0,0.0
2021-01-28 00:00:00+01:00,400.8599853515625,404.4800109863281,394.3999938964844,403.3900146484375,257028400,0.0,0.0
2021-01-29 00:00:00+01:00,401.2099914550781,401.2099914550781,395.8500061035156,395.8500061035156,244280700,0.0,0.0
2021-02-01 00:00:00+01:00,397.0799865722656,401.8599853515625,397.0799865722656,400.7699890136719,184282100,0.0,0.0
2021-02-02 00:00:00+01:00,402.260009765625,406.42999267578125,402.260009765625,405.9200134277344,202266300,0.0,0.0
2021-02-03 00:00:00+01:00,407.6400146484375,410.1300048828125,406.44000244140625,407.2699890136719,229680300,0.0,0.0
2021-02-04 00:00:00+01:00,407.07000732421875,409.80999755859375,406.9200134277344,409.5400085449219,243164200,0.0,0.0
2021-02-05 00:00:00+01:00,410.0799865722656,411.5899963378906,408.4599914550781,409.5400085449219,253713200,0.0,0.0
2021-02-08 00:00:00+01:00,410.1600036621094,412.2900085449219,410.1600036621094,410.7799987792969,219967600,0.0,0.0
2021-02-09 00:00:00+01:00,411.010009765625,411.1199951171875,408.8999938964844,410.4200134277344,161511100,0.0,0.0
2021-02-10 00:00:00+01:00,411.2099914550781,411.9200134277344,407.4800109863281,409.4700012207031,210429000,0.0,0.0
2021-02-11 00:00:00+01:00,409.9700012207031,411.55999755859375,409.5199890136719,411.3500061035156,174139200,0.0,0.0
2021-02-12 00:00:00+01:00,411.1199951171875,414.0,409.25,414.0,157254700,0.0,0.0
2021-02-15 00:00:00+01:00,415.82000732421875,420.1400146484375,415.82000732421875,419.4700012207031,194861500,0.0,0.0
2021-02-16 00:00:00+01:00,419.8800048828125,420.57000732421875,418.7099914550781,419.20001220703125,184545200,0.0,0.0
2021-02-17 00:00:00+01:00,418.6400146484375,418.6400146484375,415.55999755859375,416.1000061035156,193909300,0.0,0.0
2021-02-18 00:00:00+01:00,415.8699951171875,417.260009765625,411.8699951171875,412.70001220703125,202089900,0.0,0.0
2021-02-19 00:00:00+01:00,413.07000732421875,415.7200012207031,412.2699890136719,414.8800048828125,227841300,0.0,0.0
2021-02-22 00:00:00+01:00,413.80999755859375,413.80999755859375,409.54998779296875,413.05999755859375,207706500,0.0,0.0
2021-02-23 00:00:00+01:00,413.17999267578125,414.5,406.67999267578125,411.32000732421875,273441700,0.0,0.0
2021-02-24 00:00:00+01:00,410.9599914550781,413.70001220703125,410.6199951171875,413.2099914550781,294350000,0.0,0.0
2021-02-25 00:00:00+01:00,414.0799865722656,415.3800048828125,411.7300109863281,411.7300109863281,260384600,0.0,0.0
2021-02-26 00:00:00+01:00,408.9800109863281,410.6400146484375,404.0400085449219,404.989990234375,299832700,0.0,0.0
2021-03-01 00:00:00+01:00,408.25,412.760009765625,408.25,412.44000244140625,193935100,0.0,0.0
2021-03-02 00:00:00+01:00,412.05999755859375,415.3699951171875,411.3299865722656,413.2300109863281,185747900,0.0,0.0
2021-03-03 00:00:00+01:00,413.79998779296875,416.69000244140625,410.54998779296875,413.4200134277344,242882900,0.0,0.0
2021-03-04 00:00:00+01:00,411.7099914550781,412.8399963378906,409.0299987792969,411.9100036621094,233110700,0.0,0.0
2021-03-05 00:00:00+01:00,410.6199951171875,413.19000244140625,407.1400146484375,408.67999267578125,257580800,0.0,0.0
2021-03-08 00:00:00+01:00,410.2300109863281,417.6199951171875,410.2300109863281,417.25,258755200,0.0,0.0
2021-03-09 00:00:00+01:00,417.3399963378906,421.04998779296875,416.19000244140625,420.4100036621094,258435900,0.0,0.0
2021-03-10 00:00:00+01:00,419.9599914550781,422.7099914550781,418.6600036621094,422.1099853515625,226418400,0.0,0.0
2021-03-11 00:00:00+01:00,422.67999267578125,424.2300109863281,422.54998779296875,424.1700134277344,231054000,0.0,0.0
2021-03-12 00:00:00+01:00,423.42999267578125,423.42999267578125,421.67999267578125,423.0799865722656,198579500,0.0,0.0
2021-03-15 00:00:00+01:00,423.9700012207031,426.1300048828125,421.95001220703125,423.0799865722656,194016900,0.0,0.0
2021-03-16 00:00:00+01:00,424.0799865722656,426.9599914550781,424.0799865722656,426.82000732421875,2219700,0.0,0.0
2021-03-17 00:00:00+01:00,426.5799865722656,426.9800109863281,424.1199951171875,424.9100036621094,2177300,0.0,0.0
2021-03-18 00:00:00+01:00,425.4100036621094,427.260009765625,424.7900085449219,426.5899963378906,244183300,0.0,0.0
2021-03-19 00:00:00+01:00,424.95001220703125,426.0199890136719,421.3999938964844,423.3500061035156,509089700,0.0,0.0
2021-03-22 00:00:00+01:00,422.5299987792969,424.3599853515625,420.7300109863281,424.1700134277344,205450500,0.0,0.0
2021-03-23 00:00:00+01:00,423.3999938964844,424.3399963378906,420.94000244140625,423.30999755859375,222826700,0.0,0.0
2021-03-24 00:00:00+01:00,421.95001220703125,423.69000244140625,420.3599853515625,423.3900146484375,207476500,0.0,0.0
2021-03-25 00:00:00+01:00,422.3800048828125,423.57000732421875,419.04998779296875,423.0799865722656,197372000,0.0,0.0
2021-03-26 00:00:00+01:00,424.19000244140625,427.2099914550781,424.19000244140625,426.92999267578125,199100800,0.0,0.0
2021-03-29 00:00:00+02:00,427.2300109863281,428.739990234375,426.5799865722656,427.6099853515625,176527000,0.0,0.0
2021-03-30 00:00:00+02:00,428.1400146484375,431.0799865722656,428.1400146484375,430.6499938964844,186096200,0.0,0.0
2021-03-31 00:00:00+02:00,430.8500061035156,431.760009765625,429.6000061035156,429.6000061035156,218633900,0.0,0.0
2021-04-01 00:00:00+02:00,429.6099853515625,432.6499938964844,429.6099853515625,432.2200012207031,162078600,0.0,0.0
2021-04-06 00:00:00+02:00,433.2900085449219,436.4700012207031,433.2900085449219,435.260009765625,204328000,0.0,0.0
2021-04-07 00:00:00+02:00,434.57000732421875,435.6300048828125,433.69000244140625,434.32000732421875,171946800,0.0,0.0
2021-04-08 00:00:00+02:00,434.8800048828125,436.8800048828125,434.8800048828125,436.8599853515625,200252600,0.0,0.0
2021-04-09 00:00:00+02:00,436.6700134277344,437.6499938964844,436.1000061035156,437.2300109863281,164371900,0.0,0.0
2021-04-12 00:00:00+02:00,437.010009765625,437.0400085449219,435.010009765625,435.239990234375,153272900,0.0,0.0
2021-04-13 00:00:00+02:00,435.45001220703125,436.5899963378906,434.20001220703125,435.75,161892300,0.0,0.0
2021-04-14 00:00:00+02:00,436.2799987792969,437.1499938964844,435.7300109863281,436.57000732421875,156288900,0.0,0.0
2021-04-15 00:00:00+02:00,436.6600036621094,439.1300048828125,436.6600036621094,438.54998779296875,162548400,0.0,0.0
2021-04-16 00:00:00+02:00,438.2900085449219,442.510009765625,438.2900085449219,442.489990234375,198487300,0.0,0.0
2021-04-19 00:00:00+02:00,442.44000244140625,443.6099853515625,441.5299987792969,442.17999267578125,149749300,0.0,0.0
2021-04-20 00:00:00+02:00,441.20001220703125,441.57000732421875,433.3500061035156,433.79998779296875,210250300,0.0,0.0
2021-04-21 00:00:00+02:00,434.2099914550781,437.2699890136719,433.75,436.6400146484375,179060100,0.0,0.0
2021-04-22 00:00:00+02:00,437.239990234375,439.80999755859375,437.239990234375,439.6300048828125,170160500,0.0,0.0
2021-04-23 00:00:00+02:00,439.20001220703125,439.6000061035156,436.57000732421875,439.0400085449219,148579500,0.0,0.0
2021-04-26 00:00:00+02:00,439.32000732421875,440.75,438.5,440.20001220703125,145926700,0.0,0.0
2021-04-27 00:00:00+02:00,440.2799987792969,440.4800109863281,438.6600036621094,439.8500061035156,167388500,0.0,0.0
2021-04-28 00:00:00+02:00,439.6600036621094,441.0199890136719,438.67999267578125,439.9200134277344,206103700,0.0,0.0
2021-04-29 00:00:00+02:00,440.6400146484375,442.6600036621094,437.8500061035156,438.7699890136719,204026700,0.0,0.0
2021-04-30 00:00:00+02:00,438.7799987792969,439.8399963378906,437.17999267578125,437.3900146484375,213001100,0.0,0.0
2021-05-03 00:00:00+02:00,437.8699951171875,439.9800109863281,436.8399963378906,439.9200134277344,85153500,0.0,0.0
2021-05-04 00:00:00+02:00,440.6000061035156,441.7099914550781,433.1700134277344,433.6499938964844,232148600,0.0,0.0
2021-05-05 00:00:00+02:00,435.2099914550781,441.6000061035156,435.2099914550781,441.54998779296875,189957600,0.0,0.0
2021-05-06 00:00:00+02:00,441.2300109863281,443.04998779296875,438.6499938964844,441.0199890136719,228481600,0.0,0.0
2021-05-07 00:00:00+02:00,441.8599853515625,444.92999267578125,441.8599853515625,444.92999267578125,183455500,0.0,0.0
2021-05-10 00:00:00+02:00,445.7099914550781,446.19000244140625,444.3800048828125,445.3900146484375,201181100,0.0,0.0
2021-05-11 00:00:00+02:00,444.42999267578125,444.42999267578125,434.0199890136719,436.6099853515625,234853100,0.0,0.0
2021-05-12 00:00:00+02:00,436.80999755859375,439.4599914550781,436.32000732421875,437.92999267578125,203670700,0.0,0.0
2021-05-14 00:00:00+02:00,438.5799865722656,442.55999755859375,438.1700134277344,442.5299987792969,195564100,0.0,0.0
2021-05-17 00:00:00+02:00,443.0199890136719,444.25,440.3999938964844,442.2900085449219,161061800,0.0,0.0
2021-05-18 00:00:00+02:00,443.3999938964844,446.010009765625,442.25,443.0400085449219,186093600,0.0,0.0
2021-05-19 00:00:00+02:00,441.010009765625,441.010009765625,432.6300048828125,436.3399963378906,197844300,0.0,0.0
2021-05-20 00:00:00+02:00,437.1400146484375,441.8999938964844,436.07000732421875,441.8999938964844,169989900,0.0,0.0
2021-05-21 00:00:00+02:00,442.3999938964844,445.2900085449219,441.6700134277344,444.44000244140625,200850100,0.0,0.0
2021-05-25 00:00:00+02:00,445.489990234375,447.1499938964844,445.20001220703125,445.20001220703125,168438300,0.0,0.0
2021-05-26 00:00:00+02:00,445.4700012207031,446.79998779296875,444.0400085449219,445.2200012207031,169169100,0.0,0.0
2021-05-27 00:00:00+02:00,445.1000061035156,447.8599853515625,444.5899963378906,446.44000244140625,359790500,0.0,0.0
2021-05-28 00:00:00+02:00,446.9800109863281,450.07000732421875,446.9800109863281,448.9800109863281,186878300,0.0,0.0
2021-05-31 00:00:00+02:00,448.8299865722656,449.0799865722656,446.7099914550781,446.760009765625,63502600,0.0,0.0
2021-06-01 00:00:00+02:00,447.5799865722656,452.5,447.5799865722656,450.1000061035156,174741600,0.0,0.0
2021-06-02 00:00:00+02:00,450.2099914550781,451.9700012207031,450.1700134277344,451.3399963378906,146828600,0.0,0.0
2021-06-03 00:00:00+02:00,451.45001220703125,451.45001220703125,447.82000732421875,450.7900085449219,154427400,0.0,0.0
2021-06-04 00:00:00+02:00,451.1700134277344,452.7099914550781,450.45001220703125,452.57000732421875,129793700,0.0,0.0
2021-06-07 00:00:00+02:00,452.3900146484375,454.30999755859375,450.7099914550781,453.55999755859375,187051400,0.0,0.0
2021-06-08 00:00:00+02:00,453.6199951171875,455.6600036621094,453.42999267578125,454.010009765625,158647500,0.0,0.0
2021-06-09 00:00:00+02:00,454.2099914550781,454.67999267578125,452.82000732421875,454.44000244140625,139842500,0.0,0.0
2021-06-10 00:00:00+02:00,454.7300109863281,455.760009765625,452.70001220703125,454.55999755859375,154358300,0.0,0.0
2021-06-11 00:00:00+02:00,455.0799865722656,457.8699951171875,454.9800109863281,457.510009765625,131960400,0.0,0.0
2021-06-14 00:00:00+02:00,458.1300048828125,460.510009765625,457.6099853515625,458.32000732421875,138754900,0.0,0.0
2021-06-15 00:00:00+02:00,458.92999267578125,460.30999755859375,458.80999755859375,458.80999755859375,173990000,0.0,0.0
2021-06-16 00:00:00+02:00,459.1600036621094,460.45001220703125,458.6600036621094,459.8599853515625,175040700,0.0,0.0
2021-06-17 00:00:00+02:00,458.8699951171875,459.92999267578125,457.6499938964844,459.3299865722656,186055100,0.0,0.0
2021-06-18 00:00:00+02:00,458.7099914550781,459.6199951171875,451.7699890136719,452.04998779296875,408712000,0.0,0.0
2021-06-21 00:00:00+02:00,450.8699951171875,455.3699951171875,448.3999938964844,455.2300109863281,188357800,0.0,0.0
2021-06-22 00:00:00+02:00,455.6499938964844,456.92999267578125,453.6700134277344,456.4200134277344,141752300,0.0,0.0
2021-06-23 00:00:00+02:00,456.8599853515625,457.4200134277344,453.1000061035156,453.1000061035156,143521200,0.0,0.0
2021-06-24 00:00:00+02:00,453.4700012207031,457.5400085449219,453.4700012207031,457.0400085449219,167595400,0.0,0.0
2021-06-25 00:00:00+02:00,457.4700012207031,457.6600036621094,456.44000244140625,457.6300048828125,141141200,0.0,0.0
2021-06-28 00:00:00+02:00,457.7099914550781,458.0899963378906,454.8800048828125,454.94000244140625,154479700,0.0,0.0
2021-06-29 00:00:00+02:00,454.9200134277344,457.8500061035156,454.8500061035156,456.3699951171875,147063100,0.0,0.0
2021-06-30 00:00:00+02:00,456.2699890136719,456.94000244140625,451.2300109863281,452.8399963378906,183557300,0.0,0.0
2021-07-01 00:00:00+02:00,453.5899963378906,457.70001220703125,452.2799987792969,455.6300048828125,154339400,0.0,0.0
2021-07-02 00:00:00+02:00,456.1499938964844,458.30999755859375,455.8900146484375,456.80999755859375,130254500,0.0,0.0
2021-07-05 00:00:00+02:00,456.9800109863281,458.69000244140625,455.260009765625,458.3599853515625,102587500,0.0,0.0
2021-07-06 00:00:00+02:00,458.3800048828125,459.4599914550781,454.8500061035156,455.9800109863281,165800700,0.0,0.0
2021-07-07 00:00:00+02:00,456.5299987792969,459.6300048828125,456.5299987792969,459.5299987792969,204651100,0.0,0.0
2021-07-08 00:00:00+02:00,458.67999267578125,458.67999267578125,448.92999267578125,451.6099853515625,211153800,0.0,0.0
2021-07-09 00:00:00+02:00,452.45001220703125,457.6700134277344,452.45001220703125,457.6700134277344,158972700,0.0,0.0
2021-07-12 00:00:00+02:00,458.1099853515625,461.1000061035156,455.9700012207031,460.8299865722656,122700400,0.0,0.0
2021-07-13 00:00:00+02:00,460.9200134277344,461.3800048828125,459.8699951171875,460.9599914550781,146765800,0.0,0.0
2021-07-14 00:00:00+02:00,460.760009765625,461.1700134277344,458.8800048828125,460.55999755859375,0,0.0,0.0
2021-07-15 00:00:00+02:00,459.9599914550781,460.0,455.4599914550781,456.20001220703125,149788100,0.0,0.0
2021-07-16 00:00:00+02:00,456.3800048828125,457.760009765625,452.8500061035156,454.739990234375,162568200,0.0,0.0
2021-07-19 00:00:00+02:00,453.239990234375,453.239990234375,442.1300048828125,444.2900085449219,215247300,0.0,0.0
2021-07-20 00:00:00+02:00,445.17999267578125,449.1700134277344,443.3999938964844,446.6099853515625,199041900,0.0,0.0
2021-07-21 00:00:00+02:00,447.80999755859375,454.2799987792969,447.80999755859375,453.9700012207031,181014000,0.0,0.0
2021-07-22 00:00:00+02:00,455.29998779296875,458.5400085449219,455.29998779296875,456.5299987792969,137192900,0.0,0.0
2021-07-23 00:00:00+02:00,457.489990234375,461.75,457.489990234375,461.510009765625,130100600,0.0,0.0
2021-07-26 00:00:00+02:00,461.0,461.5299987792969,458.6400146484375,461.1400146484375,138660300,0.0,0.0
2021-07-27 00:00:00+02:00,461.0,461.0,456.2300109863281,458.6499938964844,136929700,0.0,0.0
2021-07-28 00:00:00+02:00,458.8599853515625,461.7099914550781,458.8599853515625,461.70001220703125,148863700,0.0,0.0
2021-07-29 00:00:00+02:00,462.1199951171875,464.30999755859375,462.1199951171875,463.8399963378906,177951900,0.0,0.0
2021-07-30 00:00:00+02:00,462.69000244140625,463.3999938964844,459.54998779296875,461.739990234375,178648800,0.0,0.0
2021-08-02 00:00:00+02:00,462.3999938964844,465.8399963378906,462.3999938964844,464.45001220703125,140728800,0.0,0.0
2021-08-03 00:00:00+02:00,464.4800109863281,466.2699890136719,463.8900146484375,465.3800048828125,146530700,0.0,0.0
2021-08-04 00:00:00+02:00,466.3500061035156,468.8399963378906,466.3500061035156,468.2200012207031,151184600,0.0,0.0
2021-08-05 00:00:00+02:00,467.9599914550781,470.2300109863281,467.92999267578125,469.9599914550781,165067700,0.0,0.0
2021-08-06 00:00:00+02:00,469.9100036621094,471.0299987792969,469.0799865722656,469.9700012207031,183897600,0.0,0.0
2021-08-09 00:00:00+02:00,469.8800048828125,471.05999755859375,469.6700134277344,470.67999267578125,139454300,0.0,0.0
2021-08-10 00:00:00+02:00,470.760009765625,472.95001220703125,470.760009765625,472.32000732421875,142429500,0.0,0.0
2021-08-11 00:00:00+02:00,472.44000244140625,474.82000732421875,472.1000061035156,474.32000732421875,166594000,0.0,0.0
2021-08-12 00:00:00+02:00,473.760009765625,475.1300048828125,473.760009765625,474.8399963378906,158400300,0.0,0.0
2021-08-13 00:00:00+02:00,474.6099853515625,476.1600036621094,474.6099853515625,475.8299865722656,132284600,0.0,0.0
2021-08-16 00:00:00+02:00,474.82000732421875,474.82000732421875,471.92999267578125,473.45001220703125,143893000,0.0,0.0
2021-08-17 00:00:00+02:00,472.79998779296875,474.25,470.7900085449219,473.7799987792969,163320300,0.0,0.0
2021-08-18 00:00:00+02:00,473.9800109863281,474.6300048828125,473.1300048828125,474.4200134277344,171524200,0.0,0.0
2021-08-19 00:00:00+02:00,472.4700012207031,472.4700012207031,463.3599853515625,467.239990234375,185622300,0.0,0.0
2021-08-20 00:00:00+02:00,467.1400146484375,469.30999755859375,464.9200134277344,468.79998779296875,157285000,0.0,0.0
2021-08-23 00:00:00+02:00,470.17999267578125,472.2900085449219,469.5199890136719,471.8800048828125,136518300,0.0,0.0
2021-08-24 00:00:00+02:00,472.760009765625,473.6600036621094,470.0299987792969,471.7900085449219,128333700,0.0,0.0
2021-08-25 00:00:00+02:00,471.75,472.5799865722656,471.2799987792969,471.8399963378906,124349200,0.0,0.0
2021-08-26 00:00:00+02:00,470.8699951171875,471.17999267578125,468.3800048828125,470.3399963378906,109337300,0.0,0.0
2021-08-27 00:00:00+02:00,470.0199890136719,472.3999938964844,469.4200134277344,472.3399963378906,106395200,0.0,0.0
2021-08-30 00:00:00+02:00,472.4700012207031,473.1499938964844,471.95001220703125,472.67999267578125,42494100,0.0,0.0
2021-08-31 00:00:00+02:00,472.8500061035156,473.94000244140625,469.7200012207031,470.8800048828125,219326000,0.0,0.0
2021-09-01 00:00:00+02:00,471.739990234375,475.1300048828125,471.739990234375,473.1199951171875,149151200,0.0,0.0
2021-09-02 00:00:00+02:00,472.95001220703125,474.80999755859375,472.8299865722656,474.6000061035156,132415500,0.0,0.0
2021-09-03 00:00:00+02:00,474.3699951171875,474.6199951171875,470.010009765625,471.92999267578125,136043600,0.0,0.0
2021-09-06 00:00:00+02:00,471.739990234375,475.6499938964844,471.739990234375,475.19000244140625,89335200,0.0,0.0
2021-09-07 00:00:00+02:00,475.1000061035156,475.1000061035156,472.6199951171875,472.8699951171875,122852800,0.0,0.0
2021-09-08 00:00:00+02:00,472.67999267578125,472.67999267578125,466.44000244140625,467.8699951171875,163146700,0.0,0.0
2021-09-09 00:00:00+02:00,468.0899963378906,469.3299865722656,463.82000732421875,467.57000732421875,161995400,0.0,0.0
2021-09-10 00:00:00+02:00,467.67999267578125,469.1099853515625,465.760009765625,466.3399963378906,145355900,0.0,0.0
2021-09-13 00:00:00+02:00,466.4700012207031,470.0,466.4700012207031,467.69000244140625,143754800,0.0,0.0
2021-09-14 00:00:00+02:00,467.57000732421875,468.9800109863281,465.69000244140625,467.6499938964844,159937700,0.0,0.0
2021-09-15 00:00:00+02:00,467.67999267578125,468.0799865722656,463.9100036621094,463.9100036621094,189650400,0.0,0.0
2021-09-16 00:00:00+02:00,463.8999938964844,467.9800109863281,463.8999938964844,465.95001220703125,172691500,0.0,0.0
2021-09-17 00:00:00+02:00,465.94000244140625,469.7799987792969,461.2900085449219,461.8399963378906,423202300,0.0,0.0
2021-09-20 00:00:00+02:00,458.94000244140625,458.94000244140625,450.25,454.1199951171875,234499600,0.0,0.0
2021-09-21 00:00:00+02:00,454.04998779296875,460.20001220703125,454.04998779296875,458.67999267578125,189956700,0.0,0.0
2021-09-22 00:00:00+02:00,459.6099853515625,463.4100036621094,459.6099853515625,463.20001220703125,167032300,0.0,0.0
2021-09-23 00:00:00+02:00,464.4599914550781,468.739990234375,464.4599914550781,467.5,176986100,0.0,0.0
2021-09-24 00:00:00+02:00,466.79998779296875,466.79998779296875,462.57000732421875,463.2900085449219,177412500,0.0,0.0
2021-09-27 00:00:00+02:00,464.45001220703125,466.7300109863281,461.94000244140625,462.4200134277344,208839600,0.0,0.0
2021-09-28 00:00:00+02:00,461.9800109863281,461.9800109863281,451.6700134277344,452.3500061035156,215549200,0.0,0.0
2021-09-29 00:00:00+02:00,453.1099853515625,457.5,453.1099853515625,455.0299987792969,202034200,0.0,0.0
2021-09-30 00:00:00+02:00,456.5400085449219,459.3500061035156,454.1099853515625,454.80999755859375,228930100,0.0,0.0
2021-10-01 00:00:00+02:00,451.7300109863281,454.6199951171875,447.5400085449219,452.8999938964844,199635200,0.0,0.0
2021-10-04 00:00:00+02:00,452.1600036621094,454.5299987792969,450.0,450.7699890136719,177638100,0.0,0.0
2021-10-05 00:00:00+02:00,451.19000244140625,456.2099914550781,451.19000244140625,456.0299987792969,206035000,0.0,0.0
2021-10-06 00:00:00+02:00,454.45001220703125,454.45001220703125,446.25,451.3299865722656,229631300,0.0,0.0
2021-10-07 00:00:00+02:00,454.2900085449219,459.0199890136719,454.2900085449219,458.57000732421875,197653800,0.0,0.0
2021-10-08 00:00:00+02:00,458.4599914550781,458.94000244140625,456.489990234375,457.2900085449219,169603100,0.0,0.0
2021-10-11 00:00:00+02:00,457.1199951171875,457.54998779296875,454.6000061035156,457.5299987792969,167843700,0.0,0.0
2021-10-12 00:00:00+02:00,456.0,457.94000244140625,452.1600036621094,457.2099914550781,183477100,0.0,0.0
2021-10-13 00:00:00+02:00,456.94000244140625,461.0899963378906,455.2099914550781,460.3900146484375,214642100,0.0,0.0
2021-10-14 00:00:00+02:00,461.6499938964844,466.3599853515625,461.6499938964844,465.9200134277344,186262500,0.0,0.0
2021-10-15 00:00:00+02:00,466.7099914550781,469.5199890136719,466.4700012207031,469.3900146484375,220113800,0.0,0.0
2021-10-18 00:00:00+02:00,468.8999938964844,468.8999938964844,465.25,467.0400085449219,156283100,0.0,0.0
2021-10-19 00:00:00+02:00,467.5799865722656,468.82000732421875,467.1400146484375,468.5799865722656,165829900,0.0,0.0
2021-10-20 00:00:00+02:00,468.05999755859375,470.42999267578125,467.05999755859375,470.07000732421875,170938400,0.0,0.0
2021-10-21 00:00:00+02:00,469.3299865722656,470.42999267578125,467.1099853515625,469.7099914550781,160049900,0.0,0.0
2021-10-22 00:00:00+02:00,469.9599914550781,473.32000732421875,469.9599914550781,471.8800048828125,133348100,0.0,0.0
2021-10-25 00:00:00+02:00,472.1600036621094,472.79998779296875,471.260009765625,472.2099914550781,159568700,0.0,0.0
2021-10-26 00:00:00+02:00,472.3399963378906,476.05999755859375,472.3399963378906,475.739990234375,172533200,0.0,0.0
2021-10-27 00:00:00+02:00,475.3299865722656,475.42999267578125,473.32000732421875,474.0400085449219,167669800,0.0,0.0
2021-10-28 00:00:00+02:00,473.7200012207031,475.1700134277344,473.0899963378906,475.1600036621094,211968300,0.0,0.0
2021-10-29 00:00:00+02:00,474.69000244140625,475.5799865722656,471.1300048828125,475.510009765625,223248400,0.0,0.0
2021-11-01 00:00:00+01:00,475.8699951171875,479.6199951171875,475.8699951171875,478.8699951171875,199570000,0.0,0.0
2021-11-02 00:00:00+01:00,477.82000732421875,479.7099914550781,477.30999755859375,479.5299987792969,211353800,0.0,0.0
2021-11-03 00:00:00+01:00,479.4200134277344,481.2200012207031,478.8999938964844,481.2200012207031,179504200,0.0,0.0
2021-11-04 00:00:00+01:00,482.2099914550781,484.0299987792969,482.2099914550781,483.2099914550781,242979700,0.0,0.0
2021-11-05 00:00:00+01:00,482.6000061035156,485.1300048828125,482.5199890136719,483.44000244140625,224684900,0.0,0.0
2021-11-08 00:00:00+01:00,483.1400146484375,484.4599914550781,482.9700012207031,483.6099853515625,166739400,0.0,0.0
2021-11-09 00:00:00+01:00,482.82000732421875,485.0799865722656,482.25,482.7099914550781,178571000,0.0,0.0
2021-11-10 00:00:00+01:00,483.1400146484375,483.9800109863281,481.6000061035156,483.760009765625,202249800,0.0,0.0
2021-11-11 00:00:00+01:00,483.3500061035156,485.57000732421875,482.6700134277344,485.2900085449219,165053900,0.0,0.0
2021-11-12 00:00:00+01:00,485.5299987792969,486.8800048828125,484.94000244140625,486.75,185321200,0.0,0.0
2021-11-15 00:00:00+01:00,486.30999755859375,488.42999267578125,485.8900146484375,488.42999267578125,159857100,0.0,0.0
2021-11-16 00:00:00+01:00,489.54998779296875,490.45001220703125,488.7699890136719,489.2699890136719,199826300,0.0,0.0
2021-11-17 00:00:00+01:00,489.55999755859375,490.5799865722656,489.19000244140625,489.95001220703125,204858100,0.0,0.0
2021-11-18 00:00:00+01:00,489.8699951171875,490.5299987792969,486.95001220703125,487.70001220703125,165366800,0.0,0.0
2021-11-19 00:00:00+01:00,488.0,489.79998779296875,485.010009765625,486.0799865722656,302761700,0.0,0.0
2021-11-22 00:00:00+01:00,487.010009765625,488.1199951171875,484.95001220703125,485.4599914550781,342848200,0.0,0.0
2021-11-23 00:00:00+01:00,483.6199951171875,483.6199951171875,477.92999267578125,479.25,256960400,0.0,0.0
2021-11-24 00:00:00+01:00,479.6700134277344,481.82000732421875,476.5899963378906,479.69000244140625,310120500,0.0,0.0
2021-11-25 00:00:00+01:00,480.489990234375,482.3999938964844,480.1700134277344,481.7200012207031,205183200,0.0,0.0
2021-11-26 00:00:00+01:00,473.989990234375,473.989990234375,463.69000244140625,464.04998779296875,390449600,0.0,0.0
2021-11-29 00:00:00+01:00,466.7699890136719,470.510009765625,466.2799987792969,467.239990234375,242222800,0.0,0.0
2021-11-30 00:00:00+01:00,464.8299865722656,467.2799987792969,459.5400085449219,462.9599914550781,404631900,0.0,0.0
2021-12-01 00:00:00+01:00,464.1199951171875,471.8399963378906,464.1199951171875,470.8599853515625,221116900,0.0,0.0
2021-12-02 00:00:00+01:00,468.4599914550781,468.4599914550781,462.3800048828125,465.44000244140625,207153300,0.0,0.0
2021-12-03 00:00:00+01:00,466.5299987792969,468.989990234375,461.260009765625,462.7699890136719,207516500,0.0,0.0
2021-12-06 00:00:00+01:00,464.3299865722656,469.45001220703125,463.5299987792969,468.7099914550781,175179200,0.0,0.0
2021-12-07 00:00:00+01:00,471.0,480.4700012207031,471.0,480.17999267578125,201123100,0.0,0.0
2021-12-08 00:00:00+01:00,479.7300109863281,482.6400146484375,477.30999755859375,477.3599853515625,194179200,0.0,0.0
2021-12-09 00:00:00+01:00,478.6600036621094,479.0,475.8299865722656,476.989990234375,170101100,0.0,0.0
2021-12-10 00:00:00+01:00,475.9599914550781,477.9100036621094,474.5299987792969,475.55999755859375,147626900,0.0,0.0
2021-12-13 00:00:00+01:00,476.2799987792969,478.8800048828125,473.2799987792969,473.5299987792969,219812500,0.0,0.0
2021-12-14 00:00:00+01:00,474.5199890136719,476.3800048828125,469.5199890136719,469.55999755859375,180280500,0.0,0.0
2021-12-15 00:00:00+01:00,470.05999755859375,472.1400146484375,469.8399963378906,470.760009765625,191725400,0.0,0.0
2021-12-16 00:00:00+01:00,473.9200134277344,479.0400085449219,473.9200134277344,476.55999755859375,249711400,0.0,0.0
2021-12-17 00:00:00+01:00,475.6300048828125,476.0400085449219,470.7300109863281,473.8999938964844,347279200,0.0,0.0
2021-12-20 00:00:00+01:00,470.6400146484375,470.6400146484375,461.7900085449219,467.3500061035156,194878200,0.0,0.0
2021-12-21 00:00:00+01:00,469.25,473.989990234375,469.25,473.989990234375,152815700,0.0,0.0
2021-12-22 00:00:00+01:00,474.760009765625,478.3599853515625,473.80999755859375,478.3599853515625,124801200,0.0,0.0
2021-12-23 00:00:00+01:00,478.95001220703125,483.3500061035156,478.8800048828125,483.010009765625,113140000,0.0,0.0
2021-12-27 00:00:00+01:00,481.9100036621094,485.9100036621094,481.3299865722656,485.489990234375,48618200,0.0,0.0
2021-12-28 00:00:00+01:00,485.8399963378906,488.8900146484375,485.760009765625,488.5,53497700,0.0,0.0
2021-12-29 00:00:00+01:00,488.8800048828125,490.1000061035156,486.4599914550781,487.9800109863281,103045300,0.0,0.0
2021-12-30 00:00:00+01:00,488.1499938964844,489.9700012207031,488.05999755859375,488.7099914550781,83709500,0.0,0.0
2022-01-03 00:00:00+01:00,488.2799987792969,491.42999267578125,488.2799987792969,489.989990234375,80135100,0.0,0.0
2022-01-04 00:00:00+01:00,492.1000061035156,495.4599914550781,492.1000061035156,494.0199890136719,205338100,0.0,0.0
2022-01-05 00:00:00+01:00,493.989990234375,495.2699890136719,493.30999755859375,494.3500061035156,171862500,0.0,0.0
2022-01-06 00:00:00+01:00,491.7900085449219,491.7900085449219,486.2799987792969,488.1600036621094,190008500,0.0,0.0
2022-01-07 00:00:00+01:00,487.9700012207031,488.2099914550781,484.1499938964844,486.25,181192700,0.0,0.0
2022-01-10 00:00:00+01:00,487.5799865722656,488.2099914550781,477.8999938964844,479.0400085449219,215567700,0.0,0.0
2022-01-11 00:00:00+01:00,480.7699890136719,484.9599914550781,480.7699890136719,483.0799865722656,173064400,0.0,0.0
2022-01-12 00:00:00+01:00,485.1499938964844,487.17999267578125,483.6199951171875,486.20001220703125,203144900,0.0,0.0
2022-01-13 00:00:00+01:00,485.67999267578125,487.45001220703125,484.3500061035156,486.04998779296875,181886000,0.0,0.0
2022-01-14 00:00:00+01:00,484.6300048828125,484.6300048828125,480.6499938964844,481.1600036621094,191835400,0.0,0.0
2022-01-17 00:00:00+01:00,482.07000732421875,485.17999267578125,481.6199951171875,484.510009765625,168189500,0.0,0.0
2022-01-18 00:00:00+01:00,483.6499938964844,483.6499938964844,477.5199890136719,479.7900085449219,213538400,0.0,0.0
2022-01-19 00:00:00+01:00,478.8800048828125,483.7300109863281,476.8999938964844,480.8999938964844,217835600,0.0,0.0
2022-01-20 00:00:00+01:00,481.3999938964844,483.3999938964844,478.8999938964844,483.3500061035156,194756500,0.0,0.0
2022-01-21 00:00:00+01:00,480.1400146484375,480.1400146484375,470.9599914550781,474.44000244140625,213350700,0.0,0.0
2022-01-24 00:00:00+01:00,472.8999938964844,473.5400085449219,454.5199890136719,456.3599853515625,293734700,0.0,0.0
2022-01-25 00:00:00+01:00,458.8500061035156,462.010009765625,455.9800109863281,459.5899963378906,209564600,0.0,0.0
2022-01-26 00:00:00+01:00,461.29998779296875,470.1099853515625,461.29998779296875,467.30999755859375,197522300,0.0,0.0
2022-01-27 00:00:00+01:00,464.9700012207031,472.42999267578125,460.45001220703125,470.3299865722656,236929200,0.0,0.0
2022-01-28 00:00:00+01:00,469.6000061035156,469.7200012207031,460.2200012207031,465.54998779296875,276683200,0.0,0.0
2022-01-31 00:00:00+01:00,468.1600036621094,471.29998779296875,466.6099853515625,468.8800048828125,203824500,0.0,0.0
2022-02-01 00:00:00+01:00,470.489990234375,475.739990234375,470.489990234375,474.8599853515625,192672900,0.0,0.0
2022-02-02 00:00:00+01:00,476.8399963378906,478.8900146484375,476.80999755859375,477.010009765625,190701900,0.0,0.0
2022-02-03 00:00:00+01:00,476.489990234375,476.489990234375,468.3699951171875,468.6300048828125,223529400,0.0,0.0
2022-02-04 00:00:00+01:00,468.82000732421875,470.94000244140625,460.9700012207031,462.1499938964844,223387000,0.0,0.0
2022-02-07 00:00:00+01:00,463.9800109863281,466.4200134277344,461.1400146484375,465.2799987792969,225916400,0.0,0.0
2022-02-08 00:00:00+01:00,465.54998779296875,469.1700134277344,463.489990234375,465.3399963378906,211674400,0.0,0.0
2022-02-09 00:00:00+01:00,466.7799987792969,474.1000061035156,466.7799987792969,473.3299865722656,240861000,0.0,0.0
2022-02-10 00:00:00+01:00,473.8399963378906,475.8599853515625,469.8299865722656,472.3500061035156,229938200,0.0,0.0
2022-02-11 00:00:00+01:00,470.1499938964844,471.4700012207031,466.44000244140625,469.57000732421875,213876500,0.0,0.0
2022-02-14 00:00:00+01:00,466.4700012207031,466.4700012207031,455.5,460.9599914550781,254774400,0.0,0.0
2022-02-15 00:00:00+01:00,460.8399963378906,467.82000732421875,459.4800109863281,467.55999755859375,200219400,0.0,0.0
2022-02-16 00:00:00+01:00,468.3399963378906,470.5299987792969,465.92999267578125,467.7699890136719,86215200,0.0,0.0
2022-02-17 00:00:00+01:00,468.0400085449219,469.0899963378906,462.9100036621094,464.54998779296875,192689700,0.0,0.0
2022-02-18 00:00:00+01:00,464.6400146484375,466.3800048828125,459.9100036621094,460.80999755859375,188149500,0.0,0.0
2022-02-21 00:00:00+01:00,461.8800048828125,463.6199951171875,452.05999755859375,454.80999755859375,175222500,0.0,0.0
2022-02-22 00:00:00+01:00,450.6499938964844,457.32000732421875,445.95001220703125,455.1199951171875,241968200,0.0,0.0
2022-02-23 00:00:00+01:00,455.55999755859375,460.42999267578125,453.4700012207031,453.8599853515625,204391200,0.0,0.0
2022-02-24 00:00:00+01:00,448.5899963378906,448.5899963378906,434.04998779296875,438.9599914550781,450927300,0.0,0.0
2022-02-25 00:00:00+01:00,440.6300048828125,453.69000244140625,440.6300048828125,453.5299987792969,337460500,0.0,0.0
2022-02-28 00:00:00+01:00,450.8999938964844,453.3999938964844,445.0,453.1099853515625,381363800,0.0,0.0
2022-03-01 00:00:00+01:00,453.0,454.1199951171875,442.3699951171875,442.3699951171875,341979600,0.0,0.0
2022-03-02 00:00:00+01:00,441.3999938964844,448.5299987792969,438.3399963378906,446.3299865722656,336634300,0.0,0.0
2022-03-03 00:00:00+01:00,446.3999938964844,449.0400085449219,436.82000732421875,437.3599853515625,328251700,0.0,0.0
2022-03-04 00:00:00+01:00,436.6099853515625,436.6099853515625,421.7799987792969,421.7799987792969,420074300,0.0,0.0
2022-03-07 00:00:00+01:00,418.6700134277344,423.8999938964844,405.6099853515625,417.1300048828125,531115800,0.0,0.0
2022-03-08 00:00:00+01:00,414.4800109863281,424.3999938964844,413.0899963378906,415.010009765625,383780300,0.0,0.0
2022-03-09 00:00:00+01:00,418.4200134277344,434.45001220703125,418.4200134277344,434.45001220703125,360464500,0.0,0.0
2022-03-10 00:00:00+01:00,434.6700134277344,434.7699890136719,424.1600036621094,427.1199951171875,324844000,0.0,0.0
2022-03-11 00:00:00+01:00,427.8599853515625,438.8399963378906,426.25,431.1700134277344,297498300,0.0,0.0
2022-03-14 00:00:00+01:00,432.0199890136719,439.3699951171875,432.0199890136719,436.3500061035156,257826800,0.0,0.0
2022-03-15 00:00:00+01:00,433.4100036621094,436.4200134277344,426.80999755859375,435.1199951171875,233788100,0.0,0.0
2022-03-16 00:00:00+01:00,438.760009765625,450.8299865722656,438.760009765625,448.45001220703125,395216900,0.0,0.0
2022-03-17 00:00:00+01:00,449.1400146484375,451.42999267578125,446.3699951171875,450.489990234375,265680600,0.0,0.0
2022-03-18 00:00:00+01:00,451.19000244140625,454.6400146484375,446.4800109863281,454.6000061035156,485452900,0.0,0.0
2022-03-21 00:00:00+01:00,454.5,456.1700134277344,453.8399963378906,454.7900085449219,194632400,0.0,0.0
2022-03-22 00:00:00+01:00,455.17999267578125,459.04998779296875,455.17999267578125,458.6499938964844,212626900,0.0,0.0
2022-03-23 00:00:00+01:00,459.3699951171875,459.9800109863281,453.1300048828125,454.0299987792969,207357500,0.0,0.0
2022-03-24 00:00:00+01:00,454.5799865722656,455.7900085449219,452.25,453.07000732421875,229208100,0.0,0.0
2022-03-25 00:00:00+01:00,453.2900085449219,456.3299865722656,451.9599914550781,453.54998779296875,209777100,0.0,0.0
2022-03-28 00:00:00+02:00,453.5899963378906,459.0899963378906,453.5899963378906,454.1700134277344,208873300,0.0,0.0
2022-03-29 00:00:00+02:00,456.04998779296875,463.7900085449219,456.04998779296875,462.0899963378906,286978000,0.0,0.0
2022-03-30 00:00:00+02:00,461.92999267578125,461.92999267578125,457.7900085449219,460.19000244140625,252907000,0.0,0.0
2022-03-31 00:00:00+02:00,460.1099853515625,461.67999267578125,455.8599853515625,455.8599853515625,250724600,0.0,0.0
2022-04-01 00:00:00+02:00,456.4599914550781,459.1600036621094,455.7099914550781,458.3399963378906,211365600,0.0,0.0
2022-04-04 00:00:00+02:00,459.3599853515625,462.6499938964844,457.3900146484375,462.19000244140625,199351900,0.0,0.0
2022-04-05 00:00:00+02:00,462.7900085449219,464.0899963378906,460.8999938964844,463.07000732421875,246136800,0.0,0.0
2022-04-06 00:00:00+02:00,462.739990234375,462.739990234375,452.6400146484375,455.9700012207031,259871300,0.0,0.0
2022-04-07 00:00:00+02:00,456.510009765625,460.5400085449219,454.7200012207031,455.0199890136719,243796600,0.0,0.0
2022-04-08 00:00:00+02:00,456.95001220703125,461.4100036621094,456.95001220703125,460.9700012207031,216095300,0.0,0.0
2022-04-11 00:00:00+02:00,459.2799987792969,461.05999755859375,456.739990234375,458.260009765625,192630800,0.0,0.0
2022-04-12 00:00:00+02:00,456.6300048828125,457.94000244140625,451.6499938964844,456.6499938964844,203441700,0.0,0.0
2022-04-13 00:00:00+02:00,456.489990234375,457.1400146484375,454.05999755859375,456.7799987792969,180007300,0.0,0.0
2022-04-14 00:00:00+02:00,456.989990234375,460.3399963378906,456.2200012207031,459.82000732421875,209398400,0.0,0.0
2022-04-19 00:00:00+02:00,457.8999938964844,457.8999938964844,453.1199951171875,456.2799987792969,190796800,0.0,0.0
2022-04-20 00:00:00+02:00,456.32000732421875,461.05999755859375,456.0199890136719,460.1000061035156,239163300,0.0,0.0
2022-04-21 00:00:00+02:00,459.8699951171875,464.1099853515625,459.7099914550781,461.57000732421875,187611900,0.0,0.0
2022-04-22 00:00:00+02:00,458.5199890136719,458.5199890136719,453.30999755859375,453.30999755859375,196251800,0.0,0.0
2022-04-25 00:00:00+02:00,449.6400146484375,449.6400146484375,443.1499938964844,445.1099853515625,202497000,0.0,0.0
2022-04-26 00:00:00+02:00,447.0400085449219,449.5899963378906,441.1000061035156,441.1000061035156,226273500,0.0,0.0
2022-04-27 00:00:00+02:00,440.70001220703125,445.54998779296875,436.75,444.30999755859375,234380100,0.0,0.0
2022-04-28 00:00:00+02:00,445.9100036621094,450.32000732421875,444.05999755859375,447.07000732421875,216032700,0.0,0.0
2022-04-29 00:00:00+02:00,448.5299987792969,453.4200134277344,448.5299987792969,450.3900146484375,224936600,0.0,0.0
2022-05-02 00:00:00+02:00,448.260009765625,448.260009765625,437.0400085449219,443.8299865722656,102948700,0.0,0.0
2022-05-03 00:00:00+02:00,444.9599914550781,447.54998779296875,443.6199951171875,446.20001220703125,247200700,0.0,0.0
2022-05-04 00:00:00+02:00,446.3399963378906,446.7200012207031,441.3699951171875,441.3699951171875,180693200,0.0,0.0
2022-05-05 00:00:00+02:00,444.17999267578125,449.4800109863281,437.4599914550781,438.260009765625,236314500,0.0,0.0
2022-05-06 00:00:00+02:00,436.6400146484375,436.6400146484375,426.8599853515625,429.9100036621094,254242700,0.0,0.0
2022-05-09 00:00:00+02:00,428.54998779296875,429.489990234375,417.4599914550781,417.4599914550781,198606300,0.0,0.0
2022-05-10 00:00:00+02:00,418.6600036621094,425.4200134277344,418.6600036621094,420.2900085449219,216174200,0.0,0.0
2022-05-11 00:00:00+02:00,421.82000732421875,427.5899963378906,419.45001220703125,427.5899963378906,266261300,0.0,0.0
2022-05-12 00:00:00+02:00,423.7699890136719,426.239990234375,417.2699890136719,424.3999938964844,230970200,0.0,0.0
2022-05-13 00:00:00+02:00,425.7900085449219,433.4800109863281,425.7900085449219,433.4800109863281,195677300,0.0,0.0
2022-05-16 00:00:00+02:00,432.45001220703125,434.1600036621094,429.95001220703125,433.6700134277344,176235900,0.0,0.0
2022-05-17 00:00:00+02:00,435.4800109863281,441.4599914550781,435.4800109863281,438.9700012207031,194437200,0.0,0.0
2022-05-18 00:00:00+02:00,439.2799987792969,440.239990234375,433.9200134277344,433.95001220703125,195206600,0.0,0.0
2022-05-19 00:00:00+02:00,431.57000732421875,431.57000732421875,423.4599914550781,427.67999267578125,221132100,0.0,0.0
2022-05-20 00:00:00+02:00,429.2799987792969,435.5199890136719,429.2799987792969,431.1000061035156,195740800,0.0,0.0
2022-05-23 00:00:00+02:00,432.8500061035156,436.5799865722656,431.6000061035156,436.5400085449219,186505300,0.0,0.0
2022-05-24 00:00:00+02:00,434.760009765625,434.760009765625,430.80999755859375,431.5799865722656,229540500,0.0,0.0
2022-05-25 00:00:00+02:00,432.9700012207031,435.8299865722656,431.1700134277344,434.30999755859375,193400600,0.0,0.0
2022-05-27 00:00:00+02:00,438.57000732421875,444.07000732421875,438.3500061035156,443.92999267578125,178923500,0.0,0.0
2022-05-30 00:00:00+02:00,444.7200012207031,447.7900085449219,444.7200012207031,446.57000732421875,197518400,0.0,0.0
2022-05-31 00:00:00+02:00,446.0199890136719,446.3699951171875,442.70001220703125,443.3500061035156,405170300,0.0,0.0
2022-06-01 00:00:00+02:00,443.6199951171875,445.2900085449219,438.5400085449219,438.7200012207031,181519200,0.0,0.0
2022-06-02 00:00:00+02:00,439.5400085449219,441.5400085449219,439.5400085449219,441.2300109863281,65824900,0.0,0.0
2022-06-03 00:00:00+02:00,442.4100036621094,443.3699951171875,439.69000244140625,440.0899963378906,66030900,0.0,0.0
2022-06-07 00:00:00+02:00,442.8699951171875,443.25,440.2300109863281,442.8800048828125,173940400,0.0,0.0
2022-06-08 00:00:00+02:00,443.6600036621094,444.3699951171875,438.19000244140625,440.3699951171875,175654800,0.0,0.0
2022-06-09 00:00:00+02:00,439.04998779296875,439.5,433.5199890136719,434.3800048828125,189537200,0.0,0.0
2022-06-10 00:00:00+02:00,433.2900085449219,433.2900085449219,422.010009765625,422.7099914550781,251063000,0.0,0.0
2022-06-13 00:00:00+02:00,420.75,420.75,411.3399963378906,412.5199890136719,246353900,0.0,0.0
2022-06-14 00:00:00+02:00,414.010009765625,416.6099853515625,407.32000732421875,407.32000732421875,214260400,0.0,0.0
2022-06-15 00:00:00+02:00,408.1199951171875,415.29998779296875,407.6000061035156,413.1000061035156,252655700,0.0,0.0
2022-06-16 00:00:00+02:00,412.5899963378906,412.5899963378906,402.05999755859375,402.8800048828125,255521500,0.0,0.0
2022-06-17 00:00:00+02:00,403.3699951171875,409.1499938964844,401.9200134277344,403.25,449955000,0.0,0.0
2022-06-20 00:00:00+02:00,403.3800048828125,407.1400146484375,402.1099853515625,407.1400146484375,159595300,0.0,0.0
2022-06-21 00:00:00+02:00,407.4100036621094,411.7699890136719,407.4100036621094,408.5799865722656,156175000,0.0,0.0
2022-06-22 00:00:00+02:00,408.8399963378906,408.8399963378906,401.25,405.739990234375,238934700,0.0,0.0
2022-06-23 00:00:00+02:00,404.4200134277344,406.260009765625,400.0299987792969,402.3999938964844,206583900,0.0,0.0
2022-06-24 00:00:00+02:00,402.94000244140625,413.2099914550781,402.94000244140625,412.92999267578125,195935300,0.0,0.0
2022-06-27 00:00:00+02:00,413.5199890136719,418.5799865722656,413.05999755859375,415.0899963378906,184783200,0.0,0.0
2022-06-28 00:00:00+02:00,416.0400085449219,419.20001220703125,415.9100036621094,416.19000244140625,172989400,0.0,0.0
2022-06-29 00:00:00+02:00,414.6300048828125,414.6300048828125,409.9700012207031,413.4200134277344,173268300,0.0,0.0
2022-06-30 00:00:00+02:00,411.9599914550781,411.9599914550781,404.2799987792969,407.20001220703125,246809000,0.0,0.0
2022-07-01 00:00:00+02:00,405.8900146484375,409.489990234375,402.6000061035156,407.1300048828125,179088600,0.0,0.0
2022-07-04 00:00:00+02:00,408.92999267578125,411.44000244140625,408.8699951171875,409.30999755859375,129211800,0.0,0.0
2022-07-05 00:00:00+02:00,410.19000244140625,411.510009765625,400.5,400.67999267578125,238391200,0.0,0.0
2022-07-06 00:00:00+02:00,402.20001220703125,409.239990234375,402.20001220703125,407.3399963378906,225177200,0.0,0.0
2022-07-07 00:00:00+02:00,409.4200134277344,415.3900146484375,409.4200134277344,415.010009765625,235417800,0.0,0.0
2022-07-08 00:00:00+02:00,414.8599853515625,417.5,412.5899963378906,417.1199951171875,168000900,0.0,0.0
2022-07-11 00:00:00+02:00,415.010009765625,416.19000244140625,410.8299865722656,415.0199890136719,164869200,0.0,0.0
2022-07-12 00:00:00+02:00,414.4599914550781,417.1400146484375,411.3599853515625,417.0400085449219,227743400,0.0,0.0
2022-07-13 00:00:00+02:00,416.9100036621094,416.9100036621094,409.29998779296875,412.80999755859375,188702800,0.0,0.0
2022-07-14 00:00:00+02:00,412.55999755859375,412.6600036621094,404.7799987792969,406.5,223596600,0.0,0.0
2022-07-15 00:00:00+02:00,407.4100036621094,414.0,406.5199890136719,413.7799987792969,215572100,0.0,0.0
2022-07-18 00:00:00+02:00,414.7300109863281,420.0,414.7300109863281,417.6300048828125,173023200,0.0,0.0
2022-07-19 00:00:00+02:00,416.17999267578125,423.8699951171875,414.6099853515625,423.4100036621094,190114400,0.0,0.0
2022-07-20 00:00:00+02:00,423.57000732421875,425.6300048828125,420.8399963378906,422.510009765625,231469200,0.0,0.0
2022-07-21 00:00:00+02:00,422.1700134277344,424.3900146484375,420.0299987792969,424.3900146484375,240787800,0.0,0.0
2022-07-22 00:00:00+02:00,424.2900085449219,427.8500061035156,423.1300048828125,425.7099914550781,182361500,0.0,0.0
2022-07-25 00:00:00+02:00,425.0400085449219,427.2200012207031,423.2699890136719,426.25,168468600,0.0,0.0
2022-07-26 00:00:00+02:00,426.20001220703125,427.45001220703125,425.2799987792969,426.1300048828125,172785800,0.0,0.0
2022-07-27 00:00:00+02:00,426.7300109863281,429.25,426.6499938964844,428.1199951171875,223830200,0.0,0.0
2022-07-28 00:00:00+02:00,429.5199890136719,432.7699890136719,428.3399963378906,432.7699890136719,202954200,0.0,0.0
2022-07-29 00:00:00+02:00,433.55999755859375,439.010009765625,433.55999755859375,438.2900085449219,227464400,0.0,0.0
2022-08-02 00:00:00+02:00,436.42999267578125,436.9200134277344,433.5199890136719,436.07000732421875,159653500,0.0,0.0
2022-08-03 00:00:00+02:00,435.7900085449219,438.4700012207031,434.79998779296875,438.2900085449219,208196200,0.0,0.0
2022-08-04 00:00:00+02:00,438.1300048828125,441.80999755859375,438.0400085449219,439.05999755859375,198772800,0.0,0.0
2022-08-05 00:00:00+02:00,439.1099853515625,439.42999267578125,435.0799865722656,435.7200012207031,156128900,0.0,0.0
2022-08-08 00:00:00+02:00,437.0,441.010009765625,437.0,438.92999267578125,141862900,0.0,0.0
2022-08-09 00:00:00+02:00,438.5400085449219,438.9100036621094,435.4700012207031,435.9800109863281,147616000,0.0,0.0
2022-08-10 00:00:00+02:00,435.7200012207031,440.2799987792969,433.8699951171875,439.8800048828125,167160400,0.0,0.0
2022-08-11 00:00:00+02:00,440.92999267578125,441.9200134277344,439.2900085449219,440.1600036621094,147771900,0.0,0.0
2022-08-12 00:00:00+02:00,440.5199890136719,442.260009765625,439.5199890136719,440.8699951171875,150799600,0.0,0.0
2022-08-15 00:00:00+02:00,441.6499938964844,443.05999755859375,440.05999755859375,442.3500061035156,131723200,0.0,0.0
2022-08-16 00:00:00+02:00,443.0299987792969,444.4599914550781,441.8699951171875,443.07000732421875,140196800,0.0,0.0
2022-08-17 00:00:00+02:00,443.7099914550781,444.3999938964844,438.4200134277344,439.0299987792969,139352100,0.0,0.0
2022-08-18 00:00:00+02:00,438.29998779296875,441.1600036621094,437.7699890136719,440.760009765625,142291900,0.0,0.0
2022-08-19 00:00:00+02:00,440.05999755859375,440.4800109863281,437.07000732421875,437.3599853515625,174701500,0.0,0.0
2022-08-22 00:00:00+02:00,437.0799865722656,437.0799865722656,431.6600036621094,433.1700134277344,159538100,0.0,0.0
2022-08-23 00:00:00+02:00,433.0299987792969,433.6600036621094,430.4700012207031,431.3500061035156,161273300,0.0,0.0
2022-08-24 00:00:00+02:00,431.0400085449219,432.8999938964844,428.4700012207031,432.04998779296875,140802500,0.0,0.0
2022-08-25 00:00:00+02:00,432.95001220703125,435.57000732421875,431.760009765625,433.3599853515625,132811700,0.0,0.0
2022-08-26 00:00:00+02:00,434.0400085449219,435.70001220703125,425.55999755859375,426.0899963378906,160759400,0.0,0.0
2022-08-29 00:00:00+02:00,424.95001220703125,424.95001220703125,420.5,422.6499938964844,76892200,0.0,0.0
2022-08-30 00:00:00+02:00,423.2200012207031,426.9100036621094,418.739990234375,419.80999755859375,215839500,0.0,0.0
2022-08-31 00:00:00+02:00,420.4800109863281,421.510009765625,415.1199951171875,415.1199951171875,263717900,0.0,0.0
2022-09-01 00:00:00+02:00,414.4700012207031,414.4700012207031,407.0899963378906,407.6600036621094,176903100,0.0,0.0
2022-09-02 00:00:00+02:00,408.8900146484375,416.1700134277344,408.8900146484375,415.9700012207031,186424700,0.0,0.0
2022-09-05 00:00:00+02:00,415.20001220703125,415.20001220703125,408.1000061035156,413.3900146484375,159033900,0.0,0.0
2022-09-06 00:00:00+02:00,413.239990234375,416.8699951171875,411.739990234375,414.3800048828125,173747800,0.0,0.0
2022-09-07 00:00:00+02:00,413.2200012207031,413.2200012207031,409.5199890136719,412.010009765625,232724900,0.0,0.0
2022-09-08 00:00:00+02:00,412.95001220703125,414.7900085449219,408.25,414.0899963378906,204855000,0.0,0.0
2022-09-09 00:00:00+02:00,414.19000244140625,421.6400146484375,414.19000244140625,420.3699951171875,194035500,0.0,0.0
2022-09-12 00:00:00+02:00,420.3599853515625,428.5299987792969,420.3599853515625,427.75,207691300,0.0,0.0
2022-09-13 00:00:00+02:00,427.92999267578125,430.4700012207031,421.1300048828125,421.1300048828125,204850500,0.0,0.0
2022-09-14 00:00:00+02:00,420.6499938964844,420.75,415.7699890136719,417.510009765625,223431100,0.0,0.0
2022-09-15 00:00:00+02:00,417.2799987792969,419.7099914550781,414.0400085449219,414.7799987792969,214889800,0.0,0.0
2022-09-16 00:00:00+02:00,412.8299865722656,412.8299865722656,407.9800109863281,408.239990234375,515570300,0.0,0.0
2022-09-19 00:00:00+02:00,408.3500061035156,409.1499938964844,404.0799865722656,407.8699951171875,90969800,0.0,0.0
2022-09-20 00:00:00+02:00,408.2799987792969,411.7699890136719,402.8500061035156,403.4200134277344,232930300,0.0,0.0
2022-09-21 00:00:00+02:00,403.79998779296875,407.1499938964844,401.7200012207031,407.04998779296875,258136600,0.0,0.0
2022-09-22 00:00:00+02:00,405.3999938964844,406.19000244140625,399.54998779296875,399.760009765625,205641800,0.0,0.0
2022-09-23 00:00:00+02:00,399.69000244140625,399.70001220703125,388.3999938964844,390.3999938964844,240251300,0.0,0.0
2022-09-26 00:00:00+02:00,388.6400146484375,391.7099914550781,385.6099853515625,388.75,241223700,0.0,0.0
2022-09-27 00:00:00+02:00,389.32000732421875,393.70001220703125,388.239990234375,388.239990234375,259907500,0.0,0.0
2022-09-28 00:00:00+02:00,386.9200134277344,389.70001220703125,380.7200012207031,389.4100036621094,309105000,0.0,0.0
2022-09-29 00:00:00+02:00,388.8999938964844,388.8999938964844,380.0400085449219,382.8900146484375,253090000,0.0,0.0
2022-09-30 00:00:00+02:00,383.70001220703125,388.45001220703125,383.70001220703125,387.8500061035156,259046000,0.0,0.0
2022-10-03 00:00:00+02:00,386.42999267578125,391.30999755859375,381.5400085449219,390.8299865722656,242704100,0.0,0.0
2022-10-04 00:00:00+02:00,392.79998779296875,403.0299987792969,392.79998779296875,403.0299987792969,243123100,0.0,0.0
2022-10-05 00:00:00+02:00,402.9100036621094,402.9100036621094,397.2799987792969,398.9100036621094,190580200,0.0,0.0
2022-10-06 00:00:00+02:00,400.1000061035156,402.1199951171875,395.1300048828125,396.3500061035156,203257700,0.0,0.0
2022-10-07 00:00:00+02:00,395.70001220703125,397.4599914550781,391.3599853515625,391.6700134277344,178925800,0.0,0.0
2022-10-10 00:00:00+02:00,391.0199890136719,393.2300109863281,388.239990234375,390.1199951171875,191191800,0.0,0.0
2022-10-11 00:00:00+02:00,389.19000244140625,389.6400146484375,384.7900085449219,387.95001220703125,193206500,0.0,0.0
2022-10-12 00:00:00+02:00,387.260009765625,389.70001220703125,384.0799865722656,385.8800048828125,207425900,0.0,0.0
2022-10-13 00:00:00+02:00,385.1099853515625,389.94000244140625,379.7200012207031,389.1499938964844,249566000,0.0,0.0
2022-10-14 00:00:00+02:00,390.8699951171875,397.95001220703125,390.79998779296875,391.30999755859375,214342900,0.0,0.0
2022-10-17 00:00:00+02:00,391.79998779296875,400.0799865722656,390.42999267578125,398.4800109863281,197397200,0.0,0.0
2022-10-18 00:00:00+02:00,398.3599853515625,404.0799865722656,398.3599853515625,399.8399963378906,224735100,0.0,0.0
2022-10-19 00:00:00+02:00,399.8999938964844,400.9100036621094,397.260009765625,397.7300109863281,170325900,0.0,0.0
2022-10-20 00:00:00+02:00,396.9800109863281,400.0299987792969,394.8599853515625,398.7699890136719,216590100,0.0,0.0
2022-10-21 00:00:00+02:00,397.2200012207031,397.69000244140625,391.1000061035156,396.2900085449219,197920200,0.0,0.0
2022-10-24 00:00:00+02:00,398.4599914550781,404.32000732421875,397.2799987792969,401.8399963378906,176785300,0.0,0.0
2022-10-25 00:00:00+02:00,402.8399963378906,407.6600036621094,401.20001220703125,407.6099853515625,182087000,0.0,0.0
2022-10-26 00:00:00+02:00,407.55999755859375,410.3299865722656,405.30999755859375,410.30999755859375,235909500,0.0,0.0
2022-10-27 00:00:00+02:00,409.6300048828125,411.4100036621094,406.4599914550781,410.19000244140625,232912100,0.0,0.0
2022-10-28 00:00:00+02:00,408.55999755859375,410.9200134277344,405.6700134277344,410.760009765625,178317800,0.0,0.0
2022-10-31 00:00:00+01:00,411.29998779296875,413.1600036621094,409.8800048828125,412.20001220703125,197588900,0.0,0.0
2022-11-01 00:00:00+01:00,413.30999755859375,418.4200134277344,413.30999755859375,414.6099853515625,209201500,0.0,0.0
2022-11-02 00:00:00+01:00,415.2900085449219,416.8299865722656,413.1099853515625,413.3900146484375,191925100,0.0,0.0
2022-11-03 00:00:00+01:00,411.20001220703125,411.20001220703125,405.95001220703125,409.54998779296875,186872600,0.0,0.0
2022-11-04 00:00:00+01:00,410.9100036621094,419.44000244140625,410.9100036621094,416.9800109863281,240358600,0.0,0.0
2022-11-07 00:00:00+01:00,416.25,419.739990234375,414.67999267578125,418.3399963378906,208126900,0.0,0.0
2022-11-08 00:00:00+01:00,417.6099853515625,421.9599914550781,416.3500061035156,421.6099853515625,226900200,0.0,0.0
2022-11-09 00:00:00+01:00,420.8399963378906,421.3399963378906,418.04998779296875,420.3399963378906,166969800,0.0,0.0
2022-11-10 00:00:00+01:00,419.260009765625,432.489990234375,418.54998779296875,431.8900146484375,259435000,0.0,0.0
2022-11-11 00:00:00+01:00,433.3900146484375,435.2200012207031,431.510009765625,432.260009765625,252101000,0.0,0.0
2022-11-14 00:00:00+01:00,432.67999267578125,435.6499938964844,432.3800048828125,432.8599853515625,180936100,0.0,0.0
2022-11-15 00:00:00+01:00,433.0299987792969,436.4100036621094,432.2300109863281,434.44000244140625,218419800,0.0,0.0
2022-11-16 00:00:00+01:00,433.8500061035156,434.3999938964844,429.54998779296875,430.1700134277344,193479900,0.0,0.0
2022-11-17 00:00:00+01:00,430.7799987792969,432.45001220703125,425.70001220703125,428.3800048828125,175797800,0.0,0.0
2022-11-18 00:00:00+01:00,430.0299987792969,433.8399963378906,429.82000732421875,433.3299865722656,211857700,0.0,0.0
2022-11-21 00:00:00+01:00,432.8500061035156,434.3800048828125,431.8999938964844,433.05999755859375,166286500,0.0,0.0
2022-11-22 00:00:00+01:00,433.3900146484375,436.9100036621094,432.8800048828125,436.2200012207031,160077200,0.0,0.0
2022-11-23 00:00:00+01:00,436.3699951171875,439.19000244140625,435.55999755859375,438.82000732421875,185290700,0.0,0.0
2022-11-24 00:00:00+01:00,438.3999938964844,441.6199951171875,438.25,440.8399963378906,134094500,0.0,0.0
2022-11-25 00:00:00+01:00,440.30999755859375,441.6000061035156,439.6700134277344,440.7300109863281,134208200,0.0,0.0
2022-11-28 00:00:00+01:00,439.5400085449219,439.8299865722656,436.5,437.8500061035156,167137200,0.0,0.0
2022-11-29 00:00:00+01:00,438.760009765625,440.1600036621094,437.0199890136719,437.2900085449219,174354100,0.0,0.0
2022-11-30 00:00:00+01:00,438.010009765625,441.1300048828125,438.010009765625,440.0400085449219,384804300,0.0,0.0
2022-12-01 00:00:00+01:00,441.55999755859375,445.04998779296875,441.55999755859375,443.9599914550781,216047200,0.0,0.0
2022-12-02 00:00:00+01:00,442.80999755859375,444.45001220703125,439.42999267578125,443.2900085449219,169889800,0.0,0.0
2022-12-05 00:00:00+01:00,442.94000244140625,443.3599853515625,440.92999267578125,441.4700012207031,140024700,0.0,0.0
2022-12-06 00:00:00+01:00,440.94000244140625,441.489990234375,437.5199890136719,438.9200134277344,195377700,0.0,0.0
2022-12-07 00:00:00+01:00,438.0299987792969,438.739990234375,435.3900146484375,436.20001220703125,171431100,0.0,0.0
2022-12-08 00:00:00+01:00,436.1400146484375,436.510009765625,434.1199951171875,435.4700012207031,148453600,0.0,0.0
2022-12-09 00:00:00+01:00,436.3800048828125,439.30999755859375,434.94000244140625,439.1300048828125,181476400,0.0,0.0
2022-12-12 00:00:00+01:00,437.8800048828125,438.0,435.6700134277344,436.9800109863281,151523900,0.0,0.0
2022-12-13 00:00:00+01:00,437.2900085449219,447.1099853515625,436.4700012207031,442.6000061035156,202447400,0.0,0.0
2022-12-14 00:00:00+01:00,441.7900085449219,442.6700134277344,439.5299987792969,442.510009765625,181895600,0.0,0.0
2022-12-15 00:00:00+01:00,440.1499938964844,440.1499938964844,429.5,429.9100036621094,211069000,0.0,0.0
2022-12-16 00:00:00+01:00,429.30999755859375,429.8900146484375,423.4100036621094,424.739990234375,447213700,0.0,0.0
2022-12-19 00:00:00+01:00,425.3800048828125,427.75,425.3800048828125,425.8699951171875,141440100,0.0,0.0
2022-12-20 00:00:00+01:00,424.1199951171875,425.510009765625,421.55999755859375,424.17999267578125,185547300,0.0,0.0
2022-12-21 00:00:00+01:00,425.3299865722656,431.4599914550781,425.3299865722656,431.44000244140625,149092200,0.0,0.0
2022-12-22 00:00:00+01:00,431.4200134277344,433.510009765625,426.79998779296875,427.260009765625,118343000,0.0,0.0
2022-12-23 00:00:00+01:00,427.30999755859375,429.4200134277344,426.1199951171875,427.45001220703125,83403600,0.0,0.0
2022-12-27 00:00:00+01:00,428.2799987792969,429.9700012207031,427.7799987792969,428.0,48798300,0.0,0.0
2022-12-28 00:00:00+01:00,428.5299987792969,430.510009765625,427.2200012207031,427.4599914550781,99511000,0.0,0.0
2022-12-29 00:00:00+01:00,426.8399963378906,430.4800109863281,425.1000061035156,430.3500061035156,98912900,0.0,0.0
2022-12-30 00:00:00+01:00,430.0199890136719,430.0199890136719,424.8399963378906,424.8900146484375,87460500,0.0,0.0
2023-01-03 00:00:00+01:00,430.010009765625,436.8800048828125,430.010009765625,434.17999267578125,198500700,0.0,0.0
2023-01-04 00:00:00+01:00,435.04998779296875,440.3399963378906,435.04998779296875,440.19000244140625,213062300,0.0,0.0
2023-01-05 00:00:00+01:00,439.4200134277344,440.9800109863281,438.260009765625,439.3299865722656,182943300,0.0,0.0
2023-01-06 00:00:00+01:00,439.75,444.4200134277344,438.8699951171875,444.4200134277344,176931000,0.0,0.0
2023-01-09 00:00:00+01:00,445.3900146484375,449.0799865722656,445.3900146484375,448.3500061035156,215292200,0.0,0.0
2023-01-10 00:00:00+01:00,446.6300048828125,446.6300048828125,444.5,445.7099914550781,195824500,0.0,0.0
2023-01-11 00:00:00+01:00,445.8399963378906,448.8599853515625,445.70001220703125,447.4100036621094,225476100,0.0,0.0
2023-01-12 00:00:00+01:00,447.7900085449219,451.7699890136719,447.7900085449219,450.2200012207031,210100000,0.0,0.0
2023-01-13 00:00:00+01:00,450.20001220703125,453.239990234375,450.20001220703125,452.5400085449219,182402000,0.0,0.0
2023-01-16 00:00:00+01:00,453.20001220703125,454.82000732421875,452.6700134277344,454.6300048828125,160334000,0.0,0.0
2023-01-17 00:00:00+01:00,454.4100036621094,457.44000244140625,453.2900085449219,456.4599914550781,224159800,0.0,0.0
2023-01-18 00:00:00+01:00,456.510009765625,459.29998779296875,456.510009765625,457.5299987792969,208454200,0.0,0.0
2023-01-19 00:00:00+01:00,455.5799865722656,455.5799865722656,449.92999267578125,450.45001220703125,206247100,0.0,0.0
2023-01-20 00:00:00+01:00,450.67999267578125,452.489990234375,450.489990234375,452.1199951171875,191045200,0.0,0.0
2023-01-23 00:00:00+01:00,451.8599853515625,454.9200134277344,451.8599853515625,454.489990234375,150174000,0.0,0.0
2023-01-24 00:00:00+01:00,455.0899963378906,455.9800109863281,451.80999755859375,453.3800048828125,171257600,0.0,0.0
2023-01-25 00:00:00+01:00,453.17999267578125,453.4200134277344,449.7799987792969,452.07000732421875,166004300,0.0,0.0
2023-01-26 00:00:00+01:00,453.239990234375,455.5199890136719,453.239990234375,453.9800109863281,210781500,0.0,0.0
2023-01-27 00:00:00+01:00,454.1499938964844,455.5199890136719,453.05999755859375,455.1700134277344,177713500,0.0,0.0
2023-01-30 00:00:00+01:00,453.9599914550781,454.760009765625,451.2699890136719,454.3999938964844,236525300,0.0,0.0
2023-01-31 00:00:00+01:00,453.82000732421875,453.9800109863281,449.7300109863281,453.2099914550781,229658200,0.0,0.0
2023-02-01 00:00:00+01:00,453.7200012207031,455.4700012207031,452.1600036621094,453.0899963378906,230645100,0.0,0.0
2023-02-02 00:00:00+01:00,453.6300048828125,459.3900146484375,453.6300048828125,459.20001220703125,288481800,0.0,0.0
2023-02-03 00:00:00+01:00,457.8599853515625,460.7699890136719,456.5199890136719,460.7699890136719,226721500,0.0,0.0
2023-02-06 00:00:00+01:00,460.1499938964844,460.1499938964844,455.239990234375,457.1600036621094,195252200,0.0,0.0
2023-02-07 00:00:00+01:00,457.79998779296875,458.739990234375,456.70001220703125,458.19000244140625,208191000,0.0,0.0
2023-02-08 00:00:00+01:00,459.5400085449219,462.760009765625,459.4100036621094,459.4599914550781,196577500,0.0,0.0
2023-02-09 00:00:00+01:00,460.8999938964844,464.80999755859375,460.8999938964844,462.30999755859375,252928500,0.0,0.0
2023-02-10 00:00:00+01:00,460.9599914550781,460.9599914550781,455.2200012207031,457.8900146484375,218777400,0.0,0.0
2023-02-13 00:00:00+01:00,458.2300109863281,462.1099853515625,458.2300109863281,462.0299987792969,155363300,0.0,0.0
2023-02-14 00:00:00+01:00,462.5199890136719,466.1099853515625,461.55999755859375,462.3999938964844,184988200,0.0,0.0
2023-02-15 00:00:00+01:00,461.3599853515625,464.8699951171875,460.6400146484375,464.3599853515625,198299100,0.0,0.0
2023-02-16 00:00:00+01:00,465.54998779296875,467.8599853515625,462.54998779296875,465.239990234375,204130200,0.0,0.0
2023-02-17 00:00:00+01:00,463.44000244140625,465.3999938964844,459.54998779296875,464.29998779296875,269664200,0.0,0.0
2023-02-20 00:00:00+01:00,465.1499938964844,465.760009765625,463.55999755859375,464.6400146484375,168220400,0.0,0.0
2023-02-21 00:00:00+01:00,464.17999267578125,464.79998779296875,459.8599853515625,463.7699890136719,203533900,0.0,0.0
2023-02-22 00:00:00+01:00,463.3399963378906,463.3399963378906,458.9700012207031,462.2200012207031,199433300,0.0,0.0
2023-02-23 00:00:00+01:00,462.3500061035156,464.94000244140625,462.3500061035156,462.5,211828700,0.0,0.0
2023-02-24 00:00:00+01:00,462.94000244140625,464.6000061035156,457.4200134277344,457.70001220703125,228049400,0.0,0.0
2023-02-27 00:00:00+01:00,458.44000244140625,464.2200012207031,458.44000244140625,462.5799865722656,179142500,0.0,0.0
2023-02-28 00:00:00+01:00,461.6700134277344,463.4100036621094,460.05999755859375,461.1099853515625,295314300,0.0,0.0
2023-03-01 00:00:00+01:00,460.5299987792969,462.739990234375,457.0199890136719,457.67999267578125,238490700,0.0,0.0
2023-03-02 00:00:00+01:00,456.5799865722656,460.20001220703125,454.6000061035156,460.0199890136719,192853000,0.0,0.0
2023-03-03 00:00:00+01:00,461.1099853515625,464.57000732421875,461.1099853515625,464.260009765625,174267800,0.0,0.0
2023-03-06 00:00:00+01:00,465.1300048828125,465.95001220703125,462.8900146484375,464.17999267578125,174884100,0.0,0.0
2023-03-07 00:00:00+01:00,464.1400146484375,465.6400146484375,460.510009765625,460.6000061035156,198444100,0.0,0.0
2023-03-08 00:00:00+01:00,459.8399963378906,461.5299987792969,458.9599914550781,460.989990234375,177416700,0.0,0.0
2023-03-09 00:00:00+01:00,460.3599853515625,461.0,457.5899963378906,459.9800109863281,185995900,0.0,0.0
2023-03-10 00:00:00+01:00,457.54998779296875,457.54998779296875,451.20001220703125,453.760009765625,247532600,0.0,0.0
2023-03-13 00:00:00+01:00,453.3800048828125,453.3800048828125,440.2900085449219,442.79998779296875,351230200,0.0,0.0
2023-03-14 00:00:00+01:00,443.4800109863281,450.2699890136719,441.6099853515625,449.55999755859375,247119800,0.0,0.0
2023-03-15 00:00:00+01:00,449.19000244140625,449.19000244140625,435.7300109863281,436.45001220703125,381287300,0.0,0.0
2023-03-16 00:00:00+01:00,437.4800109863281,442.739990234375,433.94000244140625,441.6400146484375,324579400,0.0,0.0
2023-03-17 00:00:00+01:00,443.1400146484375,446.9100036621094,434.6199951171875,436.30999755859375,522609600,0.0,0.0
2023-03-20 00:00:00+01:00,435.04998779296875,442.32000732421875,427.7699890136719,440.6000061035156,329129900,0.0,0.0
2023-03-21 00:00:00+01:00,441.8500061035156,448.57000732421875,441.8500061035156,446.4700012207031,227368800,0.0,0.0
2023-03-22 00:00:00+01:00,446.8900146484375,448.8800048828125,445.6600036621094,447.1600036621094,208084900,0.0,0.0
2023-03-23 00:00:00+01:00,446.010009765625,447.0299987792969,442.510009765625,446.2200012207031,235125600,0.0,0.0
2023-03-24 00:00:00+01:00,445.3699951171875,445.3699951171875,437.0799865722656,440.1099853515625,256865500,0.0,0.0
2023-03-27 00:00:00+02:00,440.82000732421875,446.260009765625,440.82000732421875,444.7200012207031,152463600,0.0,0.0
2023-03-28 00:00:00+02:00,445.3399963378906,448.1700134277344,443.4100036621094,444.45001220703125,224632900,0.0,0.0
2023-03-29 00:00:00+02:00,444.69000244140625,450.239990234375,444.69000244140625,450.2099914550781,179362900,0.0,0.0
2023-03-30 00:00:00+02:00,450.4800109863281,455.54998779296875,450.4800109863281,454.8399963378906,196009900,0.0,0.0
2023-03-31 00:00:00+02:00,455.1400146484375,458.7099914550781,454.510009765625,457.8399963378906,218381500,0.0,0.0
2023-04-03 00:00:00+02:00,457.8299865722656,459.04998779296875,457.1000061035156,457.7200012207031,196214600,0.0,0.0
2023-04-04 00:00:00+02:00,458.0199890136719,460.8999938964844,457.1700134277344,457.3399963378906,179750900,0.0,0.0
2023-04-05 00:00:00+02:00,457.1499938964844,457.7200012207031,455.55999755859375,456.5899963378906,175917900,0.0,0.0
2023-04-06 00:00:00+02:00,456.3900146484375,459.29998779296875,456.3900146484375,458.94000244140625,151178000,0.0,0.0
2023-04-11 00:00:00+02:00,459.3999938964844,462.7300109863281,459.3999938964844,461.7900085449219,202259900,0.0,0.0
2023-04-12 00:00:00+02:00,461.5199890136719,465.6199951171875,461.4800109863281,462.3800048828125,188097400,0.0,0.0
2023-04-13 00:00:00+02:00,462.7799987792969,464.5400085449219,462.75,464.2099914550781,175369000,0.0,0.0
2023-04-14 00:00:00+02:00,464.30999755859375,468.04998779296875,464.30999755859375,466.9100036621094,194560600,0.0,0.0
2023-04-17 00:00:00+02:00,467.3299865722656,468.95001220703125,466.54998779296875,466.8399963378906,166950500,0.0,0.0
2023-04-18 00:00:00+02:00,466.7699890136719,469.80999755859375,466.7699890136719,468.6199951171875,155868000,0.0,0.0
2023-04-19 00:00:00+02:00,468.7099914550781,468.7099914550781,466.510009765625,468.1300048828125,184775900,0.0,0.0
2023-04-20 00:00:00+02:00,467.7099914550781,467.8599853515625,466.0400085449219,467.42999267578125,209741800,0.0,0.0
2023-04-21 00:00:00+02:00,467.3800048828125,469.0,465.82000732421875,469.0,208297500,0.0,0.0
2023-04-24 00:00:00+02:00,468.3299865722656,469.6400146484375,467.3299865722656,468.9700012207031,162760500,0.0,0.0
2023-04-25 00:00:00+02:00,468.32000732421875,468.32000732421875,465.9700012207031,467.0799865722656,177789500,0.0,0.0
2023-04-26 00:00:00+02:00,466.3900146484375,466.3900146484375,461.2099914550781,463.2099914550781,218974700,0.0,0.0
2023-04-27 00:00:00+02:00,462.7900085449219,464.989990234375,462.239990234375,464.0299987792969,181130500,0.0,0.0
2023-04-28 00:00:00+02:00,464.1400146484375,466.6400146484375,461.3999938964844,466.6400146484375,234537800,0.0,0.0
2023-05-02 00:00:00+02:00,466.5199890136719,467.8299865722656,460.8500061035156,461.0799865722656,219175100,0.0,0.0
2023-05-03 00:00:00+02:00,461.760009765625,463.5799865722656,461.760009765625,462.510009765625,210720100,0.0,0.0
2023-05-04 00:00:00+02:00,459.9800109863281,461.3800048828125,458.0,460.3399963378906,197066500,0.0,0.0
2023-05-05 00:00:00+02:00,460.19000244140625,465.3399963378906,460.19000244140625,465.30999755859375,179943500,0.0,0.0
2023-05-08 00:00:00+02:00,465.5,467.29998779296875,465.2900085449219,466.94000244140625,84803300,0.0,0.0
2023-05-09 00:00:00+02:00,466.989990234375,466.989990234375,462.9800109863281,465.4100036621094,207861900,0.0,0.0
2023-05-10 00:00:00+02:00,465.44000244140625,466.0299987792969,462.3999938964844,463.6400146484375,207812400,0.0,0.0
2023-05-11 00:00:00+02:00,463.2099914550781,466.8299865722656,461.20001220703125,463.6199951171875,209074200,0.0,0.0
2023-05-12 00:00:00+02:00,463.5199890136719,467.04998779296875,463.5199890136719,465.489990234375,167464600,0.0,0.0
2023-05-15 00:00:00+02:00,465.3900146484375,467.57000732421875,465.3500061035156,466.6700134277344,157779000,0.0,0.0
2023-05-16 00:00:00+02:00,466.07000732421875,467.1400146484375,464.0299987792969,464.70001220703125,213459500,0.0,0.0
2023-05-17 00:00:00+02:00,464.260009765625,465.1600036621094,462.2099914550781,463.9800109863281,162778400,0.0,0.0
2023-05-19 00:00:00+02:00,466.17999267578125,470.45001220703125,466.17999267578125,468.8500061035156,176850300,0.0,0.0
2023-05-22 00:00:00+02:00,468.6499938964844,469.8399963378906,467.8399963378906,468.9100036621094,212204000,0.0,0.0
2023-05-23 00:00:00+02:00,468.6000061035156,468.6000061035156,466.05999755859375,466.1000061035156,153561500,0.0,0.0
2023-05-24 00:00:00+02:00,465.760009765625,465.760009765625,456.1000061035156,457.6499938964844,217912600,0.0,0.0
2023-05-25 00:00:00+02:00,457.95001220703125,458.7200012207031,456.1300048828125,456.17999267578125,177595000,0.0,0.0
2023-05-26 00:00:00+02:00,456.55999755859375,462.3699951171875,455.8500061035156,461.4100036621094,187415200,0.0,0.0
2023-05-30 00:00:00+02:00,460.75,461.7200012207031,456.260009765625,456.6300048828125,181350000,0.0,0.0
2023-05-31 00:00:00+02:00,456.1700134277344,456.20001220703125,451.25,451.760009765625,553879200,0.0,0.0
2023-06-01 00:00:00+02:00,452.42999267578125,456.17999267578125,452.42999267578125,455.2699890136719,201949300,0.0,0.0
2023-06-02 00:00:00+02:00,455.3800048828125,462.3599853515625,455.3800048828125,462.1499938964844,194306800,0.0,0.0
2023-06-05 00:00:00+02:00,461.79998779296875,463.2099914550781,459.55999755859375,459.92999267578125,160642200,0.0,0.0
2023-06-06 00:00:00+02:00,460.3599853515625,462.1099853515625,459.2699890136719,461.67999267578125,173685500,0.0,0.0
2023-06-07 00:00:00+02:00,461.9200134277344,462.5199890136719,460.3999938964844,460.79998779296875,165937800,0.0,0.0
2023-06-08 00:00:00+02:00,460.0,461.3800048828125,459.67999267578125,460.70001220703125,153567300,0.0,0.0
2023-06-09 00:00:00+02:00,461.0799865722656,461.8399963378906,458.5799865722656,460.010009765625,143629100,0.0,0.0
2023-06-12 00:00:00+02:00,460.2900085449219,462.8699951171875,460.2900085449219,460.7300109863281,153407600,0.0,0.0
2023-06-13 00:00:00+02:00,460.9100036621094,463.75,460.489990234375,463.2699890136719,198425800,0.0,0.0
2023-06-14 00:00:00+02:00,463.5199890136719,466.3500061035156,463.1099853515625,464.94000244140625,197712800,0.0,0.0
2023-06-15 00:00:00+02:00,464.42999267578125,464.4599914550781,461.1199951171875,464.3299865722656,185661000,0.0,0.0
2023-06-16 00:00:00+02:00,464.6600036621094,468.25,464.6600036621094,466.79998779296875,438930700,0.0,0.0
2023-06-19 00:00:00+02:00,466.42999267578125,466.42999267578125,461.57000732421875,462.0400085449219,127331700,0.0,0.0
2023-06-20 00:00:00+02:00,461.6499938964844,461.9100036621094,459.25,459.32000732421875,146670900,0.0,0.0
2023-06-21 00:00:00+02:00,459.3699951171875,459.4200134277344,456.6099853515625,457.010009765625,150107300,0.0,0.0
2023-06-22 00:00:00+02:00,454.6600036621094,454.70001220703125,450.94000244140625,454.70001220703125,173651400,0.0,0.0
2023-06-23 00:00:00+02:00,453.8900146484375,455.2200012207031,451.79998779296875,453.1400146484375,162975900,0.0,0.0
2023-06-26 00:00:00+02:00,453.1499938964844,453.75,450.1600036621094,452.67999267578125,178983700,0.0,0.0
2023-06-27 00:00:00+02:00,452.9100036621094,454.7799987792969,450.510009765625,452.8999938964844,155082800,0.0,0.0
2023-06-28 00:00:00+02:00,453.45001220703125,456.3900146484375,453.45001220703125,456.04998779296875,167907900,0.0,0.0
2023-06-29 00:00:00+02:00,456.1499938964844,457.55999755859375,455.6000061035156,456.6400146484375,147298100,0.0,0.0
2023-06-30 00:00:00+02:00,457.1099853515625,462.7699890136719,456.95001220703125,461.92999267578125,185979500,0.0,0.0
2023-07-03 00:00:00+02:00,461.8900146484375,463.94000244140625,460.8500061035156,460.9800109863281,141827300,0.0,0.0
2023-07-04 00:00:00+02:00,461.07000732421875,462.29998779296875,461.05999755859375,461.29998779296875,140087400,0.0,0.0
2023-07-05 00:00:00+02:00,460.82000732421875,460.82000732421875,457.2699890136719,457.94000244140625,160390000,0.0,0.0
2023-07-06 00:00:00+02:00,457.6300048828125,457.6300048828125,446.4100036621094,447.2200012207031,183720600,0.0,0.0
2023-07-07 00:00:00+02:00,447.4100036621094,449.6300048828125,444.9100036621094,447.6499938964844,132135300,0.0,0.0
2023-07-10 00:00:00+02:00,447.29998779296875,449.6400146484375,446.04998779296875,448.4700012207031,109739200,0.0,0.0
2023-07-11 00:00:00+02:00,449.1700134277344,452.29998779296875,448.80999755859375,451.7200012207031,154514000,0.0,0.0
2023-07-12 00:00:00+02:00,451.9200134277344,458.9200134277344,451.9200134277344,458.5400085449219,205566900,0.0,0.0
2023-07-13 00:00:00+02:00,458.7099914550781,462.6099853515625,458.7099914550781,461.3599853515625,146640500,0.0,0.0
2023-07-14 00:00:00+02:00,460.5299987792969,462.4599914550781,460.239990234375,460.8299865722656,151740200,0.0,0.0
2023-07-17 00:00:00+02:00,460.20001220703125,460.20001220703125,457.4200134277344,457.9200134277344,111349200,0.0,0.0
2023-07-18 00:00:00+02:00,457.8599853515625,461.1499938964844,457.5400085449219,460.760009765625,126715200,0.0,0.0
2023-07-19 00:00:00+02:00,460.4100036621094,463.5799865722656,460.4100036621094,461.9700012207031,184164900,0.0,0.0
2023-07-20 00:00:00+02:00,461.80999755859375,464.1700134277344,460.92999267578125,463.92999267578125,156467200,0.0,0.0
2023-07-21 00:00:00+02:00,464.07000732421875,465.3999938964844,463.2699890136719,465.3999938964844,138369600,0.0,0.0
2023-07-24 00:00:00+02:00,465.0,466.239990234375,463.7099914550781,465.67999267578125,128295000,0.0,0.0
2023-07-25 00:00:00+02:00,465.6600036621094,468.2799987792969,465.0799865722656,467.9200134277344,119136500,0.0,0.0
2023-07-26 00:00:00+02:00,468.1400146484375,468.1400146484375,462.2900085449219,465.4599914550781,179281300,0.0,0.0
2023-07-27 00:00:00+02:00,465.67999267578125,472.69000244140625,465.67999267578125,471.739990234375,217780300,0.0,0.0
2023-07-28 00:00:00+02:00,470.9599914550781,471.6000061035156,469.5400085449219,470.7799987792969,181983800,0.0,0.0
2023-07-31 00:00:00+02:00,470.8699951171875,472.2699890136719,469.9800109863281,471.3500061035156,157585600,0.0,0.0
2023-08-02 00:00:00+02:00,466.19000244140625,466.19000244140625,458.9100036621094,460.8399963378906,182766200,0.0,0.0
2023-08-03 00:00:00+02:00,460.3399963378906,460.3399963378906,455.6000061035156,457.92999267578125,235748900,0.0,0.0
2023-08-04 00:00:00+02:00,458.010009765625,459.70001220703125,455.6600036621094,459.2799987792969,145166400,0.0,0.0
2023-08-07 00:00:00+02:00,459.25,460.010009765625,456.6700134277344,459.67999267578125,116654600,0.0,0.0
2023-08-08 00:00:00+02:00,459.2099914550781,459.7099914550781,455.94000244140625,458.6000061035156,218821200,0.0,0.0
2023-08-09 00:00:00+02:00,459.1499938964844,463.3800048828125,459.1499938964844,460.5799865722656,215737600,0.0,0.0
2023-08-10 00:00:00+02:00,460.19000244140625,465.760009765625,460.19000244140625,464.2300109863281,178854200,0.0,0.0
2023-08-11 00:00:00+02:00,463.5199890136719,463.5199890136719,458.0,459.1700134277344,148874600,0.0,0.0
2023-08-14 00:00:00+02:00,459.0400085449219,460.510009765625,457.82000732421875,459.8599853515625,192559500,0.0,0.0
2023-08-15 00:00:00+02:00,460.2099914550781,460.32000732421875,454.2099914550781,455.57000732421875,118525700,0.0,0.0
2023-08-16 00:00:00+02:00,455.3500061035156,456.70001220703125,453.9800109863281,455.2900085449219,138758100,0.0,0.0
2023-08-17 00:00:00+02:00,454.8900146484375,454.8900146484375,451.0299987792969,451.19000244140625,124618200,0.0,0.0
2023-08-18 00:00:00+02:00,450.489990234375,450.489990234375,445.5,448.44000244140625,135281800,0.0,0.0
2023-08-21 00:00:00+02:00,448.5400085449219,452.3800048828125,448.4200134277344,448.6600036621094,118455900,0.0,0.0
2023-08-22 00:00:00+02:00,449.2099914550781,454.1199951171875,449.2099914550781,451.70001220703125,141273900,0.0,0.0
2023-08-23 00:00:00+02:00,451.9800109863281,455.0899963378906,451.9800109863281,453.45001220703125,158386900,0.0,0.0
2023-08-24 00:00:00+02:00,454.1300048828125,458.0199890136719,451.3800048828125,451.57000732421875,108043500,0.0,0.0
2023-08-25 00:00:00+02:00,451.19000244140625,454.55999755859375,450.6099853515625,451.3900146484375,98297700,0.0,0.0
2023-08-28 00:00:00+02:00,452.07000732421875,455.8500061035156,452.07000732421875,455.4100036621094,66605600,0.0,0.0
2023-08-29 00:00:00+02:00,456.1700134277344,460.1300048828125,456.1700134277344,459.8299865722656,217518400,0.0,0.0
2023-08-30 00:00:00+02:00,459.7799987792969,461.2699890136719,457.760009765625,459.1300048828125,139208500,0.0,0.0
2023-08-31 00:00:00+02:00,459.0,461.30999755859375,458.19000244140625,458.19000244140625,270104000,0.0,0.0
2023-09-01 00:00:00+02:00,458.30999755859375,460.5,457.7099914550781,458.1300048828125,159667600,0.0,0.0
2023-09-04 00:00:00+02:00,458.7900085449219,462.17999267578125,457.5899963378906,457.9599914550781,123791800,0.0,0.0
2023-09-05 00:00:00+02:00,457.44000244140625,458.67999267578125,454.1199951171875,456.8999938964844,129662100,0.0,0.0
2023-09-06 00:00:00+02:00,456.3599853515625,456.3599853515625,453.010009765625,454.29998779296875,147513500,0.0,0.0
2023-09-07 00:00:00+02:00,453.8800048828125,455.44000244140625,452.04998779296875,453.6700134277344,137245700,0.0,0.0
2023-09-08 00:00:00+02:00,454.1700134277344,455.44000244140625,450.6099853515625,454.6600036621094,148417900,0.0,0.0
2023-09-11 00:00:00+02:00,454.9700012207031,458.80999755859375,454.9700012207031,456.2099914550781,141463500,0.0,0.0
2023-09-12 00:00:00+02:00,456.5899963378906,457.42999267578125,454.8800048828125,455.3999938964844,155706800,0.0,0.0
2023-09-13 00:00:00+02:00,454.4599914550781,454.7099914550781,451.1000061035156,453.94000244140625,159519500,0.0,0.0
2023-09-14 00:00:00+02:00,454.04998779296875,461.3500061035156,453.42999267578125,460.8599853515625,200877600,0.0,0.0
2023-09-15 00:00:00+02:00,461.6499938964844,465.32000732421875,461.6300048828125,461.92999267578125,408767200,0.0,0.0
2023-09-18 00:00:00+02:00,461.44000244140625,461.44000244140625,455.9599914550781,456.7200012207031,132668900,0.0,0.0
2023-09-19 00:00:00+02:00,456.42999267578125,457.9800109863281,455.4100036621094,456.5199890136719,152767600,0.0,0.0
2023-09-20 00:00:00+02:00,456.3599853515625,461.5400085449219,456.3599853515625,460.6600036621094,195628200,0.0,0.0
2023-09-21 00:00:00+02:00,459.9599914550781,459.9599914550781,454.4800109863281,454.6700134277344,200035700,0.0,0.0
2023-09-22 00:00:00+02:00,454.0199890136719,454.7300109863281,451.5400085449219,453.260009765625,199956800,0.0,0.0
2023-09-25 00:00:00+02:00,452.7200012207031,453.8599853515625,447.8999938964844,450.44000244140625,150820900,0.0,0.0
2023-09-26 00:00:00+02:00,449.94000244140625,449.94000244140625,446.489990234375,447.70001220703125,149100500,0.0,0.0
2023-09-27 00:00:00+02:00,447.6099853515625,449.5199890136719,446.1400146484375,446.9100036621094,160077000,0.0,0.0
2023-09-28 00:00:00+02:00,447.010009765625,448.5400085449219,444.3800048828125,448.5,168408000,0.0,0.0
2023-09-29 00:00:00+02:00,449.760009765625,454.0299987792969,449.760009765625,450.2200012207031,171043200,0.0,0.0
2023-10-02 00:00:00+02:00,450.82000732421875,452.510009765625,444.1099853515625,445.5899963378906,155834800,0.0,0.0
2023-10-03 00:00:00+02:00,444.8900146484375,446.3599853515625,440.3999938964844,440.70001220703125,154059800,0.0,0.0
2023-10-04 00:00:00+02:00,439.7200012207031,443.45001220703125,438.0799865722656,440.0799865722656,213747500,0.0,0.0
2023-10-05 00:00:00+02:00,440.82000732421875,443.4700012207031,439.8699951171875,441.30999755859375,155945100,0.0,0.0
2023-10-06 00:00:00+02:00,442.1199951171875,444.95001220703125,440.4599914550781,444.92999267578125,185960600,0.0,0.0
2023-10-09 00:00:00+02:00,444.8399963378906,446.0199890136719,442.1499938964844,443.7900085449219,169573100,0.0,0.0
2023-10-10 00:00:00+02:00,444.5899963378906,452.739990234375,444.5899963378906,452.4800109863281,177485300,0.0,0.0
2023-10-11 00:00:00+02:00,452.8399963378906,454.54998779296875,451.1700134277344,453.1600036621094,158598500,0.0,0.0
2023-10-12 00:00:00+02:00,453.70001220703125,457.0199890136719,453.5299987792969,453.6300048828125,164004300,0.0,0.0
2023-10-13 00:00:00+02:00,453.32000732421875,453.4100036621094,448.95001220703125,449.17999267578125,169200300,0.0,0.0
2023-10-16 00:00:00+02:00,449.5299987792969,451.44000244140625,447.3999938964844,450.20001220703125,198897100,0.0,0.0
2023-10-17 00:00:00+02:00,450.0,451.7300109863281,446.9100036621094,449.760009765625,178757600,0.0,0.0
2023-10-18 00:00:00+02:00,449.5799865722656,449.8699951171875,444.6000061035156,445.0199890136719,168884300,0.0,0.0
2023-10-19 00:00:00+02:00,444.2699890136719,444.2699890136719,439.3500061035156,439.7300109863281,179907600,0.0,0.0
2023-10-20 00:00:00+02:00,438.7300109863281,438.7300109863281,433.7300109863281,433.7300109863281,209011400,0.0,0.0
2023-10-23 00:00:00+02:00,433.7699890136719,434.5400085449219,429.6600036621094,433.17999267578125,150100800,0.0,0.0
2023-10-24 00:00:00+02:00,433.42999267578125,435.8800048828125,431.510009765625,435.0899963378906,164042000,0.0,0.0
2023-10-25 00:00:00+02:00,434.9100036621094,435.9599914550781,432.20001220703125,435.2699890136719,188486900,0.0,0.0
2023-10-26 00:00:00+02:00,434.3399963378906,434.6099853515625,430.19000244140625,433.20001220703125,197599100,0.0,0.0
2023-10-27 00:00:00+02:00,432.7200012207031,434.3299865722656,428.8399963378906,429.5799865722656,158139600,0.0,0.0
2023-10-30 00:00:00+01:00,430.3900146484375,433.2300109863281,430.3900146484375,431.1199951171875,193346500,0.0,0.0
2023-10-31 00:00:00+01:00,431.32000732421875,434.5400085449219,431.32000732421875,433.6600036621094,186996300,0.0,0.0
2023-11-01 00:00:00+01:00,434.7099914550781,437.8399963378906,433.3299865722656,436.57000732421875,169277200,0.0,0.0
2023-11-02 00:00:00+01:00,437.95001220703125,444.9599914550781,437.95001220703125,443.4700012207031,213496500,0.0,0.0
2023-11-03 00:00:00+01:00,443.95001220703125,445.8900146484375,443.5299987792969,444.239990234375,180969200,0.0,0.0
2023-11-06 00:00:00+01:00,444.79998779296875,445.6099853515625,442.9599914550781,443.5199890136719,200484500,0.0,0.0
2023-11-07 00:00:00+01:00,442.57000732421875,444.0,441.8800048828125,442.80999755859375,147011800,0.0,0.0
2023-11-08 00:00:00+01:00,442.05999755859375,446.2200012207031,441.0199890136719,444.07000732421875,172233300,0.0,0.0
2023-11-09 00:00:00+01:00,443.8699951171875,448.1600036621094,442.8299865722656,447.79998779296875,170976000,0.0,0.0
2023-11-10 00:00:00+01:00,446.6400146484375,446.6400146484375,441.1300048828125,443.30999755859375,171419100,0.0,0.0
2023-11-13 00:00:00+01:00,444.8399963378906,447.07000732421875,444.67999267578125,446.6199951171875,163552000,0.0,0.0
2023-11-14 00:00:00+01:00,446.9599914550781,453.3599853515625,446.3800048828125,452.6000061035156,218544000,0.0,0.0
2023-11-15 00:00:00+01:00,453.0799865722656,456.5299987792969,453.0799865722656,454.5199890136719,189789700,0.0,0.0
2023-11-16 00:00:00+01:00,453.6499938964844,454.42999267578125,451.2699890136719,451.2699890136719,182832000,0.0,0.0
2023-11-17 00:00:00+01:00,452.0400085449219,456.6300048828125,452.0400085449219,455.82000732421875,192575800,0.0,0.0
2023-11-20 00:00:00+01:00,455.67999267578125,456.5899963378906,455.010009765625,456.260009765625,137184300,0.0,0.0
2023-11-21 00:00:00+01:00,456.17999267578125,456.6600036621094,455.0799865722656,455.8500061035156,144530900,0.0,0.0
2023-11-22 00:00:00+01:00,456.1000061035156,458.30999755859375,456.1000061035156,457.239990234375,141433000,0.0,0.0
2023-11-23 00:00:00+01:00,457.5799865722656,458.7300109863281,457.1000061035156,458.4700012207031,121884000,0.0,0.0
2023-11-24 00:00:00+01:00,458.17999267578125,460.20001220703125,457.80999755859375,459.9800109863281,115780500,0.0,0.0
2023-11-27 00:00:00+01:00,459.6300048828125,460.1499938964844,458.29998779296875,458.4100036621094,121182000,0.0,0.0
2023-11-28 00:00:00+01:00,457.7200012207031,457.7200012207031,455.0799865722656,457.0400085449219,142651100,0.0,0.0
2023-11-29 00:00:00+01:00,456.7799987792969,459.95001220703125,456.69000244140625,459.1000061035156,163459700,0.0,0.0
2023-11-30 00:00:00+01:00,459.70001220703125,462.05999755859375,458.3800048828125,461.6099853515625,355875900,0.0,0.0
2023-12-01 00:00:00+01:00,461.8999938964844,466.239990234375,461.8999938964844,466.20001220703125,156144600,0.0,0.0
2023-12-04 00:00:00+01:00,465.4599914550781,467.1600036621094,464.9700012207031,465.7799987792969,171704300,0.0,0.0
2023-12-05 00:00:00+01:00,465.42999267578125,467.9800109863281,464.8500061035156,467.6199951171875,172291800,0.0,0.0
2023-12-06 00:00:00+01:00,468.4599914550781,471.2900085449219,467.8999938964844,470.05999755859375,252289500,0.0,0.0
2023-12-07 00:00:00+01:00,469.6300048828125,469.6300048828125,467.69000244140625,468.7799987792969,185372600,0.0,0.0
2023-12-08 00:00:00+01:00,468.9599914550781,473.19000244140625,468.9599914550781,472.260009765625,181937200,0.0,0.0
2023-12-11 00:00:00+01:00,472.5199890136719,474.1400146484375,471.1600036621094,473.70001220703125,172956900,0.0,0.0
2023-12-12 00:00:00+01:00,473.3500061035156,474.75,471.8699951171875,472.7200012207031,184036200,0.0,0.0
2023-12-13 00:00:00+01:00,472.6300048828125,474.5199890136719,472.4599914550781,472.4599914550781,213735800,0.0,0.0
2023-12-14 00:00:00+01:00,474.79998779296875,480.6400146484375,474.19000244140625,476.57000732421875,336497900,0.0,0.0
2023-12-15 00:00:00+01:00,477.0400085449219,479.2099914550781,475.7200012207031,476.6099853515625,415761800,0.0,0.0
2023-12-18 00:00:00+01:00,475.7799987792969,476.7900085449219,474.3999938964844,475.32000732421875,185040400,0.0,0.0
2023-12-19 00:00:00+01:00,475.4700012207031,477.3800048828125,475.3500061035156,477.0400085449219,207092900,0.0,0.0
2023-12-20 00:00:00+01:00,477.4800109863281,479.3900146484375,476.04998779296875,477.94000244140625,244238700,0.0,0.0
2023-12-21 00:00:00+01:00,476.92999267578125,477.2200012207031,475.1000061035156,476.94000244140625,156303200,0.0,0.0
2023-12-22 00:00:00+01:00,476.6300048828125,478.0400085449219,476.07000732421875,477.6000061035156,125597900,0.0,0.0
2023-12-27 00:00:00+01:00,477.42999267578125,479.7200012207031,477.42999267578125,478.6199951171875,119336200,0.0,0.0
2023-12-28 00:00:00+01:00,479.75,480.42999267578125,477.7200012207031,478.0799865722656,95191800,0.0,0.0
2023-12-29 00:00:00+01:00,478.2799987792969,479.8599853515625,478.2799987792969,479.0199890136719,88069200,0.0,0.0
2024-01-03 00:00:00+01:00,478.1700134277344,479.44000244140625,472.8800048828125,474.3999938964844,202523600,0.0,0.0
2024-01-04 00:00:00+01:00,475.3399963378906,477.82000732421875,474.2099914550781,477.67999267578125,200675900,0.0,0.0
2024-01-05 00:00:00+01:00,476.4599914550781,477.17999267578125,472.239990234375,476.3800048828125,165256400,0.0,0.0
2024-01-08 00:00:00+01:00,475.7799987792969,478.17999267578125,472.94000244140625,478.17999267578125,189512300,0.0,0.0
2024-01-09 00:00:00+01:00,478.67999267578125,478.8299865722656,475.67999267578125,477.260009765625,176764900,0.0,0.0
2024-01-10 00:00:00+01:00,476.7699890136719,477.7799987792969,475.739990234375,476.4200134277344,170747200,0.0,0.0
2024-01-11 00:00:00+01:00,477.6199951171875,480.0400085449219,472.7200012207031,472.7699890136719,237108800,0.0,0.0
2024-01-12 00:00:00+01:00,473.9200134277344,478.17999267578125,473.9200134277344,476.760009765625,181274700,0.0,0.0
2024-01-15 00:00:00+01:00,476.8800048828125,477.6300048828125,473.6600036621094,474.19000244140625,153134900,0.0,0.0
2024-01-16 00:00:00+01:00,472.6700134277344,473.3800048828125,470.2200012207031,473.05999755859375,218473400,0.0,0.0
2024-01-17 00:00:00+01:00,470.3800048828125,470.3800048828125,464.989990234375,467.7099914550781,201410100,0.0,0.0
2024-01-18 00:00:00+01:00,468.2200012207031,470.8500061035156,467.42999267578125,470.45001220703125,192382800,0.0,0.0
2024-01-19 00:00:00+01:00,471.239990234375,472.8800048828125,468.3399963378906,469.239990234375,228292700,0.0,0.0
2024-01-22 00:00:00+01:00,469.95001220703125,473.4200134277344,469.95001220703125,472.8599853515625,170684700,0.0,0.0
2024-01-23 00:00:00+01:00,473.6199951171875,474.44000244140625,470.9599914550781,471.5299987792969,215506500,0.0,0.0
2024-01-24 00:00:00+01:00,472.6400146484375,477.3999938964844,472.6400146484375,477.0899963378906,198912600,0.0,0.0
2024-01-25 00:00:00+01:00,477.1000061035156,478.6400146484375,474.8999938964844,478.5299987792969,180494000,0.0,0.0
2024-01-26 00:00:00+01:00,478.45001220703125,484.489990234375,478.45001220703125,483.8399963378906,212646400,0.0,0.0
2024-01-29 00:00:00+01:00,484.4599914550781,484.8500061035156,483.3299865722656,484.8399963378906,167442900,0.0,0.0
2024-01-30 00:00:00+01:00,485.6099853515625,486.7300109863281,485.0199890136719,485.6300048828125,180335700,0.0,0.0
2024-01-31 00:00:00+01:00,486.7200012207031,487.45001220703125,485.3599853515625,485.6700134277344,234407900,0.0,0.0
2024-02-01 00:00:00+01:00,485.4100036621094,485.8299865722656,483.05999755859375,483.8599853515625,230432500,0.0,0.0
2024-02-02 00:00:00+01:00,485.07000732421875,487.6600036621094,483.7200012207031,483.92999267578125,207450900,0.0,0.0
2024-02-05 00:00:00+01:00,484.1400146484375,485.6600036621094,482.7699890136719,483.69000244140625,261674900,0.0,0.0
2024-02-06 00:00:00+01:00,484.94000244140625,487.1700134277344,483.6300048828125,486.760009765625,271102200,0.0,0.0
2024-02-07 00:00:00+01:00,486.9200134277344,487.5400085449219,485.2799987792969,485.6300048828125,224135800,0.0,0.0
2024-02-08 00:00:00+01:00,485.510009765625,487.239990234375,485.1600036621094,485.2699890136719,179219600,0.0,0.0
2024-02-09 00:00:00+01:00,485.5199890136719,486.1600036621094,483.5299987792969,484.8299865722656,214918000,0.0,0.0
2024-02-12 00:00:00+01:00,485.5199890136719,487.55999755859375,485.5199890136719,487.4599914550781,177414600,0.0,0.0
2024-02-13 00:00:00+01:00,487.3500061035156,487.3500061035156,481.2900085449219,482.8299865722656,223185600,0.0,0.0
2024-02-14 00:00:00+01:00,482.69000244140625,485.8399963378906,482.69000244140625,485.239990234375,222666000,0.0,0.0
2024-02-15 00:00:00+01:00,485.8299865722656,488.8599853515625,485.8299865722656,488.5400085449219,205596300,0.0,0.0
2024-02-16 00:00:00+01:00,489.5899963378906,492.010009765625,489.5899963378906,491.5899963378906,222721100,0.0,0.0
2024-02-19 00:00:00+01:00,491.0299987792969,492.6300048828125,490.5799865722656,492.3900146484375,165325100,0.0,0.0
2024-02-20 00:00:00+01:00,491.8800048828125,492.7799987792969,490.739990234375,491.8999938964844,184537300,0.0,0.0
2024-02-21 00:00:00+01:00,491.5400085449219,491.6400146484375,489.94000244140625,491.04998779296875,228978700,0.0,0.0
2024-02-22 00:00:00+01:00,493.44000244140625,496.29998779296875,493.44000244140625,495.1000061035156,259341800,0.0,0.0
2024-02-23 00:00:00+01:00,495.6400146484375,497.739990234375,495.1000061035156,497.25,213837600,0.0,0.0
2024-02-26 00:00:00+01:00,496.70001220703125,496.75,495.17999267578125,495.42999267578125,218737600,0.0,0.0
2024-02-27 00:00:00+01:00,495.6300048828125,496.6600036621094,494.489990234375,496.3299865722656,217733300,0.0,0.0
2024-02-28 00:00:00+01:00,496.2200012207031,496.30999755859375,494.1700134277344,494.5899963378906,234199900,0.0,0.0
2024-02-29 00:00:00+01:00,494.989990234375,496.6300048828125,494.6099853515625,494.6099853515625,408113900,0.0,0.0
2024-03-01 00:00:00+01:00,495.0799865722656,497.8800048828125,495.0799865722656,497.5799865722656,264214800,0.0,0.0
2024-03-04 00:00:00+01:00,498.5,498.5,496.0299987792969,497.4100036621094,205231300,0.0,0.0
2024-03-05 00:00:00+01:00,497.1300048828125,497.4599914550781,495.17999267578125,496.2699890136719,198429700,0.0,0.0
2024-03-06 00:00:00+01:00,495.9200134277344,498.989990234375,495.80999755859375,498.2099914550781,276047000,0.0,0.0
2024-03-07 00:00:00+01:00,496.8900146484375,503.80999755859375,496.1600036621094,503.1600036621094,479238500,0.0,0.0
2024-03-08 00:00:00+01:00,503.45001220703125,504.6000061035156,502.75,503.260009765625,326533800,0.0,0.0
2024-03-11 00:00:00+01:00,501.6600036621094,502.07000732421875,499.82000732421875,501.489990234375,329823000,0.0,0.0
2024-03-12 00:00:00+01:00,502.4800109863281,506.9100036621094,502.2200012207031,506.5199890136719,284554200,0.0,0.0
2024-03-13 00:00:00+01:00,506.7900085449219,508.3399963378906,506.05999755859375,507.3299865722656,297931500,0.0,0.0
2024-03-14 00:00:00+01:00,507.4599914550781,509.30999755859375,505.3399963378906,506.3999938964844,268137500,0.0,0.0
2024-03-15 00:00:00+01:00,506.1400146484375,508.25,504.7799987792969,504.79998779296875,613747400,0.0,0.0
2024-03-18 00:00:00+01:00,505.32000732421875,505.5799865722656,503.4200134277344,503.94000244140625,227162400,0.0,0.0
2024-03-19 00:00:00+01:00,503.3999938964844,505.2900085449219,503.0199890136719,505.2300109863281,224042200,0.0,0.0
2024-03-20 00:00:00+01:00,504.30999755859375,505.67999267578125,503.32000732421875,505.2099914550781,238734700,0.0,0.0
2024-03-21 00:00:00+01:00,507.6300048828125,510.25,507.1400146484375,509.7699890136719,285492000,0.0,0.0
2024-03-22 00:00:00+01:00,508.8900146484375,510.4599914550781,508.2300109863281,509.6400146484375,241425400,0.0,0.0
2024-03-25 00:00:00+01:00,509.45001220703125,510.4599914550781,507.70001220703125,509.8599853515625,217977400,0.0,0.0
2024-03-26 00:00:00+01:00,509.4599914550781,511.3699951171875,508.760009765625,511.0899963378906,245123400,0.0,0.0
2024-03-27 00:00:00+01:00,510.7900085449219,512.4500122070312,510.3800048828125,511.75,235200100,0.0,0.0
2024-03-28 00:00:00+01:00,512.0399780273438,513.489990234375,512.0399780273438,512.6699829101562,218243600,0.0,0.0
2024-04-02 00:00:00+02:00,513.3599853515625,515.77001953125,508.20001220703125,508.57000732421875,241324000,0.0,0.0
2024-04-03 00:00:00+02:00,508.6499938964844,510.2300109863281,507.6700134277344,510.0199890136719,238238900,0.0,0.0
2024-04-04 00:00:00+02:00,510.0899963378906,511.7300109863281,509.55999755859375,510.8399963378906,228050700,0.0,0.0
2024-04-05 00:00:00+02:00,508.6300048828125,508.6300048828125,504.2200012207031,506.54998779296875,215914300,0.0,0.0
2024-04-08 00:00:00+02:00,506.20001220703125,509.7099914550781,505.8999938964844,508.92999267578125,179294800,0.0,0.0
2024-04-09 00:00:00+02:00,508.6099853515625,509.0899963378906,504.989990234375,505.82000732421875,206074400,0.0,0.0
2024-04-10 00:00:00+02:00,507.29998779296875,509.6199951171875,502.6700134277344,506.5899963378906,249735100,0.0,0.0
2024-04-11 00:00:00+02:00,505.9100036621094,507.5199890136719,502.010009765625,504.54998779296875,245227400,0.0,0.0
2024-04-12 00:00:00+02:00,506.3900146484375,510.6400146484375,503.9800109863281,505.25,198443400,0.0,0.0
2024-04-15 00:00:00+02:00,505.4800109863281,510.0400085449219,505.1600036621094,505.92999267578125,182226400,0.0,0.0
2024-04-16 00:00:00+02:00,503.510009765625,503.510009765625,496.5299987792969,498.2099914550781,223485800,0.0,0.0
2024-04-17 00:00:00+02:00,498.4599914550781,502.3399963378906,497.3999938964844,498.5199890136719,197603400,0.0,0.0
2024-04-18 00:00:00+02:00,499.07000732421875,500.3599853515625,497.1400146484375,499.70001220703125,244665600,0.0,0.0
2024-04-19 00:00:00+02:00,498.2799987792969,499.75,495.30999755859375,499.2900085449219,228740200,0.0,0.0
2024-04-22 00:00:00+02:00,499.29998779296875,503.1499938964844,499.29998779296875,502.30999755859375,228486200,0.0,0.0
2024-04-23 00:00:00+02:00,502.8900146484375,507.9800109863281,502.8900146484375,507.7900085449219,266367300,0.0,0.0
2024-04-24 00:00:00+02:00,507.989990234375,509.0299987792969,505.0899963378906,505.6099853515625,271624100,0.0,0.0
2024-04-25 00:00:00+02:00,505.6700134277344,505.8399963378906,499.2799987792969,502.3800048828125,260016800,0.0,0.0
2024-04-26 00:00:00+02:00,503.5299987792969,508.9200134277344,503.5299987792969,507.9800109863281,208938600,0.0,0.0
2024-04-29 00:00:00+02:00,508.7200012207031,510.2799987792969,508.3399963378906,508.3399963378906,186180300,0.0,0.0
2024-04-30 00:00:00+02:00,508.07000732421875,508.6099853515625,504.6400146484375,504.8900146484375,219373300,0.0,0.0
2024-05-02 00:00:00+02:00,504.1400146484375,504.75,502.7799987792969,503.2099914550781,226930800,0.0,0.0
2024-05-03 00:00:00+02:00,503.8999938964844,508.20001220703125,503.8399963378906,505.5299987792969,206719700,0.0,0.0
2024-05-06 00:00:00+02:00,506.0,509.0899963378906,506.0,508.2200012207031,77067600,0.0,0.0
2024-05-07 00:00:00+02:00,509.80999755859375,514.1500244140625,509.80999755859375,514.02001953125,244590500,0.0,0.0
2024-05-08 00:00:00+02:00,514.3099975585938,516.4000244140625,514.1699829101562,515.77001953125,226327800,0.0,0.0
2024-05-10 00:00:00+02:00,517.9000244140625,521.510009765625,517.9000244140625,520.760009765625,187637900,0.0,0.0
2024-05-13 00:00:00+02:00,521.02001953125,521.3300170898438,519.8400268554688,520.8599853515625,204676300,0.0,0.0
2024-05-14 00:00:00+02:00,521.1599731445312,521.8599853515625,519.6400146484375,521.6500244140625,254051600,0.0,0.0
2024-05-15 00:00:00+02:00,522.3499755859375,525.2000122070312,522.3499755859375,524.7100219726562,262132300,0.0,0.0
2024-05-16 00:00:00+02:00,524.9299926757812,525.3300170898438,523.1799926757812,523.6199951171875,213275000,0.0,0.0
2024-05-17 00:00:00+02:00,522.510009765625,523.3200073242188,521.1699829101562,522.9400024414062,232117400,0.0,0.0
2024-05-21 00:00:00+02:00,523.0800170898438,523.0800170898438,520.7100219726562,522.9500122070312,204151500,0.0,0.0
2024-05-22 00:00:00+02:00,522.4299926757812,522.4299926757812,520.1199951171875,521.1799926757812,234180800,0.0,0.0
2024-05-23 00:00:00+02:00,521.3800048828125,523.72998046875,520.739990234375,521.5599975585938,240460200,0.0,0.0
2024-05-24 00:00:00+02:00,520.0399780273438,521.0499877929688,517.1099853515625,520.5700073242188,181255100,0.0,0.0
2024-05-27 00:00:00+02:00,520.4500122070312,522.2100219726562,519.9500122070312,522.2100219726562,65870100,0.0,0.0
2024-05-28 00:00:00+02:00,522.219970703125,523.1699829101562,518.1699829101562,519.0800170898438,210009300,0.0,0.0
2024-05-29 00:00:00+02:00,518.1500244140625,518.1799926757812,512.989990234375,513.4500122070312,206964300,0.0,0.0
2024-05-30 00:00:00+02:00,513.0,516.8400268554688,512.4600219726562,516.5,284251100,0.0,0.0
2024-05-31 00:00:00+02:00,516.5900268554688,518.9000244140625,516.0399780273438,518.1699829101562,560881000,0.0,0.0
2024-06-03 00:00:00+02:00,520.3099975585938,522.9500122070312,519.1300048828125,519.8499755859375,256101900,0.0,0.0
2024-06-04 00:00:00+02:00,519.3499755859375,519.3499755859375,515.1400146484375,517.0499877929688,246539600,0.0,0.0
2024-06-05 00:00:00+02:00,518.0900268554688,522.4299926757812,518.0900268554688,521.22998046875,190458700,0.0,0.0
2024-06-06 00:00:00+02:00,523.0999755859375,525.5499877929688,523.0999755859375,524.6799926757812,185228000,0.0,0.0
2024-06-07 00:00:00+02:00,525.25,525.5900268554688,520.6699829101562,523.5499877929688,171408100,0.0,0.0
2024-06-10 00:00:00+02:00,522.3499755859375,522.3499755859375,518.9400024414062,522.1599731445312,170979600,0.0,0.0
2024-06-11 00:00:00+02:00,522.3499755859375,523.4600219726562,515.6500244140625,517.2899780273438,225471500,0.0,0.0
2024-06-12 00:00:00+02:00,518.0,523.8400268554688,518.0,522.8900146484375,236273200,0.0,0.0
2024-06-13 00:00:00+02:00,521.9600219726562,521.9600219726562,515.4500122070312,516.0399780273438,214982900,0.0,0.0
2024-06-14 00:00:00+02:00,517.0599975585938,517.0599975585938,509.5899963378906,511.04998779296875,236406400,0.0,0.0
2024-06-17 00:00:00+02:00,511.9800109863281,514.6300048828125,508.7799987792969,511.489990234375,185106900,0.0,0.0
2024-06-18 00:00:00+02:00,513.0499877929688,515.260009765625,512.3099975585938,515.010009765625,168596100,0.0,0.0
2024-06-19 00:00:00+02:00,515.22998046875,515.6099853515625,513.8599853515625,514.1300048828125,156117800,0.0,0.0
2024-06-20 00:00:00+02:00,514.6099853515625,518.9099731445312,514.469970703125,518.9099731445312,209719600,0.0,0.0
2024-06-21 00:00:00+02:00,518.22998046875,518.510009765625,513.9400024414062,515.1099853515625,420254900,0.0,0.0
2024-06-24 00:00:00+02:00,514.469970703125,519.969970703125,514.3699951171875,518.8699951171875,184763700,0.0,0.0
2024-06-25 00:00:00+02:00,518.3699951171875,518.3699951171875,516.1799926757812,517.7000122070312,175433500,0.0,0.0
2024-06-26 00:00:00+02:00,518.780029296875,520.8900146484375,513.469970703125,514.8099975585938,201042600,0.0,0.0
2024-06-27 00:00:00+02:00,514.469970703125,515.4600219726562,512.530029296875,512.5900268554688,163602900,0.0,0.0
2024-06-28 00:00:00+02:00,513.5399780273438,514.8400268554688,510.7300109863281,511.4200134277344,178311000,0.0,0.0
2024-07-01 00:00:00+02:00,513.8200073242188,517.1400146484375,512.6799926757812,513.0399780273438,162109200,0.0,0.0
2024-07-02 00:00:00+02:00,512.1099853515625,512.1099853515625,508.0799865722656,510.9100036621094,169955500,0.0,0.0
2024-07-03 00:00:00+02:00,512.1500244140625,515.5399780273438,512.1500244140625,514.6699829101562,207720700,0.0,0.0
2024-07-04 00:00:00+02:00,514.8699951171875,518.3200073242188,514.8699951171875,517.5399780273438,127224200,0.0,0.0
2024-07-05 00:00:00+02:00,518.2899780273438,520.2999877929688,515.1799926757812,516.5999755859375,183181300,0.0,0.0
2024-07-08 00:00:00+02:00,516.5700073242188,519.7999877929688,515.5599975585938,516.4299926757812,164972400,0.0,0.0
2024-07-09 00:00:00+02:00,515.5999755859375,516.469970703125,511.1300048828125,511.760009765625,199253600,0.0,0.0
2024-07-10 00:00:00+02:00,511.8699951171875,516.530029296875,511.8699951171875,516.4199829101562,175809400,0.0,0.0
2024-07-11 00:00:00+02:00,517.3599853515625,520.6199951171875,516.8599853515625,519.510009765625,157804100,0.0,0.0
2024-07-12 00:00:00+02:00,519.75,524.75,519.75,524.0800170898438,142881400,0.0,0.0
2024-07-15 00:00:00+02:00,522.8699951171875,524.0800170898438,518.6400146484375,518.72998046875,134326800,0.0,0.0
2024-07-16 00:00:00+02:00,517.780029296875,517.780029296875,515.4000244140625,517.2999877929688,143538800,0.0,0.0
2024-07-17 00:00:00+02:00,516.3200073242188,516.4299926757812,512.7899780273438,514.8300170898438,167887500,0.0,0.0
2024-07-18 00:00:00+02:00,515.8599853515625,518.280029296875,514.010009765625,514.010009765625,158938200,0.0,0.0
2024-07-19 00:00:00+02:00,513.0499877929688,513.0499877929688,509.6199951171875,510.0299987792969,163072700,0.0,0.0
2024-07-22 00:00:00+02:00,511.2300109863281,516.760009765625,511.2300109863281,514.7899780273438,192642000,0.0,0.0
2024-07-23 00:00:00+02:00,515.239990234375,518.030029296875,513.5800170898438,515.469970703125,206461500,0.0,0.0
2024-07-24 00:00:00+02:00,513.6500244140625,513.9400024414062,510.760009765625,512.2999877929688,165132800,0.0,0.0
2024-07-25 00:00:00+02:00,510.2300109863281,510.2300109863281,503.7799987792969,508.6300048828125,217161900,0.0,0.0
2024-07-26 00:00:00+02:00,508.239990234375,513.3599853515625,508.2300109863281,512.8300170898438,149444700,0.0,0.0
2024-07-29 00:00:00+02:00,513.6799926757812,515.6500244140625,511.4800109863281,511.7900085449219,151500800,0.0,0.0
2024-07-30 00:00:00+02:00,512.6599731445312,515.780029296875,512.1900024414062,514.0800170898438,163083100,0.0,0.0
2024-07-31 00:00:00+02:00,514.280029296875,519.4199829101562,514.280029296875,518.1799926757812,191950300,0.0,0.0
2024-08-02 00:00:00+02:00,509.8900146484375,509.8900146484375,496.8599853515625,497.8500061035156,277542400,0.0,0.0
2024-08-05 00:00:00+02:00,493.4800109863281,493.4800109863281,479.8299865722656,487.04998779296875,340070800,0.0,0.0
2024-08-06 00:00:00+02:00,489.2900085449219,491.92999267578125,484.4100036621094,488.44000244140625,250044700,0.0,0.0
2024-08-07 00:00:00+02:00,490.1499938964844,497.25,489.75,495.9599914550781,196906400,0.0,0.0
2024-08-08 00:00:00+02:00,495.1300048828125,496.8800048828125,490.0199890136719,496.3699951171875,164379900,0.0,0.0
2024-08-09 00:00:00+02:00,497.4599914550781,501.2900085449219,496.3800048828125,499.19000244140625,157499900,0.0,0.0
2024-08-12 00:00:00+02:00,499.79998779296875,501.5400085449219,498.19000244140625,499.0799865722656,228381700,0.0,0.0
2024-08-13 00:00:00+02:00,499.82000732421875,501.7300109863281,497.57000732421875,501.6600036621094,130957400,0.0,0.0
2024-08-14 00:00:00+02:00,502.05999755859375,504.17999267578125,502.05999755859375,504.1000061035156,135989000,0.0,0.0
2024-08-15 00:00:00+02:00,504.8500061035156,510.5,504.3599853515625,509.8800048828125,164675200,0.0,0.0
2024-08-16 00:00:00+02:00,510.54998779296875,512.5599975585938,509.95001220703125,511.45001220703125,143229500,0.0,0.0
2024-08-19 00:00:00+02:00,511.4200134277344,515.4600219726562,510.9800109863281,514.5900268554688,155311100,0.0,0.0
2024-08-20 00:00:00+02:00,514.72998046875,515.780029296875,512.1799926757812,512.27001953125,126732600,0.0,0.0
2024-08-21 00:00:00+02:00,512.4400024414062,514.6500244140625,512.3200073242188,513.9500122070312,149465800,0.0,0.0
2024-08-22 00:00:00+02:00,514.239990234375,517.280029296875,514.239990234375,515.739990234375,147796100,0.0,0.0
2024-08-23 00:00:00+02:00,516.1199951171875,518.72998046875,515.8599853515625,518.1300048828125,129478200,0.0,0.0
2024-08-26 00:00:00+02:00,518.219970703125,518.9500122070312,517.5700073242188,518.0499877929688,66324800,0.0,0.0
2024-08-27 00:00:00+02:00,518.3099975585938,519.9199829101562,517.72998046875,518.8800048828125,162515000,0.0,0.0
2024-08-28 00:00:00+02:00,519.489990234375,521.7899780273438,519.489990234375,520.5999755859375,133897100,0.0,0.0
2024-08-29 00:00:00+02:00,520.7899780273438,524.75,520.7899780273438,524.5700073242188,148180000,0.0,0.0
2024-08-30 00:00:00+02:00,524.530029296875,526.6599731445312,524.530029296875,525.0499877929688,244291200,0.0,0.0
2024-09-02 00:00:00+02:00,524.8300170898438,525.0399780273438,521.8800048828125,524.9400024414062,117193700,0.0,0.0
2024-09-03 00:00:00+02:00,525.0,525.5999755859375,519.1799926757812,519.8400268554688,201780000,0.0,0.0
2024-09-04 00:00:00+02:00,516.8800048828125,516.8800048828125,513.27001953125,514.8200073242188,162179100,0.0,0.0
2024-09-05 00:00:00+02:00,514.1300048828125,515.3800048828125,512.0499877929688,512.0499877929688,163451500,0.0,0.0
2024-09-06 00:00:00+02:00,511.2200012207031,514.0900268554688,506.1099853515625,506.55999755859375,174344900,0.0,0.0
2024-09-09 00:00:00+02:00,507.3900146484375,511.9100036621094,507.3900146484375,510.70001220703125,139516200,0.0,0.0
2024-09-10 00:00:00+02:00,510.69000244140625,512.280029296875,507.1000061035156,507.95001220703125,173871600,0.0,0.0
2024-09-11 00:00:00+02:00,508.2799987792969,511.5400085449219,506.0,508.0199890136719,179278100,0.0,0.0
2024-09-12 00:00:00+02:00,510.70001220703125,514.530029296875,509.6300048828125,512.0800170898438,239934500,0.0,0.0
2024-09-13 00:00:00+02:00,512.8699951171875,517.0700073242188,512.8699951171875,515.9500122070312,155154400,0.0,0.0
2024-09-16 00:00:00+02:00,514.7100219726562,516.510009765625,513.989990234375,515.1099853515625,141460900,0.0,0.0
2024-09-17 00:00:00+02:00,516.0700073242188,519.2899780273438,516.0700073242188,517.1900024414062,191473400,0.0,0.0
2024-09-18 00:00:00+02:00,517.1099853515625,517.1099853515625,514.25,514.5900268554688,189459800,0.0,0.0
2024-09-19 00:00:00+02:00,516.97998046875,522.3099975585938,516.97998046875,521.6699829101562,219860700,0.0,0.0
2024-09-20 00:00:00+02:00,520.760009765625,520.760009765625,513.8699951171875,514.260009765625,390894600,0.0,0.0
2024-09-23 00:00:00+02:00,514.489990234375,516.72998046875,513.280029296875,516.3200073242188,154310800,0.0,0.0
2024-09-24 00:00:00+02:00,518.219970703125,521.0399780273438,517.8200073242188,519.7000122070312,189888300,0.0,0.0
2024-09-25 00:00:00+02:00,518.5599975585938,520.3300170898438,517.260009765625,519.1400146484375,145208800,0.0,0.0
2024-09-26 00:00:00+02:00,521.4299926757812,526.52001953125,521.4299926757812,525.6099853515625,209040500,0.0,0.0
2024-09-27 00:00:00+02:00,525.5,528.6799926757812,525.5,528.0800170898438,187210800,0.0,0.0
2024-09-30 00:00:00+02:00,527.1099853515625,527.75,522.3499755859375,522.8900146484375,201115200,0.0,0.0
2024-10-01 00:00:00+02:00,523.280029296875,525.5499877929688,519.3400268554688,520.8800048828125,214236300,0.0,0.0
2024-10-02 00:00:00+02:00,521.6199951171875,523.0,518.6599731445312,521.1400146484375,177821200,0.0,0.0
2024-10-03 00:00:00+02:00,519.9400024414062,519.989990234375,515.260009765625,516.2899780273438,209236400,0.0,0.0
2024-10-04 00:00:00+02:00,516.6300048828125,519.5399780273438,515.760009765625,518.5599975585938,180242200,0.0,0.0
2024-10-07 00:00:00+02:00,519.1199951171875,520.3400268554688,516.6099853515625,519.47998046875,157692200,0.0,0.0
2024-10-08 00:00:00+02:00,518.1300048828125,518.1300048828125,514.0999755859375,516.6400146484375,160998800,0.0,0.0
2024-10-09 00:00:00+02:00,516.77001953125,520.1099853515625,516.3699951171875,520.0499877929688,137343900,0.0,0.0
2024-10-10 00:00:00+02:00,520.219970703125,521.0800170898438,517.8099975585938,519.1099853515625,161637000,0.0,0.0
2024-10-11 00:00:00+02:00,518.9000244140625,522.489990234375,518.02001953125,521.97998046875,170638300,0.0,0.0
2024-10-14 00:00:00+02:00,522.3499755859375,524.760009765625,521.3099975585938,524.760009765625,153488000,0.0,0.0
2024-10-15 00:00:00+02:00,525.3499755859375,526.5700073242188,520.5700073242188,520.5700073242188,200759000,0.0,0.0
2024-10-16 00:00:00+02:00,518.9500122070312,520.77001953125,518.1300048828125,519.5999755859375,203051100,0.0,0.0
2024-10-17 00:00:00+02:00,519.8599853515625,525.6799926757812,519.8499755859375,523.9099731445312,194861100,0.0,0.0
2024-10-18 00:00:00+02:00,523.6799926757812,525.5800170898438,523.219970703125,524.989990234375,189932700,0.0,0.0
2024-10-21 00:00:00+02:00,524.3800048828125,526.1199951171875,521.3599853515625,521.52001953125,143758200,0.0,0.0
2024-10-22 00:00:00+02:00,521.7000122070312,521.7000122070312,517.219970703125,520.4000244140625,148727200,0.0,0.0
2024-10-23 00:00:00+02:00,519.6699829101562,521.760009765625,518.1900024414062,518.8400268554688,177086500,0.0,0.0
2024-10-24 00:00:00+02:00,519.0999755859375,522.510009765625,518.97998046875,518.97998046875,200456900,0.0,0.0
2024-10-25 00:00:00+02:00,518.5499877929688,519.77001953125,517.1400146484375,518.8099975585938,183227000,0.0,0.0
2024-10-28 00:00:00+01:00,519.7899780273438,521.7899780273438,517.4400024414062,520.9500122070312,187817000,0.0,0.0
2024-10-29 00:00:00+01:00,521.6300048828125,522.9299926757812,517.9199829101562,517.989990234375,201489900,0.0,0.0
2024-10-30 00:00:00+01:00,516.5499877929688,516.5499877929688,510.42999267578125,511.510009765625,209408600,0.0,0.0
2024-10-31 00:00:00+01:00,509.9700012207031,509.9700012207031,503.489990234375,505.3900146484375,245742000,0.0,0.0
2024-11-01 00:00:00+01:00,505.44000244140625,512.1699829101562,505.44000244140625,510.8999938964844,172893900,0.0,0.0
2024-11-04 00:00:00+01:00,510.44000244140625,512.4000244140625,509.2099914550781,509.2099914550781,181376900,0.0,0.0
2024-11-05 00:00:00+01:00,509.0400085449219,510.7699890136719,507.5400085449219,509.5299987792969,170152200,0.0,0.0
2024-11-06 00:00:00+01:00,511.260009765625,519.260009765625,505.9200134277344,506.7799987792969,263027200,0.0,0.0
2024-11-07 00:00:00+01:00,507.239990234375,511.94000244140625,507.239990234375,509.9200134277344,222583500,0.0,0.0
2024-11-08 00:00:00+01:00,510.510009765625,511.07000732421875,505.4100036621094,506.6300048828125,194696800,0.0,0.0
2024-11-11 00:00:00+01:00,508.95001220703125,513.8499755859375,508.95001220703125,512.3699951171875,154350700,0.0,0.0
2024-11-12 00:00:00+01:00,510.1700134277344,510.1700134277344,501.8900146484375,502.2300109863281,217982500,0.0,0.0
2024-11-13 00:00:00+01:00,501.8800048828125,503.2200012207031,498.5799865722656,501.5899963378906,202520900,0.0,0.0
2024-11-14 00:00:00+01:00,502.6700134277344,507.6199951171875,502.0899963378906,507.0299987792969,218117400,0.0,0.0
2024-11-15 00:00:00+01:00,505.3800048828125,505.94000244140625,502.5199890136719,503.1199951171875,185502000,0.0,0.0
2024-11-18 00:00:00+01:00,502.70001220703125,503.7799987792969,500.010009765625,502.8399963378906,172339400,0.0,0.0
2024-11-19 00:00:00+01:00,503.7699890136719,505.0,495.54998779296875,500.6000061035156,188177900,0.0,0.0
2024-11-20 00:00:00+01:00,501.94000244140625,504.0400085449219,499.55999755859375,500.489990234375,166319600,0.0,0.0
2024-11-21 00:00:00+01:00,500.3299865722656,502.8999938964844,497.3299865722656,502.5400085449219,183442500,0.0,0.0
2024-11-22 00:00:00+01:00,503.9599914550781,509.20001220703125,502.3599853515625,508.4700012207031,189500100,0.0,0.0
2024-11-25 00:00:00+01:00,509.6400146484375,511.2799987792969,507.69000244140625,508.7799987792969,418723700,0.0,0.0
2024-11-26 00:00:00+01:00,507.6099853515625,508.5299987792969,504.7200012207031,505.8999938964844,177672300,0.0,0.0
2024-11-27 00:00:00+01:00,505.6600036621094,505.6600036621094,502.8599853515625,504.9599914550781,160403500,0.0,0.0
2024-11-28 00:00:00+01:00,506.32000732421875,508.92999267578125,506.0799865722656,507.29998779296875,121559100,0.0,0.0
2024-11-29 00:00:00+01:00,506.9100036621094,510.42999267578125,506.0799865722656,510.25,161499700,0.0,0.0
2024-12-02 00:00:00+01:00,509.69000244140625,514.4400024414062,508.6300048828125,513.6099853515625,185137200,0.0,0.0
2024-12-03 00:00:00+01:00,514.25,517.280029296875,514.25,515.530029296875,183192200,0.0,0.0
2024-12-04 00:00:00+01:00,516.0499877929688,518.75,515.8400268554688,517.4500122070312,177654700,0.0,0.0
2024-12-05 00:00:00+01:00,517.1900024414062,519.6900024414062,517.1900024414062,519.530029296875,204876100,0.0,0.0
2024-12-06 00:00:00+01:00,519.72998046875,521.5700073242188,519.1799926757812,520.469970703125,210710800,0.0,0.0
2024-12-09 00:00:00+01:00,521.6500244140625,523.1500244140625,520.1300048828125,521.219970703125,169889700,0.0,0.0
2024-12-10 00:00:00+01:00,520.530029296875,520.8499755859375,518.3900146484375,518.489990234375,159838400,0.0,0.0
2024-12-11 00:00:00+01:00,517.6900024414062,520.52001953125,517.030029296875,519.9500122070312,244686700,0.0,0.0
2024-12-12 00:00:00+01:00,520.1599731445312,520.6699829101562,518.6900024414062,519.2000122070312,166970000,0.0,0.0
2024-12-13 00:00:00+01:00,518.2100219726562,519.260009765625,515.5999755859375,516.4500122070312,191704700,0.0,0.0
2024-12-16 00:00:00+01:00,516.2999877929688,516.52001953125,514.3599853515625,515.8300170898438,231047100,0.0,0.0
2024-12-17 00:00:00+01:00,514.260009765625,514.739990234375,512.3900146484375,513.6599731445312,303102500,0.0,0.0
2024-12-18 00:00:00+01:00,513.8599853515625,515.3499755859375,513.0700073242188,514.4299926757812,199892800,0.0,0.0
2024-12-19 00:00:00+01:00,511.1600036621094,511.1600036621094,505.4100036621094,506.6600036621094,250237300,0.0,0.0
2024-12-20 00:00:00+01:00,504.9700012207031,504.9700012207031,496.3900146484375,502.19000244140625,382499300,0.0,0.0
2024-12-23 00:00:00+01:00,502.2099914550781,504.19000244140625,501.0799865722656,502.9100036621094,129450500,0.0,0.0
2024-12-27 00:00:00+01:00,503.30999755859375,507.17999267578125,502.8699951171875,507.17999267578125,118605800,0.0,0.0
2024-12-30 00:00:00+01:00,506.30999755859375,506.8800048828125,503.54998779296875,504.8500061035156,96518300,0.0,0.0
2025-01-03 00:00:00+01:00,510.8699951171875,510.8699951171875,507.260009765625,508.19000244140625,154964000,0.0,0.0
2025-01-06 00:00:00+01:00,508.79998779296875,513.0800170898438,508.4200134277344,513.02001953125,178454100,0.0,0.0
2025-01-07 00:00:00+01:00,513.0800170898438,515.6599731445312,511.010009765625,514.6699829101562,193612400,0.0,0.0
2025-01-08 00:00:00+01:00,514.9600219726562,517.2000122070312,510.9700012207031,513.6699829101562,215930200,0.0,0.0
2025-01-09 00:00:00+01:00,512.3400268554688,516.22998046875,511.2699890136719,515.8400268554688,176351800,0.0,0.0
2025-01-10 00:00:00+01:00,515.6500244140625,516.02001953125,511.2099914550781,511.5,202780400,0.0,0.0
2025-01-13 00:00:00+01:00,510.2900085449219,510.2900085449219,506.489990234375,508.67999267578125,178833500,0.0,0.0
2025-01-14 00:00:00+01:00,509.9599914550781,511.94000244140625,507.989990234375,508.2799987792969,214098400,0.0,0.0
2025-01-15 00:00:00+01:00,508.75,515.8099975585938,508.75,515.02001953125,233516500,0.0,0.0
2025-01-16 00:00:00+01:00,516.72998046875,520.0499877929688,516.72998046875,520.0499877929688,192327000,0.0,0.0
2025-01-17 00:00:00+01:00,520.8900146484375,524.47998046875,520.8900146484375,523.6199951171875,224730500,0.0,0.0
2025-01-20 00:00:00+01:00,523.5999755859375,525.5599975585938,522.5999755859375,523.8699951171875,190601800,0.0,0.0
2025-01-21 00:00:00+01:00,524.1699829101562,526.030029296875,523.4400024414062,525.97998046875,178038500,0.0,0.0
2025-01-22 00:00:00+01:00,526.9500122070312,530.5499877929688,526.9500122070312,528.0399780273438,217855000,0.0,0.0
2025-01-23 00:00:00+01:00,528.6199951171875,530.5,526.989990234375,530.3400268554688,213013600,0.0,0.0
2025-01-24 00:00:00+01:00,531.4400024414062,533.25,529.1500244140625,530.0700073242188,190560900,0.0,0.0
2025-01-27 00:00:00+01:00,529.6099853515625,530.6199951171875,525.52001953125,529.6900024414062,180865400,0.0,0.0
2025-01-28 00:00:00+01:00,530.6599731445312,533.760009765625,530.4199829101562,531.5999755859375,225892800,0.0,0.0
2025-01-29 00:00:00+01:00,532.2999877929688,535.5700073242188,532.1300048828125,534.260009765625,185155900,0.0,0.0
2025-01-30 00:00:00+01:00,535.1799926757812,539.0800170898438,535.1799926757812,538.8400268554688,182883800,0.0,0.0
2025-01-31 00:00:00+01:00,539.7899780273438,542.0900268554688,538.8400268554688,539.530029296875,218335300,0.0,0.0
2025-02-03 00:00:00+01:00,535.780029296875,535.780029296875,530.6900024414062,534.8499755859375,196428700,0.0,0.0
2025-02-04 00:00:00+01:00,535.3300170898438,536.2999877929688,531.3800048828125,536.0399780273438,222701200,0.0,0.0
2025-02-05 00:00:00+01:00,535.7899780273438,538.5599975585938,535.010009765625,538.5599975585938,191761200,0.0,0.0
2025-02-06 00:00:00+01:00,539.7899780273438,545.4600219726562,539.7899780273438,544.8400268554688,225819200,0.0,0.0
2025-02-07 00:00:00+01:00,544.3800048828125,545.5900268554688,542.0999755859375,542.75,297915300,0.0,0.0
2025-02-10 00:00:00+01:00,543.3099975585938,546.5,543.3099975585938,545.9199829101562,228620100,0.0,0.0
2025-02-11 00:00:00+01:00,545.3900146484375,547.5399780273438,545.0999755859375,547.1799926757812,224932000,0.0,0.0
2025-02-12 00:00:00+01:00,547.4099731445312,548.5900268554688,545.0599975585938,547.780029296875,238844200,0.0,0.0
2025-02-13 00:00:00+01:00,549.0700073242188,553.75,548.8400268554688,553.75,282930000,0.0,0.0
2025-02-14 00:00:00+01:00,553.5999755859375,554.6099853515625,551.5599975585938,552.4099731445312,303266900,0.0,0.0
2025-02-17 00:00:00+01:00,552.7999877929688,555.6900024414062,552.6699829101562,555.4199829101562,193007500,0.0,0.0
2025-02-18 00:00:00+01:00,556.5700073242188,557.9600219726562,554.760009765625,557.1699829101562,191186200,0.0,0.0
2025-02-19 00:00:00+01:00,557.0,557.6099853515625,551.0999755859375,552.0999755859375,228865700,0.0,0.0
2025-02-20 00:00:00+01:00,551.5900268554688,553.989990234375,550.2999877929688,551.010009765625,241310000,0.0,0.0
2025-02-21 00:00:00+01:00,551.6599731445312,554.5999755859375,551.6599731445312,553.8499755859375,216410900,0.0,0.0
2025-02-24 00:00:00+01:00,553.9500122070312,555.3499755859375,550.5700073242188,553.3900146484375,215164200,0.0,0.0
2025-02-25 00:00:00+01:00,552.4299926757812,557.0399780273438,551.97998046875,554.2000122070312,223510200,0.0,0.0
2025-02-26 00:00:00+01:00,555.1500244140625,560.5599975585938,555.1500244140625,559.6699829101562,239396700,0.0,0.0
2025-02-27 00:00:00+01:00,558.4099731445312,558.4099731445312,554.239990234375,557.1099853515625,250718000,0.0,0.0
2025-02-28 00:00:00+01:00,555.25,557.1900024414062,552.2000122070312,557.1900024414062,412114100,0.0,0.0
2025-03-03 00:00:00+01:00,557.7000122070312,565.1799926757812,556.25,563.1300048828125,255094900,0.0,0.0
2025-03-04 00:00:00+01:00,561.030029296875,561.030029296875,550.5999755859375,551.0700073242188,275368300,0.0,0.0
2025-03-05 00:00:00+01:00,551.510009765625,560.760009765625,551.510009765625,556.0900268554688,285192500,0.0,0.0
2025-03-06 00:00:00+01:00,557.0399780273438,558.4299926757812,551.0900268554688,555.9000244140625,269849100,0.0,0.0
2025-03-07 00:00:00+01:00,554.3300170898438,555.1699829101562,550.4299926757812,553.3499755859375,234456000,0.0,0.0
2025-03-10 00:00:00+01:00,554.6500244140625,555.9600219726562,545.5399780273438,546.2000122070312,286221300,0.0,0.0
2025-03-11 00:00:00+01:00,545.7000122070312,546.7999877929688,535.9199829101562,536.8900146484375,253014100,0.0,0.0
2025-03-12 00:00:00+01:00,538.5499877929688,544.6900024414062,537.9199829101562,541.25,214039200,0.0,0.0
2025-03-13 00:00:00+01:00,541.3900146484375,544.5800170898438,539.2999877929688,540.4400024414062,199663500,0.0,0.0
2025-03-14 00:00:00+01:00,541.1300048828125,547.22998046875,539.8800048828125,546.5999755859375,252948400,0.0,0.0
2025-03-17 00:00:00+01:00,547.27001953125,551.4099731445312,546.9199829101562,550.9400024414062,203039300,0.0,0.0
2025-03-18 00:00:00+01:00,551.6900024414062,555.8200073242188,551.6900024414062,554.2999877929688,264168700,0.0,0.0
2025-03-19 00:00:00+01:00,554.2999877929688,556.1300048828125,552.3800048828125,555.3699951171875,195106800,0.0,0.0
2025-03-20 00:00:00+01:00,555.4500122070312,556.469970703125,549.8699951171875,552.97998046875,224136500,0.0,0.0
2025-03-21 00:00:00+01:00,551.3499755859375,551.4600219726562,547.3900146484375,549.6699829101562,430346800,0.0,0.0
2025-03-24 00:00:00+01:00,551.1300048828125,553.010009765625,547.6599731445312,548.9299926757812,189632900,0.0,0.0
2025-03-25 00:00:00+01:00,549.8300170898438,555.0599975585938,549.8300170898438,552.5900268554688,237231700,0.0,0.0
2025-03-26 00:00:00+01:00,552.760009765625,553.5900268554688,548.4099731445312,548.72998046875,192540000,0.0,0.0
2025-03-27 00:00:00+01:00,546.5,547.1400146484375,542.7100219726562,546.3099975585938,245755500,0.0,0.0
2025-03-28 00:00:00+01:00,545.4099731445312,546.469970703125,540.4400024414062,542.0999755859375,215464600,0.0,0.0
2025-03-31 00:00:00+02:00,540.22998046875,540.22998046875,531.8499755859375,533.9199829101562,249028700,0.0,0.0
2025-04-01 00:00:00+02:00,536.1799926757812,540.8300170898438,536.0399780273438,539.6400146484375,201445300,0.0,0.0
2025-04-02 00:00:00+02:00,538.5,538.5,533.0999755859375,536.9199829101562,179240100,0.0,0.0
2025-04-03 00:00:00+02:00,532.77001953125,532.77001953125,521.6400146484375,523.1199951171875,335875100,0.0,0.0
2025-04-04 00:00:00+02:00,519.8499755859375,519.8499755859375,492.2300109863281,496.3299865722656,441242800,0.0,0.0
2025-04-07 00:00:00+02:00,493.2900085449219,495.0899963378906,464.260009765625,474.010009765625,491830000,0.0,0.0
2025-04-08 00:00:00+02:00,477.2099914550781,492.1099853515625,477.0400085449219,486.9100036621094,328374700,0.0,0.0
2025-04-09 00:00:00+02:00,480.70001220703125,480.70001220703125,464.30999755859375,469.8900146484375,316160600,0.0,0.0
2025-04-10 00:00:00+02:00,472.5,504.1099853515625,472.5,487.2799987792969,345971100,0.0,0.0
2025-04-11 00:00:00+02:00,488.4200134277344,491.0799865722656,479.54998779296875,486.79998779296875,262693600,0.0,0.0
2025-04-14 00:00:00+02:00,491.1199951171875,501.760009765625,491.1199951171875,499.8900146484375,204021800,0.0,0.0
2025-04-15 00:00:00+02:00,500.8999938964844,508.4599914550781,500.8999938964844,508.05999755859375,218101000,0.0,0.0
2025-04-16 00:00:00+02:00,506.32000732421875,507.1600036621094,501.1600036621094,507.0899963378906,217891400,0.0,0.0
2025-04-17 00:00:00+02:00,506.489990234375,507.1300048828125,503.5,506.4200134277344,174399600,0.0,0.0
2025-04-22 00:00:00+02:00,504.9700012207031,507.7099914550781,502.2900085449219,507.7099914550781,222872200,0.0,0.0
2025-04-23 00:00:00+02:00,509.8299865722656,519.5599975585938,509.8299865722656,516.77001953125,255010900,0.0,0.0
2025-04-24 00:00:00+02:00,515.5399780273438,518.9600219726562,512.7899780273438,518.6099853515625,237638900,0.0,0.0
2025-04-25 00:00:00+02:00,519.4199829101562,521.969970703125,518.4099731445312,520.4500122070312,186987700,0.0,0.0
2025-04-28 00:00:00+02:00,521.6099853515625,524.5700073242188,521.6099853515625,523.1900024414062,173698600,0.0,0.0
2025-04-29 00:00:00+02:00,523.4500122070312,525.469970703125,522.9199829101562,525.0900268554688,190724000,0.0,0.0
2025-04-30 00:00:00+02:00,525.6099853515625,527.5700073242188,525.6099853515625,526.5900268554688,0,0.0,0.0
