,Date,Close
0,2006-02-06,656.7862295150757
1,2006-02-07,651.3852441787719
2,2006-02-08,656.8267593383789
3,2006-02-09,656.0547357559204
4,2006-02-10,657.4506519317626
5,2006-02-13,655.2607614517212
6,2006-02-14,661.6306842803954
7,2006-02-15,663.7838680267334
8,2006-02-16,668.555401802063
9,2006-02-17,667.6236270904542
10,2006-02-21,665.5044054031372
11,2006-02-22,670.3816402435303
12,2006-02-23,667.855117416382
13,2006-02-24,668.8392072677611
14,2006-02-27,671.0696460723877
15,2006-02-28,664.4849058151245
16,2006-03-01,669.7742750167847
17,2006-03-02,668.7810791015626
18,2006-03-03,667.7647954940796
19,2006-03-06,663.052115058899
20,2006-03-07,661.8421346664429
21,2006-03-08,663.0171073913573
22,2006-03-09,659.9213409423828
23,2006-03-10,664.4738157272338
24,2006-03-13,665.931351852417
25,2006-03-14,672.7451480865478
26,2006-03-15,675.4739097595215
27,2006-03-16,676.7371940612793
28,2006-03-17,677.6295658111571
29,2006-03-20,676.5035530090332
30,2006-03-21,672.5078350067139
31,2006-03-22,676.4315536499023
32,2006-03-23,674.7601997375488
33,2006-03-24,675.5253580093383
34,2006-03-27,674.9481676101684
35,2006-03-28,670.7081268310548
36,2006-03-29,675.61895942688
37,2006-03-30,674.4008068084718
38,2006-03-31,671.7018028259276
39,2006-04-03,673.2016384124755
40,2006-04-04,677.2587131500244
41,2006-04-05,680.1307039260864
42,2006-04-06,678.9545606613159
43,2006-04-07,672.0513805389404
44,2006-04-10,672.7341997146606
45,2006-04-11,667.6918087005614
46,2006-04-12,668.4896865844727
47,2006-04-13,668.9763538360596
48,2006-04-17,667.2892078399658
49,2006-04-18,678.3555927276611
50,2006-04-19,679.9061450958252
51,2006-04-20,680.3424409866333
52,2006-04-21,680.5190435409545
53,2006-04-24,678.7982563018799
54,2006-04-25,675.677659034729
55,2006-04-26,677.5630758285522
56,2006-04-27,679.6547061920166
57,2006-04-28,680.383906173706
58,2006-05-01,677.6392322540283
59,2006-05-02,681.8295993804932
60,2006-05-03,679.2253631591797
61,2006-05-04,681.3585765838623
62,2006-05-05,688.2177175521851
63,2006-05-08,687.6307315826417
64,2006-05-09,688.107123374939
65,2006-05-10,687.0669031143188
66,2006-05-11,678.6781837463379
67,2006-05-12,671.3045507431029
68,2006-05-15,672.4990480422974
69,2006-05-16,671.4961158752441
70,2006-05-17,660.5198503494263
71,2006-05-18,656.2655254364014
72,2006-05-19,658.6374340057373
73,2006-05-22,656.1491500854493
74,2006-05-23,653.4996162414551
75,2006-05-24,654.2118896484376
76,2006-05-25,661.4652866363525
77,2006-05-26,665.2362777709961
78,2006-05-30,655.0438533782958
79,2006-05-31,659.996992111206
80,2006-06-01,667.6016059875489
81,2006-06-02,669.1178918838501
82,2006-06-05,657.5723043441773
83,2006-06-06,656.8040317535399
84,2006-06-07,652.8609174728393
85,2006-06-08,653.6473844528198
86,2006-06-09,650.8132469177245
87,2006-06-12,643.2660791397095
88,2006-06-13,635.9723312377929
89,2006-06-14,639.0542524337768
90,2006-06-15,652.2786001205444
91,2006-06-16,649.9985843658447
92,2006-06-19,644.0809091567993
93,2006-06-20,644.196401977539
94,2006-06-21,650.3731159210205
95,2006-06-22,646.941554260254
96,2006-06-23,646.4219001770019
97,2006-06-26,649.4559070587159
98,2006-06-27,643.7686958312988
99,2006-06-28,647.1296745300293
100,2006-06-29,660.8641967773438
101,2006-06-30,659.7075052261351
102,2006-07-03,664.8774297714234
103,2006-07-05,660.20404586792
104,2006-07-06,661.8701639175415
105,2006-07-07,657.5764659881592
106,2006-07-10,658.4459362030029
107,2006-07-11,661.242919921875
108,2006-07-12,654.4703313827515
109,2006-07-13,646.3860801696777
110,2006-07-14,643.4078510284423
111,2006-07-17,642.2781860351563
112,2006-07-18,643.3332298278809
113,2006-07-19,654.9929195404052
114,2006-07-20,649.498670387268
115,2006-07-21,644.9797988891602
116,2006-07-24,655.2671766281128
117,2006-07-25,659.2616033554077
118,2006-07-26,659.0628437042236
119,2006-07-27,656.6199983596803
120,2006-07-28,664.3441854476929
121,2006-07-31,663.4043817520142
122,2006-08-01,660.7007951736449
123,2006-08-02,664.0242586135864
124,2006-08-03,665.3741607666016
125,2006-08-04,664.9853267669678
126,2006-08-07,663.2476490020753
127,2006-08-08,661.0193098068237
128,2006-08-09,658.3371635437011
129,2006-08-10,661.0928518295289
130,2006-08-11,658.454472732544
131,2006-08-14,659.1051031112671
132,2006-08-15,667.8101308822633
133,2006-08-16,672.8170974731445
134,2006-08-17,673.6658094406127
135,2006-08-18,676.0993757247925
136,2006-08-21,673.9065034866333
137,2006-08-22,674.5175796508789
138,2006-08-23,671.5525156021118
139,2006-08-24,673.10733795166
140,2006-08-25,672.6404518127441
141,2006-08-28,675.8612569808961
142,2006-08-29,677.1087600708008
143,2006-08-30,677.7575300216674
144,2006-08-31,677.0915826797485
145,2006-09-01,680.6697429656983
146,2006-09-05,681.8880065917969
147,2006-09-06,675.3357551574707
148,2006-09-07,672.0431016921997
149,2006-09-08,674.4378847122192
150,2006-09-11,674.4752340316772
151,2006-09-12,681.1969968795777
152,2006-09-13,683.7706874847412
153,2006-09-14,682.6973834991455
154,2006-09-15,684.3975297927856
155,2006-09-18,685.2600849151611
156,2006-09-19,683.3696010589599
157,2006-09-20,687.1808925628661
158,2006-09-21,683.7809661865235
159,2006-09-22,682.1990606307984
160,2006-09-25,688.0322374343872
161,2006-09-26,693.0527275085449
162,2006-09-27,693.3015745162965
163,2006-09-28,694.4652824401855
164,2006-09-29,692.9095502853394
165,2006-10-02,690.6073190689087
166,2006-10-03,691.7629524230957
167,2006-10-04,699.8146259307862
168,2006-10-05,701.3372211456299
169,2006-10-06,699.473260307312
170,2006-10-09,700.1193172454833
171,2006-10-10,701.3593168258668
172,2006-10-11,699.5672098159789
173,2006-10-12,706.1066383361816
174,2006-10-13,707.6086513519286
175,2006-10-16,709.433260345459
176,2006-10-17,706.9035795211792
177,2006-10-18,707.7611711502075
178,2006-10-19,708.4473598480225
179,2006-10-20,709.1713535308838
180,2006-10-23,713.2338340759277
181,2006-10-24,713.4875930786133
182,2006-10-25,716.0428903579711
183,2006-10-26,719.5701581954957
184,2006-10-27,713.7511419296264
185,2006-10-30,714.078289604187
186,2006-10-31,714.1682823181152
187,2006-11-01,709.2703142166138
188,2006-11-02,709.0576107025146
189,2006-11-03,707.5108516693115
190,2006-11-06,715.2450786590575
191,2006-11-07,716.8280733108521
192,2006-11-08,718.2190584182739
193,2006-11-09,714.7402534484863
194,2006-11-10,715.973662185669
195,2006-11-13,717.6683025360107
196,2006-11-14,722.0420692443847
197,2006-11-15,723.7209684371948
198,2006-11-16,725.1967136383057
199,2006-11-17,726.0329582214356
200,2006-11-20,725.6866422653198
201,2006-11-21,726.9328784942627
202,2006-11-22,728.6272727966308
203,2006-11-24,726.1902618408204
204,2006-11-27,716.7124235153199
205,2006-11-28,719.1315841674806
206,2006-11-29,725.4710302352905
207,2006-11-30,726.2411851882935
208,2006-12-01,724.285786819458
209,2006-12-04,730.49821434021
210,2006-12-05,733.2834281921387
211,2006-12-06,732.1997663497924
212,2006-12-07,729.3758668899536
213,2006-12-08,730.5301990509033
214,2006-12-11,732.1820650100708
215,2006-12-12,731.4821224212646
216,2006-12-13,732.2503746032714
217,2006-12-14,738.354005241394
218,2006-12-15,739.0483558654786
219,2006-12-18,736.7207920074463
220,2006-12-19,738.3682552337647
221,2006-12-20,737.3375373840332
222,2006-12-21,734.7120782852173
223,2006-12-22,730.9694801330567
224,2006-12-26,734.0354015350342
225,2006-12-27,738.9765655517579
226,2006-12-28,737.9821542739869
227,2006-12-29,734.8048564910888
228,2007-01-03,733.8327136993408
229,2007-01-04,734.6240381240844
230,2007-01-05,730.1421895980835
231,2007-01-08,731.7586553573609
232,2007-01-09,731.4138746261597
233,2007-01-10,732.7102878570556
234,2007-01-11,737.1638343811036
235,2007-01-12,740.7930948257446
236,2007-01-16,741.3361145019531
237,2007-01-17,740.7695152282715
238,2007-01-18,738.6106269836425
239,2007-01-19,740.7712474822997
240,2007-01-22,736.9785524368285
241,2007-01-23,739.6779500961303
242,2007-01-24,745.7359720230103
243,2007-01-25,737.5538293838501
244,2007-01-26,736.7274541854858
245,2007-01-29,735.8446187973022
246,2007-01-30,740.0693029403687
247,2007-01-31,744.8751626968383
248,2007-02-01,748.7658178329467
249,2007-02-02,749.9472244262695
250,2007-02-05,749.2713132858277
251,2007-02-06,749.8472879409791
252,2007-02-07,750.8378112792968
253,2007-02-08,750.1284402847291
254,2007-02-09,745.0360458374023
255,2007-02-12,742.5899902343749
256,2007-02-13,748.0872083663941
257,2007-02-14,753.6986196517945
258,2007-02-15,754.4819581985474
259,2007-02-16,753.8893777847289
260,2007-02-20,755.8404092788696
261,2007-02-21,755.0613180160523
262,2007-02-22,754.4100683212281
263,2007-02-23,751.9272205352783
264,2007-02-26,751.0993732452392
265,2007-02-27,725.696402168274
266,2007-02-28,729.7130855560303
267,2007-03-01,727.8042181015015
268,2007-03-02,719.6105812072755
269,2007-03-05,712.9660179138184
270,2007-03-06,723.7401288986207
271,2007-03-07,722.0776027679443
272,2007-03-08,727.0432735443115
273,2007-03-09,727.4186529159546
274,2007-03-12,729.3454900741577
275,2007-03-13,714.984917831421
276,2007-03-14,719.6002002716064
277,2007-03-15,722.1274026870727
278,2007-03-16,719.5331407546996
279,2007-03-19,727.0980472564697
280,2007-03-20,731.6109716415406
281,2007-03-21,743.7420782089233
282,2007-03-22,743.4864854812622
283,2007-03-23,744.1868532180786
284,2007-03-26,744.9496097564697
285,2007-03-27,740.4999788284301
286,2007-03-28,734.873858642578
287,2007-03-29,737.4970705032349
288,2007-03-30,736.639146232605
289,2007-04-02,738.4968181610107
290,2007-04-03,745.0788686752319
291,2007-04-04,746.019645690918
292,2007-04-05,748.2080787658692
293,2007-04-09,748.5116327285766
294,2007-04-10,750.5203176498413
295,2007-04-11,745.7384435653687
296,2007-04-12,750.2280914306641
297,2007-04-13,752.8217609405518
298,2007-04-16,760.6360042572022
299,2007-04-17,762.2000255584717
300,2007-04-18,762.7751661300658
301,2007-04-19,761.7922760009766
302,2007-04-20,768.7398893356324
303,2007-04-23,767.017741394043
304,2007-04-24,766.6840997695923
305,2007-04-25,774.2540887832641
306,2007-04-26,773.5186553955078
307,2007-04-27,773.505036354065
308,2007-04-30,767.6483367919922
309,2007-05-01,769.5673572540284
310,2007-05-02,774.3628593444823
311,2007-05-03,777.6715471267701
312,2007-05-04,779.375221824646
313,2007-05-07,781.3187351226808
314,2007-05-08,780.3689407348633
315,2007-05-09,782.7238996505737
316,2007-05-10,772.0454374313355
317,2007-05-11,779.2763090133667
318,2007-05-14,777.905294418335
319,2007-05-15,776.9652044296264
320,2007-05-16,783.3287727355956
321,2007-05-17,782.5674987792969
322,2007-05-18,787.559098815918
323,2007-05-21,788.8052665710449
324,2007-05-22,788.2020221710205
325,2007-05-23,787.3120456695558
326,2007-05-24,779.8433094024659
327,2007-05-25,783.9895483016968
328,2007-05-29,785.1279212951661
329,2007-05-30,791.1941944122314
330,2007-05-31,791.4517988204956
331,2007-06-01,794.3997097015382
332,2007-06-04,795.870271873474
333,2007-06-05,791.6803478240968
334,2007-06-06,784.9056022644044
335,2007-06-07,771.3513368606568
336,2007-06-08,779.6625474929809
337,2007-06-11,780.4890279769897
338,2007-06-12,772.260661315918
339,2007-06-13,783.6928966522216
340,2007-06-14,787.4044296264649
341,2007-06-15,792.4747388839722
342,2007-06-18,791.5671228408813
343,2007-06-19,792.9780206680298
344,2007-06-20,782.4205312728882
345,2007-06-21,787.0492399215698
346,2007-06-22,777.2919006347657
347,2007-06-25,774.854376411438
348,2007-06-26,772.3020072937012
349,2007-06-27,779.0621786117555
350,2007-06-28,778.7871023178101
351,2007-06-29,777.6400047302246
352,2007-07-02,785.8147834777832
353,2007-07-03,788.4897560119629
354,2007-07-05,788.6701484680175
355,2007-07-06,791.2324178695679
356,2007-07-09,792.0045560836792
357,2007-07-10,781.2530652999878
358,2007-07-11,785.5220684051513
359,2007-07-12,800.0381689071655
360,2007-07-13,802.4638502120972
361,2007-07-16,800.9488918304444
362,2007-07-17,800.8215055465698
363,2007-07-18,799.3780834197999
364,2007-07-19,802.8795953750611
365,2007-07-20,793.4865806579589
366,2007-07-23,797.1898464202881
367,2007-07-24,781.9435985565185
368,2007-07-25,785.4202211380004
369,2007-07-26,767.6188571929932
370,2007-07-27,755.7430595397949
371,2007-07-30,763.2250482559205
372,2007-07-31,753.9796815872193
373,2007-08-01,759.2195058822632
374,2007-08-02,762.4049100875856
375,2007-08-03,742.9672636032104
376,2007-08-06,760.1965028762818
377,2007-08-07,764.711754989624
378,2007-08-08,775.1060037612915
379,2007-08-09,752.7796087265014
380,2007-08-10,753.1143556594849
381,2007-08-13,752.7403371810913
382,2007-08-14,739.60817527771
383,2007-08-15,729.7112678527832
384,2007-08-16,731.8036651611328
385,2007-08-17,749.2091537475586
386,2007-08-20,749.0150568008423
387,2007-08-21,749.8736499786377
388,2007-08-22,758.372409248352
389,2007-08-23,757.6065465927124
390,2007-08-24,766.1021585464478
391,2007-08-27,759.8551641464234
392,2007-08-28,742.6497777938844
393,2007-08-29,758.3822946548462
394,2007-08-30,755.3369312286376
395,2007-08-31,763.5954454421998
396,2007-09-04,771.4069456100464
397,2007-09-05,762.915414428711
398,2007-09-06,766.1634641647339
399,2007-09-07,753.8417127609252
400,2007-09-10,752.9977432250976
401,2007-09-11,762.9555612564087
402,2007-09-12,762.9830478668213
403,2007-09-13,769.0712911605834
404,2007-09-14,769.2265176773071
405,2007-09-17,765.5577238082885
406,2007-09-18,787.241710472107
407,2007-09-19,791.8554437637329
408,2007-09-20,786.752596282959
409,2007-09-21,790.2824562072753
410,2007-09-24,786.2640226364135
411,2007-09-25,786.0065519332885
412,2007-09-26,790.0640481948853
413,2007-09-27,793.2049156188966
414,2007-09-28,790.9901918411255
415,2007-10-01,801.0894929885864
416,2007-10-02,800.7507768630982
417,2007-10-03,797.1972370147705
418,2007-10-04,798.9439487457277
419,2007-10-05,806.2366708755493
420,2007-10-08,803.7361965179443
421,2007-10-09,810.0554296493531
422,2007-10-10,808.7926151275635
423,2007-10-11,804.8562631607056
424,2007-10-12,808.5960229873657
425,2007-10-15,802.1516696929931
426,2007-10-16,797.0909898757934
427,2007-10-17,798.4324728012085
428,2007-10-18,798.0974172592164
429,2007-10-19,778.418411064148
430,2007-10-22,781.1462726593018
431,2007-10-23,787.8171110153198
432,2007-10-24,786.0786050796509
433,2007-10-25,785.3991159439088
434,2007-10-26,796.0267486572266
435,2007-10-29,798.960860824585
436,2007-10-30,793.8701335906983
437,2007-10-31,803.1973373413085
438,2007-11-01,782.6701549530028
439,2007-11-02,783.5396162033081
440,2007-11-05,779.7585685729981
441,2007-11-06,789.0202600479126
442,2007-11-07,766.7664251327514
443,2007-11-08,766.3517677307129
444,2007-11-09,755.8740707397461
445,2007-11-12,748.1437705993652
446,2007-11-13,769.1138912200928
447,2007-11-14,764.0438529968262
448,2007-11-15,754.1483173370361
449,2007-11-16,757.9190658569336
450,2007-11-19,745.1920909881592
451,2007-11-20,748.6559673309326
452,2007-11-21,737.3223388671876
453,2007-11-23,749.4067884445191
454,2007-11-26,732.8051099777222
455,2007-11-27,743.0933391571045
456,2007-11-28,763.358320236206
457,2007-11-29,763.6375072479248
458,2007-11-30,769.2575393676758
459,2007-12-03,765.1093496322632
460,2007-12-04,760.347417640686
461,2007-12-05,771.326657295227
462,2007-12-06,782.5918807983398
463,2007-12-07,781.0614166259766
464,2007-12-10,786.81344871521
465,2007-12-11,767.6539505004882
466,2007-12-12,772.3421430587769
467,2007-12-13,772.953967666626
468,2007-12-14,762.6567123413085
469,2007-12-17,751.6070320129394
470,2007-12-18,756.3438650131225
471,2007-12-19,755.4158864974976
472,2007-12-20,758.891397857666
473,2007-12-21,771.1556077957154
474,2007-12-24,777.1798330307007
475,2007-12-26,777.8985136032104
476,2007-12-27,767.3168794631958
477,2007-12-28,768.6605150222779
478,2007-12-31,763.5504146575928
479,2008-01-02,753.3526252746582
480,2008-01-03,753.4942907333373
481,2008-01-04,735.7071163177491
482,2008-01-07,737.9190509796142
483,2008-01-08,725.1972578048706
484,2008-01-09,734.5730649948121
485,2008-01-10,740.2919372558594
486,2008-01-11,730.7749710083008
487,2008-01-14,738.5349359512329
488,2008-01-15,720.7628246307373
489,2008-01-16,716.6765954971314
490,2008-01-17,696.7591672897338
491,2008-01-18,692.8278408050537
492,2008-01-22,685.5775020599365
493,2008-01-23,699.4923311233521
494,2008-01-24,706.4643947601318
495,2008-01-25,695.8493913650512
496,2008-01-28,707.7186784744262
497,2008-01-29,711.7937255859374
498,2008-01-30,708.6447423934936
499,2008-01-31,720.0443901062011
500,2008-02-01,728.2061584472656
501,2008-02-04,720.9183368682861
502,2008-02-05,698.7216033935547
503,2008-02-06,693.7260486602784
504,2008-02-07,698.9133937835693
505,2008-02-08,696.3913669586182
506,2008-02-11,700.4034839630126
507,2008-02-12,705.0026525497436
508,2008-02-13,714.100431060791
509,2008-02-14,704.9516199111939
510,2008-02-15,705.4377180099488
511,2008-02-19,705.0808465957642
512,2008-02-20,710.8580944061279
513,2008-02-21,702.2443885803223
514,2008-02-22,707.4910060882569
515,2008-02-25,716.7345363616944
516,2008-02-26,721.7314291000366
517,2008-02-27,721.2374864578247
518,2008-02-28,715.3300535202027
519,2008-02-29,696.8436639785766
520,2008-03-03,697.3471288681029
521,2008-03-04,694.7542680740356
522,2008-03-05,698.4328773498535
523,2008-03-06,683.6274780273437
524,2008-03-07,678.125634765625
525,2008-03-10,668.2628791809082
526,2008-03-11,691.8519687652588
527,2008-03-12,686.2408031463623
528,2008-03-13,689.6515342712403
529,2008-03-14,676.0931106567383
530,2008-03-17,670.3155582427979
531,2008-03-18,697.1459629058837
532,2008-03-19,680.5548908233643
533,2008-03-20,695.7264240264892
534,2008-03-24,705.846118927002
535,2008-03-25,707.7299165725708
536,2008-03-26,701.9448295593263
537,2008-03-27,694.2684276580811
538,2008-03-28,688.8096864700317
539,2008-03-31,692.2976331710815
540,2008-04-01,715.5375097274781
541,2008-04-02,714.553900718689
542,2008-04-03,715.5350280761719
543,2008-04-04,716.2811376571656
544,2008-04-07,717.4757133483888
545,2008-04-08,713.9047748565674
546,2008-04-09,708.7108039855957
547,2008-04-10,711.6152965545655
548,2008-04-11,697.7358505249024
549,2008-04-14,695.4621223449708
550,2008-04-15,698.5104782104492
551,2008-04-16,713.7751468658448
552,2008-04-17,714.1100170135499
553,2008-04-18,726.3524196624757
554,2008-04-21,725.2416004180908
555,2008-04-22,719.1768028259278
556,2008-04-23,721.0166172027589
557,2008-04-24,725.1356655120849
558,2008-04-25,729.6924942016601
559,2008-04-28,729.0532829284668
560,2008-04-29,726.0970119476318
561,2008-04-30,723.6141536712647
562,2008-05-01,735.1153186798097
563,2008-05-02,737.5037986755372
564,2008-05-05,734.5431369781494
565,2008-05-06,739.9470832824708
566,2008-05-07,727.080623626709
567,2008-05-08,729.8807758331299
568,2008-05-09,725.259487915039
569,2008-05-12,732.7738384246826
570,2008-05-13,732.2556873321533
571,2008-05-14,735.01845703125
572,2008-05-15,742.79186668396
573,2008-05-16,743.89560546875
574,2008-05-19,744.6011718749999
575,2008-05-20,738.2259983062744
576,2008-05-21,727.0643512725829
577,2008-05-22,728.6212253570556
578,2008-05-23,719.515156173706
579,2008-05-27,723.8751865386963
580,2008-05-28,726.5337451934814
581,2008-05-29,729.8318450927735
582,2008-05-30,731.075560760498
583,2008-06-02,723.887393951416
584,2008-06-03,719.7211700439453
585,2008-06-04,719.3547431945801
586,2008-06-05,732.8202281951905
587,2008-06-06,711.590425491333
588,2008-06-09,711.9658157348633
589,2008-06-10,709.9488849639893
590,2008-06-11,698.7792320251465
591,2008-06-12,700.711393737793
592,2008-06-13,710.7439540863038
593,2008-06-16,710.93391456604
594,2008-06-17,706.4538375854493
595,2008-06-18,700.126348876953
596,2008-06-19,702.4662403106689
597,2008-06-20,690.1507350921631
598,2008-06-23,690.002267074585
599,2008-06-24,688.2232509613036
600,2008-06-25,692.0528434753418
601,2008-06-26,673.1115802764893
602,2008-06-27,670.8673885345459
603,2008-06-30,671.6099884033204
604,2008-07-01,674.1945598602294
605,2008-07-02,662.6030712127686
606,2008-07-03,663.1859516143799
607,2008-07-07,657.818906402588
608,2008-07-08,668.406623840332
609,2008-07-09,654.0356388092041
610,2008-07-10,658.7086662292481
611,2008-07-11,651.8697586059571
612,2008-07-14,646.3794269561766
613,2008-07-15,639.6574100494385
614,2008-07-16,654.5075561523437
615,2008-07-17,661.7950096130372
616,2008-07-18,661.7992965698243
617,2008-07-21,661.6949581146241
618,2008-07-22,669.8456470489502
619,2008-07-23,672.1330768585204
620,2008-07-24,657.5151699066162
621,2008-07-25,660.0223251342774
622,2008-07-28,648.4322986602783
623,2008-07-29,662.6713653564453
624,2008-07-30,673.1828262329102
625,2008-07-31,664.864504623413
626,2008-08-01,661.2177631378174
627,2008-08-04,655.2569824218749
628,2008-08-05,672.9309677124023
629,2008-08-06,675.0861095428467
630,2008-08-07,663.5863666534423
631,2008-08-08,678.4252740859986
632,2008-08-11,682.5451072692871
633,2008-08-12,674.6700912475586
634,2008-08-13,672.9681270599365
635,2008-08-14,676.313650894165
636,2008-08-15,678.7869178771973
637,2008-08-18,669.1537590026857
638,2008-08-19,663.3966999053955
639,2008-08-20,667.340447998047
640,2008-08-21,669.2992614746094
641,2008-08-22,676.2805515289306
642,2008-08-25,663.6245586395264
643,2008-08-26,665.9688789367676
644,2008-08-27,671.1102848052979
645,2008-08-28,680.653736114502
646,2008-08-29,671.6640327453613
647,2008-09-02,668.7663942337036
648,2008-09-03,667.4135738372803
649,2008-09-04,648.3132425308228
650,2008-09-05,651.0250469207764
651,2008-09-08,663.8643636703491
652,2008-09-09,641.9599439620972
653,2008-09-10,645.4891109466553
654,2008-09-11,653.8307790756226
655,2008-09-12,655.3455837249755
656,2008-09-15,626.0054868698121
657,2008-09-16,636.1276100158691
658,2008-09-17,608.5199878692626
659,2008-09-18,633.2666221618653
660,2008-09-19,658.0486585617065
661,2008-09-22,634.179585647583
662,2008-09-23,624.6003334045411
663,2008-09-24,623.2619258880616
664,2008-09-25,634.9096464157105
665,2008-09-26,636.843677520752
666,2008-09-29,583.4397144317627
667,2008-09-30,613.100758934021
668,2008-10-01,610.3409677505493
669,2008-10-02,586.5010932922363
670,2008-10-03,579.0786722183227
671,2008-10-06,557.9714811325073
672,2008-10-07,527.5871578216553
673,2008-10-08,521.8287221908569
674,2008-10-09,484.28771781921387
675,2008-10-10,476.9379089355469
676,2008-10-13,529.6549049377442
677,2008-10-14,527.3238967895508
678,2008-10-15,482.5214849472046
679,2008-10-16,501.08803005218505
680,2008-10-17,498.0298784255981
681,2008-10-20,520.9468269348145
682,2008-10-21,505.59871807098386
683,2008-10-22,476.1351713180542
684,2008-10-23,481.37876949310305
685,2008-10-24,465.62529926300044
686,2008-10-27,451.50284938812257
687,2008-10-28,497.5777982711792
688,2008-10-29,492.85347537994386
689,2008-10-30,504.6089584350586
690,2008-10-31,511.76952610015866
691,2008-11-03,510.20891571044916
692,2008-11-04,530.7556299209594
693,2008-11-05,504.2134225845337
694,2008-11-06,480.0383995056152
695,2008-11-07,493.216646194458
696,2008-11-10,487.331156539917
697,2008-11-11,477.14580097198484
698,2008-11-12,453.39581298828125
699,2008-11-13,483.2060857772827
700,2008-11-14,464.3630348205566
701,2008-11-17,453.03077030181885
702,2008-11-18,457.1451782226563
703,2008-11-19,430.88077850341796
704,2008-11-20,403.83462352752684
705,2008-11-21,428.0539215087891
706,2008-11-24,454.2770652770996
707,2008-11-25,457.4518234252929
708,2008-11-26,472.53790340423586
709,2008-11-28,476.68807029724127
710,2008-12-01,436.4103925704956
711,2008-12-02,452.8602373123169
712,2008-12-03,463.7286293029785
713,2008-12-04,450.8669273376465
714,2008-12-05,466.04648132324223
715,2008-12-08,483.0830642700195
716,2008-12-09,472.7189889907837
717,2008-12-10,478.3642728805542
718,2008-12-11,465.78484764099125
719,2008-12-12,468.91695728302
720,2008-12-15,463.50825080871584
721,2008-12-16,486.10144805908203
722,2008-12-17,481.89565792083744
723,2008-12-18,472.263282585144
724,2008-12-19,473.3643516540527
725,2008-12-22,465.37612781524655
726,2008-12-23,461.2550380706787
727,2008-12-24,463.89902763366695
728,2008-12-26,466.39864387512205
729,2008-12-29,464.9546043395996
730,2008-12-30,475.5377311706543
731,2008-12-31,481.9923526763916
732,2009-01-02,496.1791053771973
733,2009-01-05,494.1637672424316
734,2009-01-06,497.79196586608884
735,2009-01-07,483.24460086822506
736,2009-01-08,484.8119632720947
737,2009-01-09,474.9794124603272
738,2009-01-12,464.63658409118653
739,2009-01-13,465.4756942749023
740,2009-01-14,450.7296680450439
741,2009-01-15,451.3460041046143
742,2009-01-16,454.8769138336182
743,2009-01-20,432.4490213394165
744,2009-01-21,449.82608757019045
745,2009-01-22,443.3925067901611
746,2009-01-23,446.0624074935913
747,2009-01-26,448.3988346099854
748,2009-01-27,452.9620166778564
749,2009-01-28,467.1094194412231
750,2009-01-29,452.6470920562744
751,2009-01-30,443.3096216201782
752,2009-02-02,442.77523612976074
753,2009-02-03,449.16705589294435
754,2009-02-04,446.08086814880375
755,2009-02-05,452.9620798110962
756,2009-02-06,464.3488531112671
757,2009-02-09,464.8591598510742
758,2009-02-10,443.7790288925171
759,2009-02-11,447.26274700164794
760,2009-02-12,448.18167819976804
761,2009-02-13,443.85393886566163
762,2009-02-17,425.2289512634278
763,2009-02-18,424.95015659332273
764,2009-02-19,420.1048915863037
765,2009-02-20,415.7450336456299
766,2009-02-23,402.46181793212895
767,2009-02-24,417.0591361999512
768,2009-02-25,412.78314514160155
769,2009-02-26,406.6726930618286
770,2009-02-27,397.7415210723877
771,2009-03-02,380.4172974586487
772,2009-03-03,378.0688367843628
773,2009-03-04,386.1995431900025
774,2009-03-05,371.3889001846313
775,2009-03-06,371.9250553131103
776,2009-03-09,368.18602085113525
777,2009-03-10,389.5177761077881
778,2009-03-11,390.4994169235229
779,2009-03-12,405.4698337554932
780,2009-03-13,408.3991708755493
781,2009-03-16,406.99637374877926
782,2009-03-17,419.01449699401854
783,2009-03-18,427.76152954101565
784,2009-03-19,422.8172101974487
785,2009-03-20,414.906259727478
786,2009-03-23,441.98371410369873
787,2009-03-24,433.3077117919921
788,2009-03-25,437.1782768249511
789,2009-03-26,446.7331354141235
790,2009-03-27,438.130429649353
791,2009-03-30,423.87909908294677
792,2009-03-31,429.18675498962403
793,2009-04-01,435.85296669006345
794,2009-04-02,447.2856035232544
795,2009-04-03,451.1890159606934
796,2009-04-06,447.42043304443354
797,2009-04-07,437.5392951965332
798,2009-04-08,442.40794563293457
799,2009-04-09,458.07528495788574
800,2009-04-13,459.46573638916016
801,2009-04-14,450.7626958847046
802,2009-04-15,456.09825630187987
803,2009-04-16,462.5067153930664
804,2009-04-17,464.4767475128174
805,2009-04-20,446.09005203247074
806,2009-04-21,454.8735326766968
807,2009-04-22,451.7121530532837
808,2009-04-23,456.08690242767335
809,2009-04-24,463.3813331604004
810,2009-04-27,458.9374536514282
811,2009-04-28,457.6184236526489
812,2009-04-29,466.87486934661865
813,2009-04-30,466.4543659210205
814,2009-05-01,468.75424327850345
815,2009-05-04,483.8336612701416
816,2009-05-05,482.0890058517456
817,2009-05-06,490.1755487442017
818,2009-05-07,484.0120574951172
819,2009-05-08,495.06908054351806
820,2009-05-11,485.0428730010986
821,2009-05-12,484.8263040542603
822,2009-05-13,472.6458576202392
823,2009-05-14,477.23869743347166
824,2009-05-15,472.1920766830445
825,2009-05-18,485.47904739379885
826,2009-05-19,484.7664291381836
827,2009-05-20,482.65590133666996
828,2009-05-21,475.16835498809814
829,2009-05-22,474.5091558456421
830,2009-05-26,486.09508743286136
831,2009-05-27,477.3296073913574
832,2009-05-28,484.3371603012085
833,2009-05-29,490.93532314300535
834,2009-06-01,502.5646301269531
835,2009-06-02,503.70511341094965
836,2009-06-03,497.0044868469238
837,2009-06-04,502.44795188903805
838,2009-06-05,500.89880275726324
839,2009-06-08,500.3512329101562
840,2009-06-09,502.13053493499757
841,2009-06-10,500.43142032623285
842,2009-06-11,503.3724925994873
843,2009-06-12,503.94474029541016
844,2009-06-15,492.62615604400634
845,2009-06-16,486.8534229278564
846,2009-06-17,486.31033821105956
847,2009-06-18,489.9410131454468
848,2009-06-19,491.45425052642827
849,2009-06-22,477.1841653823853
850,2009-06-23,478.3502017974854
851,2009-06-24,481.2699960708618
852,2009-06-25,491.1245885848999
853,2009-06-26,490.48413963317876
854,2009-06-29,494.6258958816528
855,2009-06-30,490.5529567718506
856,2009-07-01,492.6636989593506
857,2009-07-02,479.09764976501464
858,2009-07-06,480.125421333313
859,2009-07-07,471.30990943908694
860,2009-07-08,470.5170810699463
861,2009-07-09,472.0560316085815
862,2009-07-10,470.34211578369144
863,2009-07-13,481.3630180358887
864,2009-07-14,483.75973358154295
865,2009-07-15,497.24051017761235
866,2009-07-16,501.3110980987548
867,2009-07-17,501.1540697097778
868,2009-07-20,506.7188663482666
869,2009-07-21,508.5599449157715
870,2009-07-22,508.2783740997314
871,2009-07-23,519.3599891662598
872,2009-07-24,520.8617530822753
873,2009-07-27,522.2993236541748
874,2009-07-28,520.8744239807129
875,2009-07-29,518.5327554702759
876,2009-07-30,524.4594552993775
877,2009-07-31,525.1379129409789
878,2009-08-03,532.779587173462
879,2009-08-04,534.310965538025
880,2009-08-05,532.8602329254151
881,2009-08-06,529.9839559555053
882,2009-08-07,536.4703086853027
883,2009-08-10,534.8515548706055
884,2009-08-11,528.5022056579589
885,2009-08-12,534.2489501953125
886,2009-08-13,537.8637598037719
887,2009-08-14,533.4492166519165
888,2009-08-17,521.1843662261963
889,2009-08-18,526.1714906692505
890,2009-08-19,529.6684555053711
891,2009-08-20,535.1140144348144
892,2009-08-21,544.5298280715942
893,2009-08-24,544.2042358398437
894,2009-08-25,545.4655807495118
895,2009-08-26,545.5526132583618
896,2009-08-27,547.0236003875732
897,2009-08-28,546.0485986709596
898,2009-08-31,541.8762800216674
899,2009-09-01,530.571718788147
900,2009-09-02,529.2677515029907
901,2009-09-03,533.5929401397706
902,2009-09-04,540.1329509735107
903,2009-09-08,544.6235597610473
904,2009-09-09,548.6255651473998
905,2009-09-10,554.1867719650269
906,2009-09-11,553.5624530792237
907,2009-09-14,556.7456209182739
908,2009-09-15,558.4978818893433
909,2009-09-16,566.7048740386964
910,2009-09-17,565.1096504211426
911,2009-09-18,566.3793077468873
912,2009-09-21,564.4698223114013
913,2009-09-22,568.118601989746
914,2009-09-23,562.6467546463012
915,2009-09-24,557.4747549057007
916,2009-09-25,554.2655490875245
917,2009-09-28,563.5851818084716
918,2009-09-29,562.4214147567749
919,2009-09-30,560.8880130767823
920,2009-10-01,547.2123022079468
921,2009-10-02,544.8818071365356
922,2009-10-05,552.7267236709595
923,2009-10-06,560.0496829986572
924,2009-10-07,561.5736469268799
925,2009-10-08,565.6763702392578
926,2009-10-09,568.4658868789674
927,2009-10-12,570.9751951217651
928,2009-10-13,569.6189619064331
929,2009-10-14,578.9926357269286
930,2009-10-15,581.1202171325683
931,2009-10-16,576.7154914855957
932,2009-10-19,582.0064298629761
933,2009-10-20,578.5364307403564
934,2009-10-21,573.7702447891236
935,2009-10-22,579.5282787322999
936,2009-10-23,572.7968799591064
937,2009-10-26,566.2145612716675
938,2009-10-27,564.509232711792
939,2009-10-28,553.9825078964234
940,2009-10-29,565.9410522460938
941,2009-10-30,550.9902704238892
942,2009-11-02,554.4804332733155
943,2009-11-03,555.9985778808593
944,2009-11-04,556.5723299026489
945,2009-11-05,566.6671642303467
946,2009-11-06,568.0273353576661
947,2009-11-09,580.0549444198608
948,2009-11-10,580.0354078292847
949,2009-11-11,582.9282566070556
950,2009-11-12,577.1641639709472
951,2009-11-13,580.4570703506469
952,2009-11-16,588.6656448364258
953,2009-11-17,589.2377983093262
954,2009-11-18,588.9642789840699
955,2009-11-19,581.5103353500366
956,2009-11-20,579.8195844650269
957,2009-11-23,587.390255355835
958,2009-11-24,587.1758762359619
959,2009-11-25,589.9252334594727
960,2009-11-27,580.1924860000611
961,2009-11-30,582.3795581817626
962,2009-12-01,589.1334712982177
963,2009-12-02,589.4490943908692
964,2009-12-03,584.741346168518
965,2009-12-04,587.2173179626465
966,2009-12-07,585.7888795852662
967,2009-12-08,579.9245506286621
968,2009-12-09,581.8705883026123
969,2009-12-10,585.0414449691773
970,2009-12-11,586.8825567245483
971,2009-12-14,590.8477396011352
972,2009-12-15,587.687844657898
973,2009-12-16,588.5242242813111
974,2009-12-17,581.5504438400268
975,2009-12-18,584.9151901245118
976,2009-12-21,590.3981729507447
977,2009-12-22,592.2607200622558
978,2009-12-23,593.6283142089844
979,2009-12-24,596.7309692382813
980,2009-12-28,597.3130687713622
981,2009-12-29,596.4348253250122
982,2009-12-30,596.5398191452026
983,2009-12-31,590.8858818054199
984,2010-01-04,600.1578632354735
985,2010-01-05,602.0086446762084
986,2010-01-06,602.5270795822144
987,2010-01-07,604.681290626526
988,2010-01-08,606.3914667129517
989,2010-01-11,607.5166139602661
990,2010-01-12,601.9842498779296
991,2010-01-13,606.7338150024414
992,2010-01-14,608.2149179458618
993,2010-01-15,601.8981281280518
994,2010-01-19,609.0443872451783
995,2010-01-20,602.7047422409058
996,2010-01-21,591.7474514007567
997,2010-01-22,579.3574995040892
998,2010-01-25,581.9061382293702
999,2010-01-26,579.6121982574463
1000,2010-01-27,582.1286027908325
1001,2010-01-28,575.6137832641601
1002,2010-01-29,570.2566150665284
1003,2010-02-01,578.1752180099487
1004,2010-02-02,585.3857854843139
1005,2010-02-03,582.2597045898438
1006,2010-02-04,564.7232261657715
1007,2010-02-05,566.2768028259277
1008,2010-02-08,561.5284786224365
1009,2010-02-09,568.5526815414429
1010,2010-02-10,567.2888013839722
1011,2010-02-11,572.6495889663696
1012,2010-02-12,571.1532192230225
1013,2010-02-16,581.2040798187255
1014,2010-02-17,583.412982559204
1015,2010-02-18,587.1163690567016
1016,2010-02-19,588.3035373687744
1017,2010-02-22,587.6363691329956
1018,2010-02-23,580.8528467178345
1019,2010-02-24,586.1583206176758
1020,2010-02-25,585.1100997924805
1021,2010-02-26,586.0369136810303
1022,2010-03-01,591.6564378738403
1023,2010-03-02,593.1453147888184
1024,2010-03-03,593.4664047241212
1025,2010-03-04,595.4959335327148
1026,2010-03-05,603.3434867858887
1027,2010-03-08,603.1618488311767
1028,2010-03-09,604.1220447540283
1029,2010-03-10,606.5692127227783
1030,2010-03-11,608.8919715881348
1031,2010-03-12,608.6917348861695
1032,2010-03-15,608.9942083358766
1033,2010-03-16,613.738175201416
1034,2010-03-17,617.0664657592773
1035,2010-03-18,616.9291542053223
1036,2010-03-19,613.7168905258178
1037,2010-03-22,616.6348630905152
1038,2010-03-23,620.8670946121216
1039,2010-03-24,617.3116373062135
1040,2010-03-25,616.2994392395019
1041,2010-03-26,616.9478286743164
1042,2010-03-29,620.300351524353
1043,2010-03-30,620.2597152709961
1044,2010-03-31,618.4479360580444
1045,2010-04-01,622.9462871551515
1046,2010-04-05,627.5844596862793
1047,2010-04-06,628.6227104187012
1048,2010-04-07,625.3538759231568
1049,2010-04-08,627.3413805007934
1050,2010-04-09,631.4317770004272
1051,2010-04-12,632.4700277328492
1052,2010-04-13,632.8899410247803
1053,2010-04-14,639.5993947982788
1054,2010-04-15,640.217289352417
1055,2010-04-16,630.1989534378052
1056,2010-04-19,632.8198348999023
1057,2010-04-20,637.726471710205
1058,2010-04-21,637.2429285049438
1059,2010-04-22,638.5242000579834
1060,2010-04-23,642.9521747589112
1061,2010-04-26,640.2806791305542
1062,2010-04-27,626.3323421478271
1063,2010-04-28,630.1003248214722
1064,2010-04-29,637.8319505691528
1065,2010-04-30,628.0015642166137
1066,2010-05-03,635.7943353652954
1067,2010-05-04,621.4049156188964
1068,2010-05-05,617.4986948013305
1069,2010-05-06,598.968613052368
1070,2010-05-07,590.2088108062744
1071,2010-05-10,614.6002265930176
1072,2010-05-11,613.0140224456786
1073,2010-05-12,621.0225643157958
1074,2010-05-13,613.8361282348633
1075,2010-05-14,602.9618795394897
1076,2010-05-17,603.4188358306885
1077,2010-05-18,595.4315141677856
1078,2010-05-19,592.2630771636963
1079,2010-05-20,570.3966358184814
1080,2010-05-21,578.4941526412964
1081,2010-05-24,571.6224042892457
1082,2010-05-25,571.8756322860718
1083,2010-05-26,568.9426191329956
1084,2010-05-27,586.5245615005492
1085,2010-05-28,579.7240205764771
1086,2010-06-01,570.4761692047119
1087,2010-06-02,584.2987770080567
1088,2010-06-03,586.3421798706055
1089,2010-06-04,567.4851280212403
1090,2010-06-07,560.5759923934936
1091,2010-06-08,566.2827184677124
1092,2010-06-09,563.1045175552368
1093,2010-06-10,578.4875669479369
1094,2010-06-11,580.9862668991088
1095,2010-06-14,579.9957187652587
1096,2010-06-15,592.9670402526855
1097,2010-06-16,592.6276117324829
1098,2010-06-17,593.5508325576782
1099,2010-06-18,594.3411043167114
1100,2010-06-21,591.9805032730103
1101,2010-06-22,583.1593385696411
1102,2010-06-23,581.4963312149048
1103,2010-06-24,572.3425571441651
1104,2010-06-25,574.0887180328369
1105,2010-06-28,572.8459770202637
1106,2010-06-29,556.2100946426391
1107,2010-06-30,550.995080947876
1108,2010-07-01,548.8209575653076
1109,2010-07-02,546.5371892929077
1110,2010-07-06,549.1510768890381
1111,2010-07-07,565.3917373657227
1112,2010-07-08,570.3431606292725
1113,2010-07-09,574.2843461990357
1114,2010-07-12,574.5797382354735
1115,2010-07-13,582.9528085708619
1116,2010-07-14,582.9310295104981
1117,2010-07-15,583.6276258468628
1118,2010-07-16,567.7137844085693
1119,2010-07-19,570.7828542709351
1120,2010-07-20,576.9894107818603
1121,2010-07-21,570.0540382385253
1122,2010-07-22,582.2133550643921
1123,2010-07-23,586.5868722915649
1124,2010-07-26,592.699079322815
1125,2010-07-27,591.8840114593505
1126,2010-07-28,588.104266166687
1127,2010-07-29,585.9034395217897
1128,2010-07-30,586.1209615707398
1129,2010-08-02,598.2648674011231
1130,2010-08-03,595.631011390686
1131,2010-08-04,599.0730409622192
1132,2010-08-05,598.4007650375366
1133,2010-08-06,596.4259193420411
1134,2010-08-09,599.4639232635498
1135,2010-08-10,596.1465147018433
1136,2010-08-11,580.2872676849365
1137,2010-08-12,577.4510087966919
1138,2010-08-13,575.3168603897095
1139,2010-08-16,575.5476177215576
1140,2010-08-17,582.1313095092773
1141,2010-08-18,582.9561351776123
1142,2010-08-19,573.7588802337647
1143,2010-08-20,571.7042324066161
1144,2010-08-23,569.5294204711914
1145,2010-08-24,561.9076402664184
1146,2010-08-25,563.696595954895
1147,2010-08-26,559.6517906188966
1148,2010-08-27,568.2535516738892
1149,2010-08-30,560.5528797149658
1150,2010-08-31,560.8648006439208
1151,2010-09-01,576.2972009658813
1152,2010-09-02,581.2477357864379
1153,2010-09-03,588.3694919586183
1154,2010-09-07,582.191884803772
1155,2010-09-08,585.6960279464721
1156,2010-09-09,588.119140625
1157,2010-09-10,590.7954317092896
1158,2010-09-13,597.0229816436768
1159,2010-09-14,596.9482557296753
1160,2010-09-15,598.8811399459839
1161,2010-09-16,598.698169708252
1162,2010-09-17,599.189549446106
1163,2010-09-20,607.8072555541992
1164,2010-09-21,606.5278331756591
1165,2010-09-22,603.8151395797729
1166,2010-09-23,599.1261905670167
1167,2010-09-24,611.0355260849
1168,2010-09-27,607.844637298584
1169,2010-09-28,610.78037109375
1170,2010-09-29,609.3162233352662
1171,2010-09-30,607.5513322830201
1172,2010-10-01,610.150283241272
1173,2010-10-04,605.5299398422242
1174,2010-10-05,617.6857458114624
1175,2010-10-06,617.4009889602662
1176,2010-10-07,616.2903659820556
1177,2010-10-08,620.0799089431763
1178,2010-10-11,620.2051645278931
1179,2010-10-12,622.3852998733521
1180,2010-10-13,626.7697345733643
1181,2010-10-14,624.60788230896
1182,2010-10-15,625.6215984344483
1183,2010-10-18,630.040770149231
1184,2010-10-19,620.1724380493164
1185,2010-10-20,626.5055974960326
1186,2010-10-21,627.3039026260376
1187,2010-10-22,628.7683938980103
1188,2010-10-25,630.1638208389282
1189,2010-10-26,630.1373064041138
1190,2010-10-27,628.3565603256226
1191,2010-10-28,629.2598941802978
1192,2010-10-29,629.1794418334961
1193,2010-11-01,629.6744518280029
1194,2010-11-02,634.3852703094483
1195,2010-11-03,636.4946882247925
1196,2010-11-04,648.6501346588135
1197,2010-11-05,651.0285036087037
1198,2010-11-08,649.8644241333008
1199,2010-11-09,644.5965801239014
1200,2010-11-10,647.4226713180542
1201,2010-11-11,644.8584268569947
1202,2010-11-12,637.1125637054444
1203,2010-11-15,636.1387254714966
1204,2010-11-16,626.2761960983277
1205,2010-11-17,626.3317062377929
1206,2010-11-18,635.6042566299438
1207,2010-11-19,637.1282855987548
1208,2010-11-22,636.3713243484497
1209,2010-11-23,627.9265239715576
1210,2010-11-24,636.6476396560669
1211,2010-11-26,632.1210262298584
1212,2010-11-29,631.3596696853638
1213,2010-11-30,627.9104341506958
1214,2010-12-01,640.6168418884276
1215,2010-12-02,648.3050577163697
1216,2010-12-03,650.2539133071899
1217,2010-12-06,649.6402885437011
1218,2010-12-07,649.5083526611328
1219,2010-12-08,651.5152822494507
1220,2010-12-09,653.9661016464233
1221,2010-12-10,657.6256105422974
1222,2010-12-13,657.7566644668578
1223,2010-12-14,658.2075685501098
1224,2010-12-15,654.8365472793579
1225,2010-12-16,658.6006984710693
1226,2010-12-17,659.2940790176392
1227,2010-12-20,661.0053688049315
1228,2010-12-21,664.8422534942626
1229,2010-12-22,666.922864151001
1230,2010-12-23,665.8166191101075
1231,2010-12-27,666.2947757720948
1232,2010-12-28,666.8983743667602
1233,2010-12-29,667.7354993820189
1234,2010-12-30,666.6721866607666
1235,2010-12-31,666.8542114257813
1236,2011-01-03,673.8830171585082
1237,2011-01-04,672.6968225479126
1238,2011-01-05,675.7593061447144
1239,2011-01-06,674.3220441818237
1240,2011-01-07,673.1832778930665
1241,2011-01-10,672.4478328704834
1242,2011-01-11,674.8756994247437
1243,2011-01-12,680.6843713760377
1244,2011-01-13,679.5180723190308
1245,2011-01-14,684.0881595611572
1246,2011-01-18,685.0351545333862
1247,2011-01-19,678.5156635284424
1248,2011-01-20,677.3268848419189
1249,2011-01-21,678.9472232818604
1250,2011-01-24,682.5919107437134
1251,2011-01-25,682.7732511520385
1252,2011-01-26,685.5855365753174
1253,2011-01-27,686.7335994720459
1254,2011-01-28,675.4300088882446
1255,2011-01-31,680.2763330459594
1256,2011-02-01,691.0764572143554
1257,2011-02-02,689.2611993789674
1258,2011-02-03,690.8740818023682
1259,2011-02-04,692.6189004898072
1260,2011-02-07,696.7121929168702
1261,2011-02-08,699.572854232788
1262,2011-02-09,697.7723081588746
1263,2011-02-10,698.1685436248779
1264,2011-02-11,701.8314256668091
1265,2011-02-14,703.5019474029541
1266,2011-02-15,701.4434566497803
1267,2011-02-16,705.6297769546509
1268,2011-02-17,707.8382774353028
1269,2011-02-18,709.1543884277344
1270,2011-02-22,695.5322496414185
1271,2011-02-23,691.7067338943482
1272,2011-02-24,690.9351131439208
1273,2011-02-25,698.0288228988649
1274,2011-02-28,701.7724676132202
1275,2011-03-01,691.5861862182618
1276,2011-03-02,692.6055025100708
1277,2011-03-03,703.6100843429566
1278,2011-03-04,698.8971435546875
1279,2011-03-07,693.4222444534302
1280,2011-03-08,699.1919321060182
1281,2011-03-09,698.3591827392578
1282,2011-03-10,685.7739015579223
1283,2011-03-11,690.3932096481323
1284,2011-03-14,686.5316125869751
1285,2011-03-15,678.9264856338501
1286,2011-03-16,666.5054218292237
1287,2011-03-17,675.0616994857788
1288,2011-03-18,677.9532804489136
1289,2011-03-21,687.5758056640624
1290,2011-03-22,685.2831056594849
1291,2011-03-23,687.2920171737671
1292,2011-03-24,693.188759803772
1293,2011-03-25,695.251131248474
1294,2011-03-28,693.3279228210449
1295,2011-03-29,697.9078615188599
1296,2011-03-30,702.3976430892944
1297,2011-03-31,701.3178531646728
1298,2011-04-01,704.5899320602417
1299,2011-04-04,704.9436475753783
1300,2011-04-05,705.0016286849975
1301,2011-04-06,706.4331792831421
1302,2011-04-07,705.4696292877197
1303,2011-04-08,702.9377868652344
1304,2011-04-11,700.9499334335327
1305,2011-04-12,695.7240655899047
1306,2011-04-13,695.921862411499
1307,2011-04-14,696.1540985107422
1308,2011-04-15,698.9509273529054
1309,2011-04-18,691.7896816253661
1310,2011-04-19,695.5741044998168
1311,2011-04-20,704.5128204345702
1312,2011-04-21,708.0814298629759
1313,2011-04-25,707.0340173721314
1314,2011-04-26,713.0600629806519
1315,2011-04-27,717.5500043869018
1316,2011-04-28,720.05376663208
1317,2011-04-29,721.9212898254394
1318,2011-05-02,720.5139711380004
1319,2011-05-03,718.1383867263795
1320,2011-05-04,713.2713005065918
1321,2011-05-05,706.6052383422851
1322,2011-05-06,709.3282875061036
1323,2011-05-09,712.6980659484864
1324,2011-05-10,718.1691179275513
1325,2011-05-11,710.4487245559692
1326,2011-05-12,713.7080898284912
1327,2011-05-13,708.2118202209472
1328,2011-05-16,704.0504642486572
1329,2011-05-17,703.7735698699952
1330,2011-05-18,709.7249000549317
1331,2011-05-19,711.1531137466429
1332,2011-05-20,706.2165466308594
1333,2011-05-23,698.2781812667847
1334,2011-05-24,697.8516065597535
1335,2011-05-25,699.9877305984497
1336,2011-05-26,702.6191970825196
1337,2011-05-27,705.5078798294068
1338,2011-05-31,712.5729906082154
1339,2011-06-01,697.3384658813477
1340,2011-06-02,696.4253862380981
1341,2011-06-03,690.1471246719359
1342,2011-06-06,683.1517337799073
1343,2011-06-07,682.6010723114014
1344,2011-06-08,679.8907440185546
1345,2011-06-09,684.6671932220459
1346,2011-06-10,675.495118522644
1347,2011-06-13,675.7264207839967
1348,2011-06-14,683.7942659378052
1349,2011-06-15,672.5998395919798
1350,2011-06-16,673.6989505767822
1351,2011-06-17,675.7354705810546
1352,2011-06-20,679.1312524795532
1353,2011-06-21,687.806893157959
1354,2011-06-22,683.6366357803345
1355,2011-06-23,681.5704986572266
1356,2011-06-24,673.7869037628174
1357,2011-06-27,679.5183633804321
1358,2011-06-28,687.8083553314209
1359,2011-06-29,693.2509832382202
1360,2011-06-30,699.7167062759399
1361,2011-07-01,709.1353570938111
1362,2011-07-05,708.6302257537842
1363,2011-07-06,709.4398981094361
1364,2011-07-07,716.4552753448487
1365,2011-07-08,711.967816543579
1366,2011-07-11,699.9874187469483
1367,2011-07-12,697.2219829559326
1368,2011-07-13,699.4787378311157
1369,2011-07-14,695.0223894119262
1370,2011-07-15,698.7783946990967
1371,2011-07-18,693.5170042037964
1372,2011-07-19,704.0375154495239
1373,2011-07-20,703.7016653060913
1374,2011-07-21,712.51402053833
1375,2011-07-22,713.32299118042
1376,2011-07-25,709.57200050354
1377,2011-07-26,706.9432569503784
1378,2011-07-27,693.3042585372924
1379,2011-07-28,691.2424938201905
1380,2011-07-29,687.2566114425658
1381,2011-08-01,684.5841360092163
1382,2011-08-02,668.6157690048218
1383,2011-08-03,671.7414762496948
1384,2011-08-04,641.5444833755492
1385,2011-08-05,641.1698640823364
1386,2011-08-08,601.6638273239137
1387,2011-08-09,628.5057926177979
1388,2011-08-10,603.4150941848754
1389,2011-08-11,628.7378116607666
1390,2011-08-12,631.8421054840088
1391,2011-08-15,644.9313495635987
1392,2011-08-16,639.3266414642335
1393,2011-08-17,640.0012817382812
1394,2011-08-18,613.6819301605225
1395,2011-08-19,605.4000017166137
1396,2011-08-22,605.9839458465576
1397,2011-08-23,624.528600692749
1398,2011-08-24,631.3952388763428
1399,2011-08-25,622.3588083267211
1400,2011-08-26,631.6951280593872
1401,2011-08-29,647.9606388092042
1402,2011-08-30,650.0080184936523
1403,2011-08-31,652.8383657455444
1404,2011-09-01,645.6740873336792
1405,2011-09-02,631.0414756774902
1406,2011-09-06,626.6947607040405
1407,2011-09-07,642.7716608047485
1408,2011-09-08,636.8734937667847
1409,2011-09-09,620.9179887771606
1410,2011-09-12,624.4825998306275
1411,2011-09-13,629.970126914978
1412,2011-09-14,637.7341365814209
1413,2011-09-15,647.6112691879272
1414,2011-09-16,651.246573829651
1415,2011-09-19,645.0222406387328
1416,2011-09-20,644.3111261367798
1417,2011-09-21,626.4283336639404
1418,2011-09-22,607.3551551818848
1419,2011-09-23,609.7032876968383
1420,2011-09-26,622.6965066909789
1421,2011-09-27,629.2243144989013
1422,2011-09-28,616.5406091690063
1423,2011-09-29,621.3772710800171
1424,2011-09-30,606.9291368484497
1425,2011-10-03,591.2073787689209
1426,2011-10-04,603.1593334197999
1427,2011-10-05,613.3348421096803
1428,2011-10-06,623.9170679092407
1429,2011-10-07,618.9742078781128
1430,2011-10-10,639.1034126281737
1431,2011-10-11,639.3837131500245
1432,2011-10-12,645.3147985458374
1433,2011-10-13,643.4417011260986
1434,2011-10-14,654.0278984069824
1435,2011-10-17,642.1455875396728
1436,2011-10-18,654.3154216766358
1437,2011-10-19,646.3549592971801
1438,2011-10-20,648.8838031768798
1439,2011-10-21,660.5136966705322
1440,2011-10-24,668.635401916504
1441,2011-10-25,656.6483699798583
1442,2011-10-26,663.2271139144898
1443,2011-10-27,684.712385559082
1444,2011-10-28,685.0495214462281
1445,2011-10-31,668.9985879898071
1446,2011-11-01,651.5751214981079
1447,2011-11-02,661.5679746627808
1448,2011-11-03,673.43795337677
1449,2011-11-04,669.3924543380738
1450,2011-11-07,673.8053150177001
1451,2011-11-08,681.0408811569214
1452,2011-11-09,657.4699380874633
1453,2011-11-10,662.6299280166626
1454,2011-11-11,674.9830678939819
1455,2011-11-14,668.86489944458
1456,2011-11-15,671.8837976455688
1457,2011-11-16,661.234231185913
1458,2011-11-17,650.3337326049805
1459,2011-11-18,650.1380111694335
1460,2011-11-21,638.3692707061767
1461,2011-11-22,636.1129531860352
1462,2011-11-23,622.9252431869508
1463,2011-11-25,621.1713327407838
1464,2011-11-28,638.4610597610473
1465,2011-11-29,639.8450448989868
1466,2011-11-30,666.0238418579102
1467,2011-12-01,664.7831754684448
1468,2011-12-02,664.7326719284057
1469,2011-12-05,670.8950176239014
1470,2011-12-06,671.6678915023804
1471,2011-12-07,673.0814207077026
1472,2011-12-08,659.4021955490113
1473,2011-12-09,669.8601593017578
1474,2011-12-12,660.0349838256836
1475,2011-12-13,654.3673406600952
1476,2011-12-14,646.8297857284546
1477,2011-12-15,648.6785835266113
1478,2011-12-16,651.020563697815
1479,2011-12-19,643.8424207687378
1480,2011-12-20,662.0490102767944
1481,2011-12-21,663.2340917587279
1482,2011-12-22,668.3008516311646
1483,2011-12-23,673.976573753357
1484,2011-12-27,673.9391807556153
1485,2011-12-28,665.6685661315919
1486,2011-12-29,672.3518070220947
1487,2011-12-30,669.7735471725464
1488,2012-01-03,679.9197410583495
1489,2012-01-04,680.1052215576173
1490,2012-01-05,682.0908847808837
1491,2012-01-06,680.4374990463257
1492,2012-01-09,681.7959400177001
1493,2012-01-10,687.7110569000243
1494,2012-01-11,688.0899425506591
1495,2012-01-12,689.6177549362183
1496,2012-01-13,686.3486259460449
1497,2012-01-17,688.7856462478637
1498,2012-01-18,696.0517520904541
1499,2012-01-19,699.2159706115723
1500,2012-01-20,699.6640001296997
1501,2012-01-23,700.0918409347533
1502,2012-01-24,699.3253423690796
1503,2012-01-25,705.5254667282104
1504,2012-01-26,701.849193763733
1505,2012-01-27,701.0161594390869
1506,2012-01-30,699.3048189163208
1507,2012-01-31,699.1671136856079
1508,2012-02-01,704.9983884811402
1509,2012-02-02,705.8849195480346
1510,2012-02-03,715.2421234130859
1511,2012-02-06,714.9403701782226
1512,2012-02-07,716.5272294998169
1513,2012-02-08,717.8543544769287
1514,2012-02-09,718.776123046875
1515,2012-02-10,714.0415157318115
1516,2012-02-13,718.6581518173218
1517,2012-02-14,718.0024530410767
1518,2012-02-15,714.4666477203369
1519,2012-02-16,721.8677734375
1520,2012-02-17,723.363565826416
1521,2012-02-21,724.2236602783204
1522,2012-02-22,722.2303220748902
1523,2012-02-23,725.1653217315674
1524,2012-02-24,726.2484605789185
1525,2012-02-27,727.174040222168
1526,2012-02-28,729.6301616668701
1527,2012-02-29,725.427114868164
1528,2012-03-01,729.8566448211669
1529,2012-03-02,727.6247144699096
1530,2012-03-05,724.8592830657958
1531,2012-03-06,714.0843385696412
1532,2012-03-07,718.802347946167
1533,2012-03-08,725.5749397277832
1534,2012-03-09,728.1676475524903
1535,2012-03-12,728.164494895935
1536,2012-03-13,740.2498376846313
1537,2012-03-14,738.9962461471558
1538,2012-03-15,743.2982889175415
1539,2012-03-16,744.1389122009278
1540,2012-03-19,746.8787765502931
1541,2012-03-20,744.6204944610596
1542,2012-03-21,743.3628969192505
1543,2012-03-22,738.2451686859131
1544,2012-03-23,740.6840198516845
1545,2012-03-26,750.6652994155884
1546,2012-03-27,748.5694326400758
1547,2012-03-28,744.8777196884155
1548,2012-03-29,743.7538238525391
1549,2012-03-30,746.4244510650635
1550,2012-04-02,751.8266033172608
1551,2012-04-03,748.5796249389648
1552,2012-04-04,741.1115016937256
1553,2012-04-05,740.8446283340454
1554,2012-04-09,733.1019985198975
1555,2012-04-10,721.4389484405518
1556,2012-04-11,726.5041942596436
1557,2012-04-12,736.1059816360474
1558,2012-04-13,727.3134422302246
1559,2012-04-16,726.9092306137086
1560,2012-04-17,737.5089076995849
1561,2012-04-18,734.6012815475465
1562,2012-04-19,730.4870401382447
1563,2012-04-20,731.3169351577759
1564,2012-04-23,725.4940519332887
1565,2012-04-24,727.9978254318238
1566,2012-04-25,737.4145040512086
1567,2012-04-26,742.242145729065
1568,2012-04-27,743.9728691101075
1569,2012-04-30,741.2989418029786
1570,2012-05-01,745.1893241882324
1571,2012-05-02,743.3526292800904
1572,2012-05-03,737.8192388534545
1573,2012-05-04,726.6150190353394
1574,2012-05-07,726.8193447113038
1575,2012-05-08,723.5897722244263
1576,2012-05-09,718.854849433899
1577,2012-05-10,720.5671451568603
1578,2012-05-11,718.1458381652832
1579,2012-05-14,710.4258529663085
1580,2012-05-15,706.4133794784545
1581,2012-05-16,703.4484853744507
1582,2012-05-17,693.8222225189209
1583,2012-05-18,689.1690242767334
1584,2012-05-21,699.5903301239014
1585,2012-05-22,699.5622232437133
1586,2012-05-23,700.6337638854981
1587,2012-05-24,701.5043594360352
1588,2012-05-25,700.2456418991089
1589,2012-05-29,707.3572048187256
1590,2012-05-30,697.9335622787476
1591,2012-05-31,696.4611156463623
1592,2012-06-01,680.9184854507446
1593,2012-06-04,680.926844215393
1594,2012-06-05,684.5115131378174
1595,2012-06-06,699.3027801513672
1596,2012-06-07,698.9834451675416
1597,2012-06-08,704.3377122879028
1598,2012-06-11,696.0170177459717
1599,2012-06-12,703.7431713104248
1600,2012-06-13,699.2048666000367
1601,2012-06-14,706.3860082626343
1602,2012-06-15,713.3173868179322
1603,2012-06-18,714.2917228698731
1604,2012-06-19,720.8051048278809
1605,2012-06-20,719.4687076568604
1606,2012-06-21,703.969670677185
1607,2012-06-22,708.7732500076294
1608,2012-06-25,698.3323217391968
1609,2012-06-26,701.3423881530762
1610,2012-06-27,707.3163713455201
1611,2012-06-28,705.7377292633056
1612,2012-06-29,722.7730043411256
1613,2012-07-02,724.4795015335083
1614,2012-07-03,729.0171722412109
1615,2012-07-05,725.6903696060181
1616,2012-07-06,719.0073427200317
1617,2012-07-09,718.0178497314454
1618,2012-07-10,712.3149133682251
1619,2012-07-11,712.4121030807494
1620,2012-07-12,709.0754705429076
1621,2012-07-13,720.2770471572876
1622,2012-07-16,718.7622581481934
1623,2012-07-17,723.6972877502441
1624,2012-07-18,728.2786302566528
1625,2012-07-19,730.1860797882081
1626,2012-07-20,723.3245471954345
1627,2012-07-23,717.1614011764526
1628,2012-07-24,711.121584892273
1629,2012-07-25,711.1526508331299
1630,2012-07-26,722.3169536590576
1631,2012-07-27,735.3201572418213
1632,2012-07-30,735.0290958404541
1633,2012-07-31,731.9399173736572
1634,2012-08-01,729.7803512573241
1635,2012-08-02,724.5036048889159
1636,2012-08-03,737.6225324630738
1637,2012-08-06,739.3682064056397
1638,2012-08-07,742.8797796249389
1639,2012-08-08,743.3115737915039
1640,2012-08-09,743.6662382125854
1641,2012-08-10,745.2459497451782
1642,2012-08-13,744.2255418777465
1643,2012-08-14,743.9961032867432
1644,2012-08-15,744.7893842697143
1645,2012-08-16,749.8517740249634
1646,2012-08-17,751.2243341445923
1647,2012-08-20,751.2660480499268
1648,2012-08-21,748.9981716156005
1649,2012-08-22,749.44582862854
1650,2012-08-23,743.8808465957641
1651,2012-08-24,748.3852415084839
1652,2012-08-27,748.0002128601074
1653,2012-08-28,747.479434967041
1654,2012-08-29,747.950030517578
1655,2012-08-30,742.4557611465453
1656,2012-08-31,746.4775081634522
1657,2012-09-04,745.6798282623291
1658,2012-09-05,744.9005939483643
1659,2012-09-06,759.241517829895
1660,2012-09-07,762.5288396835327
1661,2012-09-10,758.001607131958
1662,2012-09-11,760.2797952651977
1663,2012-09-12,761.7495004653931
1664,2012-09-13,773.8771577835083
1665,2012-09-14,776.7438188552857
1666,2012-09-17,774.2810251235962
1667,2012-09-18,773.4748239517212
1668,2012-09-19,774.3527339935301
1669,2012-09-20,773.9295579910279
1670,2012-09-21,773.979093360901
1671,2012-09-24,772.2578174591064
1672,2012-09-25,764.6213315963745
1673,2012-09-26,760.3966310501098
1674,2012-09-27,767.580115699768
1675,2012-09-28,764.3445751190185
1676,2012-10-01,766.2887321472168
1677,2012-10-02,766.9061191558837
1678,2012-10-03,769.5056371688843
1679,2012-10-04,774.8492950439453
1680,2012-10-05,774.4523801803588
1681,2012-10-08,771.9001899719237
1682,2012-10-09,764.5865404129029
1683,2012-10-10,760.1461944580078
1684,2012-10-11,760.3933280944824
1685,2012-10-12,758.1268516540528
1686,2012-10-15,763.7266334533692
1687,2012-10-16,771.1914165496826
1688,2012-10-17,774.1234590530396
1689,2012-10-18,772.2538921356202
1690,2012-10-19,759.989644241333
1691,2012-10-22,760.3217781066894
1692,2012-10-23,749.7762376785279
1693,2012-10-24,747.5149305343629
1694,2012-10-25,749.6950544357301
1695,2012-10-26,749.2412548065184
1696,2012-10-31,749.474230003357
1697,2012-11-01,757.0856300354004
1698,2012-11-02,750.0177539825439
1699,2012-11-05,751.6721357345581
1700,2012-11-06,757.517484664917
1701,2012-11-07,740.6174850463867
1702,2012-11-08,732.2913780212402
1703,2012-11-09,733.4505542755128
1704,2012-11-12,733.4857097625732
1705,2012-11-13,730.7397556304933
1706,2012-11-14,721.237240600586
1707,2012-11-15,720.0187288284302
1708,2012-11-16,723.2919202804566
1709,2012-11-19,737.0587362289428
1710,2012-11-20,737.4085683822632
1711,2012-11-21,739.0047931671144
1712,2012-11-23,748.2937253952026
1713,2012-11-26,746.8509136199951
1714,2012-11-27,743.1329471588134
1715,2012-11-28,748.4084730148315
1716,2012-11-29,751.5284200668334
1717,2012-11-30,751.519192314148
1718,2012-12-03,748.1767469406128
1719,2012-12-04,746.7942525863648
1720,2012-12-05,747.8984495162963
1721,2012-12-06,750.2423728942871
1722,2012-12-07,752.3489074707031
1723,2012-12-10,752.6521003723144
1724,2012-12-11,757.2689498901367
1725,2012-12-12,757.5446109771727
1726,2012-12-13,752.8284469604492
1727,2012-12-14,749.9279930114747
1728,2012-12-17,758.28828830719
1729,2012-12-18,766.2166378021241
1730,2012-12-19,760.7378803253174
1731,2012-12-20,764.4726575851441
1732,2012-12-21,757.7801679611207
1733,2012-12-24,756.0584815979005
1734,2012-12-26,752.7167539596558
1735,2012-12-27,751.9028722763062
1736,2012-12-28,744.0361331939697
1737,2012-12-31,756.0334173202514
1738,2013-01-02,774.2437501907349
1739,2013-01-03,772.440361213684
1740,2013-01-04,775.9301271438599
1741,2013-01-07,773.5303867340087
1742,2013-01-08,771.3013788223267
1743,2013-01-09,773.2083839416504
1744,2013-01-10,778.9139371871948
1745,2013-01-11,778.8005422592163
1746,2013-01-14,778.2011419296265
1747,2013-01-15,779.1291872024536
1748,2013-01-16,779.2989543914795
1749,2013-01-17,783.481895828247
1750,2013-01-18,786.0200969696045
1751,2013-01-22,789.361982536316
1752,2013-01-23,790.469871711731
1753,2013-01-24,790.261229133606
1754,2013-01-25,794.1899137496947
1755,2013-01-28,792.7280719757081
1756,2013-01-29,796.6266969680787
1757,2013-01-30,793.8237091064453
1758,2013-01-31,791.8207437515258
1759,2013-02-01,799.3329833984375
1760,2013-02-04,790.717165374756
1761,2013-02-05,798.4623950958253
1762,2013-02-06,798.9585266113281
1763,2013-02-07,797.5376962661744
1764,2013-02-08,801.7969055175781
1765,2013-02-11,801.1170261383056
1766,2013-02-12,802.3460256576539
1767,2013-02-13,802.6887315750123
1768,2013-02-14,803.184121131897
1769,2013-02-15,802.1218431472779
1770,2013-02-19,807.615679550171
1771,2013-02-20,797.7190664291383
1772,2013-02-21,793.0573040008545
1773,2013-02-22,799.6954357147217
1774,2013-02-25,786.0381534576416
1775,2013-02-26,790.7601871490479
1776,2013-02-27,800.1119365692139
1777,2013-02-28,799.3114097595214
1778,2013-03-01,801.0073265075682
1779,2013-03-04,804.4670049667358
1780,2013-03-05,811.7721187591553
1781,2013-03-06,812.6526237487793
1782,2013-03-07,813.9638488769532
1783,2013-03-08,817.3625885009766
1784,2013-03-11,819.9254552841187
1785,2013-03-12,818.2246465682983
1786,2013-03-13,819.1596561431885
1787,2013-03-14,823.5604690551758
1788,2013-03-15,822.3546710968017
1789,2013-03-18,818.2006650924683
1790,2013-03-19,816.4083316802978
1791,2013-03-20,821.5125699996947
1792,2013-03-21,815.1395244598389
1793,2013-03-22,820.627647781372
1794,2013-03-25,817.989588546753
1795,2013-03-26,824.0280250549316
1796,2013-03-27,823.6947652816773
1797,2013-03-28,826.751026916504
1798,2013-04-01,823.285105895996
1799,2013-04-02,827.063286972046
1800,2013-04-03,818.5994947433471
1801,2013-04-04,821.7661424636841
1802,2013-04-05,818.7368810653686
1803,2013-04-08,823.5320053100585
1804,2013-04-09,826.4436737060547
1805,2013-04-10,835.6887884140016
1806,2013-04-11,838.5335823059081
1807,2013-04-12,835.61400680542
1808,2013-04-15,816.0469764709474
1809,2013-04-16,827.3245525360109
1810,2013-04-17,816.0183757781982
1811,2013-04-18,810.9805627822875
1812,2013-04-19,817.9145212173462
1813,2013-04-22,821.8203491210937
1814,2013-04-23,829.8333755493163
1815,2013-04-24,830.0074266433717
1816,2013-04-25,833.5371440887451
1817,2013-04-26,832.0426515579223
1818,2013-04-29,837.9126482009888
1819,2013-04-30,839.9177562713624
1820,2013-05-01,832.2871568679809
1821,2013-05-02,839.8441947937011
1822,2013-05-03,848.2111549377441
1823,2013-05-06,849.720032119751
1824,2013-05-07,853.7519189834594
1825,2013-05-08,857.3574645996093
1826,2013-05-09,854.1485429763794
1827,2013-05-10,857.483473777771
1828,2013-05-13,857.3689716339111
1829,2013-05-14,865.5267250061036
1830,2013-05-15,869.4587917327882
1831,2013-05-16,865.3133390426636
1832,2013-05-17,873.4631437301636
1833,2013-05-20,873.2687482833862
1834,2013-05-21,874.4865032196045
1835,2013-05-22,867.3953586578369
1836,2013-05-23,865.2440364837647
1837,2013-05-24,864.6952796936035
1838,2013-05-28,869.7693073272706
1839,2013-05-29,864.0714784622193
1840,2013-05-30,867.2769083023072
1841,2013-05-31,855.0904678344726
1842,2013-06-03,860.2296148300171
1843,2013-06-04,855.537290763855
1844,2013-06-05,844.302569580078
1845,2013-06-06,851.3041938781738
1846,2013-06-07,861.3192800521849
1847,2013-06-10,861.0429468154908
1848,2013-06-11,852.6160221099854
1849,2013-06-12,845.8738830566406
1850,2013-06-13,857.8748392105102
1851,2013-06-14,853.1450832366943
1852,2013-06-17,859.2216852188111
1853,2013-06-18,865.4382066726686
1854,2013-06-19,853.6863765716553
1855,2013-06-20,832.3830698013306
1856,2013-06-21,834.5015531539917
1857,2013-06-24,824.614875793457
1858,2013-06-25,832.0671710968018
1859,2013-06-26,839.2564886093139
1860,2013-06-27,844.0910305023193
1861,2013-06-28,840.9389148712157
1862,2013-07-01,845.5276273727417
1863,2013-07-02,844.9883642196655
1864,2013-07-03,845.7092777252197
1865,2013-07-05,853.4200151443481
1866,2013-07-08,857.9801168441772
1867,2013-07-09,864.0594354629517
1868,2013-07-10,864.1874605178833
1869,2013-07-11,875.8850200653076
1870,2013-07-12,878.4411582946777
1871,2013-07-15,879.6459783554076
1872,2013-07-16,876.6372560501098
1873,2013-07-17,878.8544464111328
1874,2013-07-18,883.1187561035157
1875,2013-07-19,884.6524883270263
1876,2013-07-22,886.7747604370117
1877,2013-07-23,885.2819721221924
1878,2013-07-24,881.7380912780762
1879,2013-07-25,884.0183490753175
1880,2013-07-26,884.708738899231
1881,2013-07-29,881.5168312072755
1882,2013-07-30,881.780110359192
1883,2013-07-31,881.6825616836547
1884,2013-08-01,891.9886142730712
1885,2013-08-02,893.4347475051879
1886,2013-08-05,892.1034772872925
1887,2013-08-06,887.0027151107787
1888,2013-08-07,883.8069147109985
1889,2013-08-08,887.4075372695924
1890,2013-08-09,884.4088079452515
1891,2013-08-12,883.6723531723022
1892,2013-08-13,885.7821170806885
1893,2013-08-14,881.5104137420655
1894,2013-08-15,869.6819416046143
1895,2013-08-16,866.9602634429931
1896,2013-08-19,861.9425027847291
1897,2013-08-20,865.1958456039428
1898,2013-08-21,860.2937719345093
1899,2013-08-22,867.4774217605591
1900,2013-08-23,871.052424812317
1901,2013-08-26,867.8026899337768
1902,2013-08-27,854.8675056457519
1903,2013-08-28,857.0626232147217
1904,2013-08-29,858.6057855606078
1905,2013-08-30,855.8360313415528
1906,2013-09-03,859.3700698852539
1907,2013-09-04,865.7956140518188
1908,2013-09-05,866.3865810394287
1909,2013-09-06,866.7264015197754
1910,2013-09-09,875.0041740417481
1911,2013-09-10,880.8639957427979
1912,2013-09-11,883.5134990692138
1913,2013-09-12,880.2402145385743
1914,2013-09-13,882.5665355682372
1915,2013-09-16,887.2545696258546
1916,2013-09-17,890.8382164001465
1917,2013-09-18,902.0159580230713
1918,2013-09-19,900.3622829437255
1919,2013-09-20,893.7473434448242
1920,2013-09-23,889.672494506836
1921,2013-09-24,887.5282278060913
1922,2013-09-25,885.3530305862427
1923,2013-09-26,888.2160718917846
1924,2013-09-27,884.8760263442994
1925,2013-09-30,879.6674398422241
1926,2013-10-01,886.0009653091431
1927,2013-10-02,885.7359931945801
1928,2013-10-03,878.1573152542114
1929,2013-10-04,883.9992597579957
1930,2013-10-07,876.9315311431884
1931,2013-10-08,866.5692527770996
1932,2013-10-09,866.8808807373048
1933,2013-10-10,884.8324352264405
1934,2013-10-11,889.9820617675782
1935,2013-10-14,893.4296913146974
1936,2013-10-15,887.4607221603394
1937,2013-10-16,899.301591873169
1938,2013-10-17,905.5491376876831
1939,2013-10-18,911.220310974121
1940,2013-10-21,911.2858173370362
1941,2013-10-22,916.6088037490845
1942,2013-10-23,912.3571594238281
1943,2013-10-24,915.3150884628296
1944,2013-10-25,919.2370323181153
1945,2013-10-28,920.4146110534668
1946,2013-10-29,925.2784219741822
1947,2013-10-30,920.9039424896241
1948,2013-10-31,917.3159219741822
1949,2013-11-01,919.7009672164917
1950,2013-11-04,922.8469032287597
1951,2013-11-05,920.2643722534181
1952,2013-11-06,924.1280393600463
1953,2013-11-07,912.3561729431153
1954,2013-11-08,923.7609733581543
1955,2013-11-11,924.3562229156495
1956,2013-11-12,922.0904033660888
1957,2013-11-13,929.3574893951416
1958,2013-11-14,933.8926893234253
1959,2013-11-15,937.6809183120728
1960,2013-11-18,934.2458930969239
1961,2013-11-19,932.3526956558228
1962,2013-11-20,928.754539680481
1963,2013-11-21,936.0290256500243
1964,2013-11-22,940.5224824905396
1965,2013-11-25,939.4517015457153
1966,2013-11-26,939.5285274505616
1967,2013-11-27,941.743661880493
1968,2013-11-29,941.1657556533814
1969,2013-12-02,938.3051708221435
1970,2013-12-03,935.5103240966797
1971,2013-12-04,934.4821483612061
1972,2013-12-05,930.3721214294433
1973,2013-12-06,940.4751670837402
1974,2013-12-09,942.2533775329589
1975,2013-12-10,939.6333490371703
1976,2013-12-11,929.2993562698364
1977,2013-12-12,925.6256370544435
1978,2013-12-13,925.6470472335815
1979,2013-12-16,931.3129587173462
1980,2013-12-17,928.4686647415161
1981,2013-12-18,943.1828790664673
1982,2013-12-19,942.3438810348512
1983,2013-12-20,946.8735614776612
1984,2013-12-23,951.6604091644288
1985,2013-12-24,954.3518608093262
1986,2013-12-26,958.755966758728
1987,2013-12-27,958.4990358352661
1988,2013-12-30,958.1702798843384
1989,2013-12-31,961.8624126434327
1990,2014-01-02,953.8437520980834
1991,2014-01-03,953.6627307891846
1992,2014-01-06,951.4177011489869
1993,2014-01-07,956.9141450881958
1994,2014-01-08,956.5565107345581
1995,2014-01-09,956.9266330718995
1996,2014-01-10,959.3615037918091
1997,2014-01-13,947.8740011215209
1998,2014-01-14,957.5652059555053
1999,2014-01-15,962.2781749725342
2000,2014-01-16,961.0986549377441
2001,2014-01-17,957.6314235687256
2002,2014-01-21,960.0749374389649
2003,2014-01-22,960.512899017334
2004,2014-01-23,952.6338113784791
2005,2014-01-24,933.6512226104737
2006,2014-01-27,929.0868778228761
2007,2014-01-28,934.6066434860229
2008,2014-01-29,925.6785139083862
2009,2014-01-30,935.3992511749268
2010,2014-01-31,929.6734016418457
2011,2014-02-03,909.5285217285156
2012,2014-02-04,916.1087930679321
2013,2014-02-05,914.3026210784911
2014,2014-02-06,925.1901569366455
2015,2014-02-07,937.141617012024
2016,2014-02-10,938.639035987854
2017,2014-02-11,948.702307510376
2018,2014-02-12,948.4283048629761
2019,2014-02-13,953.883099937439
2020,2014-02-14,958.4569898605347
2021,2014-02-18,959.5950317382812
2022,2014-02-19,953.4651971817017
2023,2014-02-20,959.1041255950928
2024,2014-02-21,957.3534313201905
2025,2014-02-24,963.1615999221801
2026,2014-02-25,961.9931734085084
2027,2014-02-26,961.9486604690552
2028,2014-02-27,966.5403518676758
2029,2014-02-28,969.0567100524902
2030,2014-03-03,962.5581085205079
2031,2014-03-04,976.3884939193726
2032,2014-03-05,976.35377368927
2033,2014-03-06,978.0587938308717
2034,2014-03-07,978.3778926849366
2035,2014-03-10,977.927670288086
2036,2014-03-11,973.229285812378
2037,2014-03-12,973.7520679473877
2038,2014-03-13,962.9195184707642
2039,2014-03-14,960.4045343399048
2040,2014-03-17,969.0696899414062
2041,2014-03-18,975.7182748794556
2042,2014-03-19,969.61654586792
2043,2014-03-20,975.1850830078124
2044,2014-03-21,972.5365453720093
2045,2014-03-24,967.8025827407837
2046,2014-03-25,971.9057489395142
2047,2014-03-26,965.3504383087159
2048,2014-03-27,963.546501159668
2049,2014-03-28,967.7984031677246
2050,2014-03-31,975.0638910293579
2051,2014-04-01,981.5667940139771
2052,2014-04-02,984.3040252685546
2053,2014-04-03,983.2354011535646
2054,2014-04-04,971.6474014282227
2055,2014-04-07,961.5872234344483
2056,2014-04-08,965.2206605911255
2057,2014-04-09,975.3620809555053
2058,2014-04-10,955.9381956100465
2059,2014-04-11,947.2472118377686
2060,2014-04-14,954.8292156219483
2061,2014-04-15,960.7822223663329
2062,2014-04-16,970.4701330184937
2063,2014-04-17,971.587523841858
2064,2014-04-21,975.0464349746704
2065,2014-04-22,978.8250810623169
2066,2014-04-23,976.7660837173462
2067,2014-04-24,978.492568206787
2068,2014-04-25,970.9694749832154
2069,2014-04-28,973.9058654785156
2070,2014-04-29,978.3711931228637
2071,2014-04-30,981.1544794082643
2072,2014-05-01,980.9956924438477
2073,2014-05-02,979.8871160507204
2074,2014-05-05,981.7488557815552
2075,2014-05-06,973.2746171951294
2076,2014-05-07,978.3447290420532
2077,2014-05-08,977.0635593414306
2078,2014-05-09,978.4476325988769
2079,2014-05-12,987.6015922546386
2080,2014-05-13,988.0186429977417
2081,2014-05-14,983.7600875854491
2082,2014-05-15,974.8539682388306
2083,2014-05-16,978.307532119751
2084,2014-05-19,981.9147403717042
2085,2014-05-20,975.8163776397704
2086,2014-05-21,983.3817724227905
2087,2014-05-22,985.6302192687988
2088,2014-05-23,989.6642930984497
2089,2014-05-27,995.0916397094726
2090,2014-05-28,994.0301706314087
2091,2014-05-29,999.1165088653564
2092,2014-05-30,1000.8405458450317
2093,2014-06-02,1001.3896772384644
2094,2014-06-03,1000.9884063720702
2095,2014-06-04,1002.7682466506957
2096,2014-06-05,1009.1825008392333
2097,2014-06-06,1013.6635396957398
2098,2014-06-09,1014.5695831298829
2099,2014-06-10,1014.3613279342651
2100,2014-06-11,1010.925269317627
2101,2014-06-12,1004.2380514144897
2102,2014-06-13,1007.2882986068726
2103,2014-06-16,1008.0377237319947
2104,2014-06-17,1010.0861330032349
2105,2014-06-18,1017.6952741622924
2106,2014-06-19,1019.3588533401489
2107,2014-06-20,1021.0571586608886
2108,2014-06-23,1020.9308105468749
2109,2014-06-24,1014.6752492904664
2110,2014-06-25,1019.4886638641358
2111,2014-06-26,1018.3454763412475
2112,2014-06-27,1020.2041017532348
2113,2014-06-30,1019.9653852462768
2114,2014-07-01,1026.4390573501587
2115,2014-07-02,1026.9986736297608
2116,2014-07-03,1032.3344184875489
2117,2014-07-07,1028.413910102844
2118,2014-07-08,1021.4925615310669
2119,2014-07-09,1026.1342060089112
2120,2014-07-10,1022.1440818786622
2121,2014-07-11,1023.6268815994264
2122,2014-07-14,1028.0742692947388
2123,2014-07-15,1025.992608833313
2124,2014-07-16,1030.205451965332
2125,2014-07-17,1018.7701555252075
2126,2014-07-18,1028.6821237564086
2127,2014-07-21,1026.4276866912842
2128,2014-07-22,1031.3488317489623
2129,2014-07-23,1033.087455368042
2130,2014-07-24,1033.3658639907837
2131,2014-07-25,1028.7461324691772
2132,2014-07-28,1029.0103176116943
2133,2014-07-29,1024.5101823806763
2134,2014-07-30,1024.4352993011476
2135,2014-07-31,1004.5482734680177
2136,2014-08-01,1001.9627780914307
2137,2014-08-04,1008.8558420181274
2138,2014-08-05,999.443341255188
2139,2014-08-06,999.65459690094
2140,2014-08-07,994.4225839614869
2141,2014-08-08,1005.4321666717528
2142,2014-08-11,1008.0799667358399
2143,2014-08-12,1006.4726373672486
2144,2014-08-13,1013.0267618179321
2145,2014-08-14,1017.2552165985109
2146,2014-08-15,1017.1821796417236
2147,2014-08-18,1025.3996335983277
2148,2014-08-19,1030.2719635009767
2149,2014-08-20,1032.6598768234253
2150,2014-08-21,1035.5042087554932
2151,2014-08-22,1033.5421941757204
2152,2014-08-25,1038.2811244964598
2153,2014-08-26,1039.3952518463134
2154,2014-08-27,1039.4774904251099
2155,2014-08-28,1037.907127571106
2156,2014-08-29,1041.203436088562
2157,2014-09-02,1040.3298713684082
2158,2014-09-03,1039.6358455657958
2159,2014-09-04,1037.9933372497558
2160,2014-09-05,1043.0641565322876
2161,2014-09-08,1039.8107250213625
2162,2014-09-09,1033.2231128692626
2163,2014-09-10,1036.738173866272
2164,2014-09-11,1037.5036960601806
2165,2014-09-12,1031.3731384277344
2166,2014-09-15,1030.692195701599
2167,2014-09-16,1038.1554090499878
2168,2014-09-17,1039.2853885650634
2169,2014-09-18,1044.1865947723388
2170,2014-09-19,1043.6723958969117
2171,2014-09-22,1035.610008430481
2172,2014-09-23,1029.9477197647095
2173,2014-09-24,1037.650559616089
2174,2014-09-25,1021.5728847503663
2175,2014-09-26,1029.96411113739
2176,2014-09-29,1027.4756534576416
2177,2014-09-30,1024.5869071960449
2178,2014-10-01,1011.7095333099365
2179,2014-10-02,1011.6627059936524
2180,2014-10-03,1022.2840793609619
2181,2014-10-06,1020.9341405868531
2182,2014-10-07,1006.1948877334594
2183,2014-10-08,1023.2636041641235
2184,2014-10-09,1002.8669212341309
2185,2014-10-10,991.8331567764283
2186,2014-10-13,976.3039728164673
2187,2014-10-14,977.8181409835815
2188,2014-10-15,970.2742252349854
2189,2014-10-16,970.4309762954713
2190,2014-10-17,982.3808317184448
2191,2014-10-20,991.1024328231811
2192,2014-10-21,1009.7523983001709
2193,2014-10-22,1002.5638832092286
2194,2014-10-23,1014.3004096984863
2195,2014-10-24,1021.1602737426757
2196,2014-10-27,1019.6601593017579
2197,2014-10-28,1031.3512100219727
2198,2014-10-29,1029.7753137588502
2199,2014-10-30,1035.8526695251464
2200,2014-10-31,1047.2970600128172
2201,2014-11-03,1047.061171913147
2202,2014-11-04,1044.187442970276
2203,2014-11-05,1049.6937883377077
2204,2014-11-06,1053.4812225341796
2205,2014-11-07,1054.238369178772
2206,2014-11-10,1057.0797151565553
2207,2014-11-11,1057.9687507629394
2208,2014-11-12,1057.1958862304687
2209,2014-11-13,1057.7292903900145
2210,2014-11-14,1058.2972049713132
2211,2014-11-17,1058.9676975250245
2212,2014-11-18,1064.3209260940553
2213,2014-11-19,1062.5750003814699
2214,2014-11-20,1064.7693475723268
2215,2014-11-21,1070.247087097168
2216,2014-11-24,1073.166566848755
2217,2014-11-25,1072.049612045288
2218,2014-11-26,1074.9437801361082
2219,2014-11-28,1071.9956600189207
2220,2014-12-01,1065.3625995635987
2221,2014-12-02,1071.6849256515504
2222,2014-12-03,1075.6605838775636
2223,2014-12-04,1074.4807014465334
2224,2014-12-05,1075.948988342285
2225,2014-12-08,1068.5850814819335
2226,2014-12-09,1068.6321920394898
2227,2014-12-10,1051.785502243042
2228,2014-12-11,1056.3286108016969
2229,2014-12-12,1039.8666208267214
2230,2014-12-15,1033.118992614746
2231,2014-12-16,1024.7820877075196
2232,2014-12-17,1044.7666992187499
2233,2014-12-18,1068.9531478881836
2234,2014-12-19,1073.6907348632812
2235,2014-12-22,1077.422077560425
2236,2014-12-23,1079.1560413360594
2237,2014-12-24,1079.0194728851318
2238,2014-12-26,1082.6802635192873
2239,2014-12-29,1083.5013053894043
2240,2014-12-30,1078.5700998306277
2241,2014-12-31,1067.6776302337646
2242,2015-01-02,1067.4295536994935
2243,2015-01-05,1048.823878955841
2244,2015-01-06,1040.0202503204348
2245,2015-01-07,1051.5820631980898
2246,2015-01-08,1069.6201246261598
2247,2015-01-09,1061.1465123176574
2248,2015-01-12,1052.988050842285
2249,2015-01-13,1050.3338218688966
2250,2015-01-14,1044.5133696556093
2251,2015-01-15,1035.60636510849
2252,2015-01-16,1049.0695845603943
2253,2015-01-20,1050.8251904487608
2254,2015-01-21,1055.5769138336182
2255,2015-01-22,1071.1763407707215
2256,2015-01-23,1065.4660331726075
2257,2015-01-26,1067.9603341102602
2258,2015-01-27,1054.325424194336
2259,2015-01-28,1040.6183681488035
2260,2015-01-29,1049.8697288513183
2261,2015-01-30,1037.1362841606142
2262,2015-02-02,1049.9833278656006
2263,2015-02-03,1064.380406665802
2264,2015-02-04,1060.1774884223937
2265,2015-02-05,1070.6716267585755
2266,2015-02-06,1066.6866559982298
2267,2015-02-09,1062.385806751251
2268,2015-02-10,1073.1931874275206
2269,2015-02-11,1072.9994359970094
2270,2015-02-12,1083.0296023368837
2271,2015-02-13,1087.3362164497375
2272,2015-02-17,1088.711757850647
2273,2015-02-18,1088.4666862487793
2274,2015-02-19,1087.2857647895814
2275,2015-02-20,1093.643284893036
2276,2015-02-23,1093.3736826896668
2277,2015-02-24,1096.3801573753358
2278,2015-02-25,1095.6561878204345
2279,2015-02-26,1094.0281384468076
2280,2015-02-27,1090.9989442825317
2281,2015-03-02,1097.2433862686157
2282,2015-03-03,1092.3948499679566
2283,2015-03-04,1087.7336764335635
2284,2015-03-05,1088.983065223694
2285,2015-03-06,1073.5941534042358
2286,2015-03-09,1077.7501684188842
2287,2015-03-10,1060.0999382019043
2288,2015-03-11,1058.1314143180848
2289,2015-03-12,1070.9971107482909
2290,2015-03-13,1064.6591828346252
2291,2015-03-16,1078.600681781769
2292,2015-03-17,1075.0706337928773
2293,2015-03-18,1088.1231994628906
2294,2015-03-19,1082.8851284980774
2295,2015-03-20,1092.5265055656432
2296,2015-03-23,1090.7805006027222
2297,2015-03-24,1084.405340576172
2298,2015-03-25,1069.1524040222168
2299,2015-03-26,1066.7036399841309
2300,2015-03-27,1069.1029365539553
2301,2015-03-30,1081.601286315918
2302,2015-03-31,1072.4434787750245
2303,2015-04-01,1068.6478304862978
2304,2015-04-02,1072.20838470459
2305,2015-04-06,1079.2148269653321
2306,2015-04-07,1077.0242890357972
2307,2015-04-08,1079.7177936553956
2308,2015-04-09,1084.2132633209228
2309,2015-04-10,1089.799057006836
2310,2015-04-13,1084.9216490745544
2311,2015-04-14,1086.5913970947265
2312,2015-04-15,1092.1504648208618
2313,2015-04-16,1091.2932888031005
2314,2015-04-17,1079.4625027656555
2315,2015-04-20,1088.959056377411
2316,2015-04-21,1087.4311009407043
2317,2015-04-22,1092.5402322769164
2318,2015-04-23,1095.1666348457336
2319,2015-04-24,1097.4285600662233
2320,2015-04-27,1093.2807695388794
2321,2015-04-28,1096.2043019294738
2322,2015-04-29,1092.120192813873
2323,2015-04-30,1081.2583835601806
2324,2015-05-01,1092.5351316452025
2325,2015-05-04,1095.6877285003663
2326,2015-05-05,1083.1947208404542
2327,2015-05-06,1078.4482501983643
2328,2015-05-07,1082.316301345825
2329,2015-05-08,1096.5132465362549
2330,2015-05-11,1090.9155702590942
2331,2015-05-12,1087.9218727111818
2332,2015-05-13,1087.8062501907348
2333,2015-05-14,1099.2281785964965
2334,2015-05-15,1100.1834934234619
2335,2015-05-18,1103.316102027893
2336,2015-05-19,1102.3463124275208
2337,2015-05-20,1101.4111004829406
2338,2015-05-21,1103.9548318862915
2339,2015-05-22,1101.5206495285036
2340,2015-05-26,1090.4533504486083
2341,2015-05-27,1100.0957995414735
2342,2015-05-28,1098.7624629020693
2343,2015-05-29,1092.0988461494446
2344,2015-06-01,1094.185068321228
2345,2015-06-02,1093.0849678039551
2346,2015-06-03,1095.118342781067
2347,2015-06-04,1085.9625941276552
2348,2015-06-05,1084.2935064315795
2349,2015-06-08,1077.589384460449
2350,2015-06-09,1078.0020541191102
2351,2015-06-10,1090.5667109489439
2352,2015-06-11,1092.465027809143
2353,2015-06-12,1085.041218185425
2354,2015-06-15,1080.27421875
2355,2015-06-16,1086.2092889785768
2356,2015-06-17,1088.343923664093
2357,2015-06-18,1098.8840039253234
2358,2015-06-19,1093.3037000656127
2359,2015-06-22,1099.4660430908202
2360,2015-06-23,1100.0264649391177
2361,2015-06-24,1092.2153794288636
2362,2015-06-25,1089.039354610443
2363,2015-06-26,1088.588156604767
2364,2015-06-29,1066.8552031517029
2365,2015-06-30,1069.5373208999633
2366,2015-07-01,1076.5704648017884
2367,2015-07-02,1076.2606893539428
2368,2015-07-06,1072.3204153060915
2369,2015-07-07,1078.5065013885496
2370,2015-07-08,1061.2627822875977
2371,2015-07-09,1063.5295248031616
2372,2015-07-10,1076.0978675842284
2373,2015-07-13,1087.501639175415
2374,2015-07-14,1092.188066005707
2375,2015-07-15,1091.4047937393186
2376,2015-07-16,1099.8237358093263
2377,2015-07-17,1100.8821250915528
2378,2015-07-20,1101.3395380973816
2379,2015-07-21,1096.8193537712095
2380,2015-07-22,1094.2229462623598
2381,2015-07-23,1088.2355875015257
2382,2015-07-24,1077.0715985298157
2383,2015-07-27,1071.0229656219483
2384,2015-07-28,1083.829872894287
2385,2015-07-29,1091.4884118080138
2386,2015-07-30,1091.4253894805909
2387,2015-07-31,1089.1769722938539
2388,2015-08-03,1086.1974722862244
2389,2015-08-04,1083.7920065879823
2390,2015-08-05,1086.9623103141787
2391,2015-08-06,1078.8976362228393
2392,2015-08-07,1075.9675265312194
2393,2015-08-10,1089.3757792472838
2394,2015-08-11,1079.4401203155517
2395,2015-08-12,1080.5584811210633
2396,2015-08-13,1079.0798602104187
2397,2015-08-14,1083.1335852622988
2398,2015-08-17,1088.6504238128664
2399,2015-08-18,1085.8349623680112
2400,2015-08-19,1077.3881819725036
2401,2015-08-20,1055.6801165580748
2402,2015-08-21,1023.3514120101929
2403,2015-08-24,984.409749507904
2404,2015-08-25,971.4176198005676
2405,2015-08-26,1007.5922787666321
2406,2015-08-27,1031.253581237793
2407,2015-08-28,1031.9664065361023
2408,2015-08-31,1023.6471919059753
2409,2015-09-01,994.5496623039246
2410,2015-09-02,1011.9754400253296
2411,2015-09-03,1013.0784339904785
2412,2015-09-04,998.1253601074219
2413,2015-09-08,1022.1724879264831
2414,2015-09-09,1008.3403145790099
2415,2015-09-10,1013.4737537384034
2416,2015-09-11,1017.8602627754212
2417,2015-09-14,1013.8466252326965
2418,2015-09-15,1026.2348951339723
2419,2015-09-16,1034.9868411064147
2420,2015-09-17,1032.6913598060607
2421,2015-09-18,1016.6872484207153
2422,2015-09-21,1021.0365483283997
2423,2015-09-22,1008.9002187728881
2424,2015-09-23,1006.9218015670776
2425,2015-09-24,1003.9292422294617
2426,2015-09-25,1003.3748682022094
2427,2015-09-28,978.4930621147156
2428,2015-09-29,979.6573620796204
2429,2015-09-30,997.5343103408813
2430,2015-10-01,999.4273651123046
2431,2015-10-02,1013.5090913772583
2432,2015-10-05,1031.2539581298827
2433,2015-10-06,1027.887151813507
2434,2015-10-07,1035.8048319816592
2435,2015-10-08,1044.5200045585632
2436,2015-10-09,1045.40812330246
2437,2015-10-12,1046.780555534363
2438,2015-10-13,1039.9441257476806
2439,2015-10-14,1035.5132654190063
2440,2015-10-15,1050.232783126831
2441,2015-10-16,1054.7530150413513
2442,2015-10-19,1054.982211971283
2443,2015-10-20,1053.559527873993
2444,2015-10-21,1047.5937657356262
2445,2015-10-22,1064.3838407516478
2446,2015-10-23,1075.632603263855
2447,2015-10-26,1073.6487748146058
2448,2015-10-27,1071.0599618911742
2449,2015-10-28,1083.1449362754822
2450,2015-10-29,1082.4513648986817
2451,2015-10-30,1077.4652079582215
2452,2015-11-02,1089.681942844391
2453,2015-11-03,1092.3678073883057
2454,2015-11-04,1088.504095840454
2455,2015-11-05,1087.2588495254515
2456,2015-11-06,1086.6104924201964
2457,2015-11-09,1076.3028305053708
2458,2015-11-10,1077.8948880195617
2459,2015-11-11,1074.4540894508361
2460,2015-11-12,1059.9460847854614
2461,2015-11-13,1048.4915782928467
2462,2015-11-16,1063.608685684204
2463,2015-11-17,1062.0961549758913
2464,2015-11-18,1078.661771965027
2465,2015-11-19,1077.616407585144
2466,2015-11-20,1081.5162695884703
2467,2015-11-23,1080.1599857330325
2468,2015-11-24,1081.5463428497314
2469,2015-11-25,1081.3733868598938
2470,2015-11-27,1081.8461434364317
2471,2015-11-30,1077.0645395278932
2472,2015-12-01,1088.3136132240295
2473,2015-12-02,1076.5379687309264
2474,2015-12-03,1061.5264291763303
2475,2015-12-04,1082.8676630020143
2476,2015-12-07,1075.424413204193
2477,2015-12-08,1068.70468044281
2478,2015-12-09,1060.7005083084107
2479,2015-12-10,1062.9874328613282
2480,2015-12-11,1043.164518737793
2481,2015-12-14,1047.6900430679323
2482,2015-12-15,1058.3978065490724
2483,2015-12-16,1073.3010357856751
2484,2015-12-17,1057.5089488983153
2485,2015-12-18,1039.552136325836
2486,2015-12-21,1047.4344295501708
2487,2015-12-22,1056.2663999557496
2488,2015-12-23,1068.9127220153807
2489,2015-12-24,1067.348908996582
2490,2015-12-28,1065.0093093872072
2491,2015-12-29,1075.8881403923035
2492,2015-12-30,1068.2940947532652
2493,2015-12-31,1058.6622626304627
2494,2016-01-04,1043.1471859931946
2495,2016-01-05,1045.201530456543
2496,2016-01-06,1032.2035301208496
2497,2016-01-07,1008.7589190483093
2498,2016-01-08,998.2331039428711
2499,2016-01-11,998.8556853294372
2500,2016-01-12,1006.3570843696593
2501,2016-01-13,982.2607068061828
2502,2016-01-14,997.8638799667358
2503,2016-01-15,977.2227215766907
2504,2016-01-19,977.6781330108644
2505,2016-01-20,966.8304233551025
2506,2016-01-21,971.651169872284
2507,2016-01-22,990.6074430465698
2508,2016-01-25,975.7677149772644
2509,2016-01-26,989.2176098823547
2510,2016-01-27,978.935376739502
2511,2016-01-28,984.0587997436522
2512,2016-01-29,1007.6254670143127
2513,2016-02-01,1007.2534101486207
2514,2016-02-02,989.1409083366394
2515,2016-02-03,994.0316373825073
2516,2016-02-04,995.6477506637573
2517,2016-02-05,978.0922699928284
2518,2016-02-08,965.0318548202515
2519,2016-02-09,964.3615472793579
2520,2016-02-10,964.3398948669433
2521,2016-02-11,953.4394633293152
2522,2016-02-12,971.1645997047424
2523,2016-02-16,986.1297539710998
2524,2016-02-17,1001.8293352127075
2525,2016-02-18,997.6869325637817
2526,2016-02-19,997.5860668182373
2527,2016-02-22,1011.260709953308
2528,2016-02-23,999.3085786819457
2529,2016-02-24,1003.635991859436
2530,2016-02-25,1014.6820028305053
2531,2016-02-26,1012.7272071838379
2532,2016-02-29,1005.0147657394409
2533,2016-03-01,1027.9109979629518
2534,2016-03-02,1032.0298112869264
2535,2016-03-03,1035.7466286659242
2536,2016-03-04,1039.0043424606324
2537,2016-03-07,1039.9632507324218
2538,2016-03-08,1028.7052326202393
2539,2016-03-09,1033.6109092712402
2540,2016-03-10,1033.9679306030273
2541,2016-03-11,1050.0261140823366
2542,2016-03-14,1048.6008088111876
2543,2016-03-15,1046.7216175079345
2544,2016-03-16,1052.7605684280395
2545,2016-03-17,1059.4669309616088
2546,2016-03-18,1063.9493494033813
2547,2016-03-21,1064.8222403526306
2548,2016-03-22,1063.949436378479
2549,2016-03-23,1057.1656615257261
2550,2016-03-24,1056.74804353714
2551,2016-03-28,1057.3524703979492
2552,2016-03-29,1066.6236792564391
2553,2016-03-30,1070.913829612732
2554,2016-03-31,1068.9436911582945
2555,2016-04-01,1075.3494324684143
2556,2016-04-04,1071.9566462516784
2557,2016-04-05,1061.66054315567
2558,2016-04-06,1072.3409782409667
2559,2016-04-07,1060.1863016128539
2560,2016-04-08,1063.0143597602844
2561,2016-04-11,1060.3970183372496
2562,2016-04-12,1070.2468003273011
2563,2016-04-13,1080.4867120742797
2564,2016-04-14,1080.4462328910827
2565,2016-04-15,1079.5711269378662
2566,2016-04-18,1086.3610663414001
2567,2016-04-19,1089.7980142593385
2568,2016-04-20,1090.4967101097106
2569,2016-04-21,1085.0410402297973
2570,2016-04-22,1084.9352240562441
2571,2016-04-25,1083.0449496269227
2572,2016-04-26,1085.0508155822754
2573,2016-04-27,1086.899157333374
2574,2016-04-28,1077.5132399559022
2575,2016-04-29,1072.5041098594666
2576,2016-05-02,1080.4928096771241
2577,2016-05-03,1071.4630508422852
2578,2016-05-04,1065.2757625579836
2579,2016-05-05,1065.0707362174987
2580,2016-05-06,1068.4043390274048
2581,2016-05-09,1068.9158418655395
2582,2016-05-10,1081.8403858184813
2583,2016-05-11,1072.01825838089
2584,2016-05-12,1071.7253834724427
2585,2016-05-13,1063.0783192634585
2586,2016-05-16,1073.0812626838683
2587,2016-05-17,1063.37237033844
2588,2016-05-18,1063.2518361091613
2589,2016-05-19,1059.4469336509703
2590,2016-05-20,1065.5927692413331
2591,2016-05-23,1063.407030391693
2592,2016-05-24,1077.195833492279
2593,2016-05-25,1084.4234178543093
2594,2016-05-26,1084.202828884125
2595,2016-05-27,1088.5873057365418
2596,2016-05-31,1087.5849850654602
2597,2016-06-01,1088.761437892914
2598,2016-06-02,1091.7684854507447
2599,2016-06-03,1089.175520706177
2600,2016-06-06,1094.2996745109558
2601,2016-06-07,1095.6865122795105
2602,2016-06-08,1099.3898243904114
2603,2016-06-09,1097.6531337738036
2604,2016-06-10,1088.0161692619322
2605,2016-06-13,1079.6225192070006
2606,2016-06-14,1077.7449104309082
2607,2016-06-15,1075.9758427619936
2608,2016-06-16,1079.0847287178037
2609,2016-06-17,1075.868333053589
2610,2016-06-20,1081.7480037689209
2611,2016-06-21,1084.3064958572386
2612,2016-06-22,1082.5962611198424
2613,2016-06-23,1096.4177187919618
2614,2016-06-24,1059.1669939041137
2615,2016-06-27,1040.904166507721
2616,2016-06-28,1058.5973185539247
2617,2016-06-29,1075.9895917892457
2618,2016-06-30,1090.1443618774413
2619,2016-07-01,1092.457415008545
2620,2016-07-05,1085.396336555481
2621,2016-07-06,1091.1174895286558
2622,2016-07-07,1090.096849441528
2623,2016-07-08,1106.228371334076
2624,2016-07-11,1109.6587982177737
2625,2016-07-12,1116.8784219741822
2626,2016-07-13,1117.161873626709
2627,2016-07-14,1122.7043928146363
2628,2016-07-15,1121.549404144287
2629,2016-07-18,1124.1430014610291
2630,2016-07-19,1122.6518821716309
2631,2016-07-20,1127.0573575973513
2632,2016-07-21,1123.340098953247
2633,2016-07-22,1128.17728433609
2634,2016-07-25,1124.769369697571
2635,2016-07-26,1125.1671018600464
2636,2016-07-27,1124.136389732361
2637,2016-07-28,1125.8335227966309
2638,2016-07-29,1127.8173546791074
2639,2016-08-01,1126.3768557548524
2640,2016-08-02,1119.4964696884156
2641,2016-08-03,1122.8631534576416
2642,2016-08-04,1123.1704063415527
2643,2016-08-05,1132.1631931304933
2644,2016-08-08,1131.185748195648
2645,2016-08-09,1131.7283823013306
2646,2016-08-10,1128.6794754028322
2647,2016-08-11,1133.688268661499
2648,2016-08-12,1132.8652092933655
2649,2016-08-15,1135.9324648857119
2650,2016-08-16,1129.9892735481262
2651,2016-08-17,1132.0825844764709
2652,2016-08-18,1134.5983103752137
2653,2016-08-19,1132.845446109772
2654,2016-08-22,1132.239604282379
2655,2016-08-23,1134.3799893379212
2656,2016-08-24,1128.4827544212342
2657,2016-08-25,1126.9634305000304
2658,2016-08-26,1125.1832094192505
2659,2016-08-29,1130.9467435836793
2660,2016-08-30,1128.6633344650268
2661,2016-08-31,1126.0240148544312
2662,2016-09-01,1126.039493560791
2663,2016-09-02,1130.7056173324586
2664,2016-09-06,1134.235625553131
2665,2016-09-07,1134.057270526886
2666,2016-09-08,1131.4889800071717
2667,2016-09-09,1104.5229660034179
2668,2016-09-12,1120.143424987793
2669,2016-09-13,1103.9588347434997
2670,2016-09-14,1103.4006363868714
2671,2016-09-15,1114.0874642372132
2672,2016-09-16,1110.027253627777
2673,2016-09-19,1110.010999774933
2674,2016-09-20,1110.356864643097
2675,2016-09-21,1122.3024517059328
2676,2016-09-22,1129.4242430686952
2677,2016-09-23,1123.165237045288
2678,2016-09-26,1113.9024572372439
2679,2016-09-27,1120.7455427169798
2680,2016-09-28,1126.4625093460083
2681,2016-09-29,1116.335257053375
2682,2016-09-30,1124.8380617141722
2683,2016-10-03,1121.2520224571228
2684,2016-10-04,1115.367714881897
2685,2016-10-05,1119.940701961517
2686,2016-10-06,1120.351343822479
2687,2016-10-07,1116.8456212043764
2688,2016-10-10,1121.850500488281
2689,2016-10-11,1108.2760177612304
2690,2016-10-12,1109.5199449539184
2691,2016-10-13,1106.2809795379637
2692,2016-10-14,1106.3844047546386
2693,2016-10-17,1103.223576927185
2694,2016-10-18,1109.8932841300964
2695,2016-10-19,1112.3303447723388
2696,2016-10-20,1110.796562576294
2697,2016-10-21,1110.737463283539
2698,2016-10-24,1115.7557795524597
2699,2016-10-25,1111.7555797576904
2700,2016-10-26,1109.7612490653992
2701,2016-10-27,1106.529231262207
2702,2016-10-28,1103.2624289512635
2703,2016-10-31,1103.18441324234
2704,2016-11-01,1096.040191078186
2705,2016-11-02,1089.256585407257
2706,2016-11-03,1084.6422671318055
2707,2016-11-04,1082.957631778717
2708,2016-11-07,1105.877779865265
2709,2016-11-08,1109.801948451996
2710,2016-11-09,1121.4033224105835
2711,2016-11-10,1123.2140522956847
2712,2016-11-11,1121.361656665802
2713,2016-11-14,1121.0296466827392
2714,2016-11-15,1129.2727303504944
2715,2016-11-16,1127.5545192718505
2716,2016-11-17,1132.4890271186828
2717,2016-11-18,1129.7035856246948
2718,2016-11-21,1137.9439860343932
2719,2016-11-22,1140.3421931266785
2720,2016-11-23,1140.9174271583558
2721,2016-11-25,1145.1564836502075
2722,2016-11-28,1139.5558024406434
2723,2016-11-29,1140.9753033638
2724,2016-11-30,1137.8347122192383
2725,2016-12-01,1133.8877676010131
2726,2016-12-02,1134.4738995552063
2727,2016-12-05,1140.8224906921387
2728,2016-12-06,1144.5605834007265
2729,2016-12-07,1159.217355155945
2730,2016-12-08,1161.565895175934
2731,2016-12-09,1168.0467442512513
2732,2016-12-12,1166.7884504318238
2733,2016-12-13,1174.1685527801512
2734,2016-12-14,1164.631890296936
2735,2016-12-15,1168.824942970276
2736,2016-12-16,1166.9388942718506
2737,2016-12-19,1169.2821926116944
2738,2016-12-20,1173.299283885956
2739,2016-12-21,1170.5625812530518
2740,2016-12-22,1168.424612236023
2741,2016-12-23,1169.8834854125976
2742,2016-12-27,1172.493140602112
2743,2016-12-28,1163.0849194526675
2744,2016-12-29,1162.9790898323058
2745,2016-12-30,1157.7516561508178
2746,2017-01-03,1167.3475110054017
2747,2017-01-04,1173.8641730308532
2748,2017-01-05,1173.2764001846313
2749,2017-01-06,1177.0950656890868
2750,2017-01-09,1173.1693437576293
2751,2017-01-10,1173.2040192604063
2752,2017-01-11,1176.4952166557312
2753,2017-01-12,1174.1258683204649
2754,2017-01-13,1176.2075211524964
2755,2017-01-17,1173.0846501350404
2756,2017-01-18,1174.861382675171
2757,2017-01-19,1170.6796633720398
2758,2017-01-20,1174.5430863380432
2759,2017-01-23,1171.634182834625
2760,2017-01-24,1178.9798444747926
2761,2017-01-25,1187.9563900947571
2762,2017-01-26,1187.0282444953918
2763,2017-01-27,1186.0665404319761
2764,2017-01-30,1179.199630832672
2765,2017-01-31,1178.4131430625914
2766,2017-02-01,1178.6963227272033
2767,2017-02-02,1179.4247963905334
2768,2017-02-03,1187.7450674057006
2769,2017-02-06,1185.5381268501283
2770,2017-02-07,1185.7945240020751
2771,2017-02-08,1186.7423966407775
2772,2017-02-09,1193.1968335151673
2773,2017-02-10,1197.3528637886047
2774,2017-02-13,1203.293512058258
2775,2017-02-14,1207.915455722809
2776,2017-02-15,1213.7631895065306
2777,2017-02-16,1212.8578763008118
2778,2017-02-17,1214.843068122864
2779,2017-02-21,1221.9558863639834
2780,2017-02-22,1220.7018592834472
2781,2017-02-23,1221.3476128578186
2782,2017-02-24,1223.2824033737184
2783,2017-02-27,1224.377666568756
2784,2017-02-28,1221.331625843048
2785,2017-03-01,1237.3576130867004
2786,2017-03-02,1230.1194480895997
2787,2017-03-03,1230.73885679245
2788,2017-03-06,1226.7410061836242
2789,2017-03-07,1223.1469814300535
2790,2017-03-08,1220.2766591072084
2791,2017-03-09,1221.0716590881348
2792,2017-03-10,1224.9880729675292
2793,2017-03-13,1225.3797876358033
2794,2017-03-14,1221.312200641632
2795,2017-03-15,1231.5913109779358
2796,2017-03-16,1229.66853055954
2797,2017-03-17,1228.189493942261
2798,2017-03-20,1225.8892411231993
2799,2017-03-21,1211.313404560089
2800,2017-03-22,1213.5927194595336
2801,2017-03-23,1212.3363509178164
2802,2017-03-24,1211.3480026245118
2803,2017-03-27,1210.2810998916625
2804,2017-03-28,1218.669576358795
2805,2017-03-29,1220.0486779212952
2806,2017-03-30,1223.3847172737123
2807,2017-03-31,1220.761598968506
2808,2017-04-03,1218.9767068862916
2809,2017-04-04,1219.6525396347047
2810,2017-04-05,1216.0792006492616
2811,2017-04-06,1218.3062963485718
2812,2017-04-07,1217.3047397613525
2813,2017-04-10,1218.1590465545653
2814,2017-04-11,1216.7197386741639
2815,2017-04-12,1212.4357726097107
2816,2017-04-13,1204.5420378684996
2817,2017-04-17,1214.5136795997619
2818,2017-04-18,1211.2628803253176
2819,2017-04-19,1209.0791365623472
2820,2017-04-20,1217.8908344268798
2821,2017-04-21,1214.3449059486388
2822,2017-04-24,1226.9488090515138
2823,2017-04-25,1233.9748975753785
2824,2017-04-26,1233.4807141304016
2825,2017-04-27,1234.1129502296449
2826,2017-04-28,1231.9084002494812
2827,2017-05-01,1233.7979451179506
2828,2017-05-02,1235.2382589340211
2829,2017-05-03,1233.519320011139
2830,2017-05-04,1234.0429827690125
2831,2017-05-05,1238.9723135948182
2832,2017-05-08,1238.93506565094
2833,2017-05-09,1237.6313943862915
2834,2017-05-10,1239.0127457618714
2835,2017-05-11,1236.466608142853
2836,2017-05-12,1234.826591205597
2837,2017-05-15,1240.5649537086488
2838,2017-05-16,1239.8265968322753
2839,2017-05-17,1218.3652030944825
2840,2017-05-18,1222.5941097259522
2841,2017-05-19,1230.6834578514097
2842,2017-05-22,1236.8702494621277
2843,2017-05-23,1238.938900089264
2844,2017-05-24,1242.0143423080442
2845,2017-05-25,1247.3247181892395
2846,2017-05-26,1247.8056329727174
2847,2017-05-30,1246.3509943008423
2848,2017-05-31,1245.8567523956299
2849,2017-06-01,1254.9758690834044
2850,2017-06-02,1259.6512627601624
2851,2017-06-05,1258.1299551010131
2852,2017-06-06,1254.9441550254824
2853,2017-06-07,1256.7349918365478
2854,2017-06-08,1256.9533344268798
2855,2017-06-09,1255.8174367904664
2856,2017-06-12,1254.5980127334594
2857,2017-06-13,1260.1026488304137
2858,2017-06-14,1258.884779548645
2859,2017-06-15,1256.0930342674255
2860,2017-06-16,1256.4622560501098
2861,2017-06-19,1266.4819666862486
2862,2017-06-20,1258.2710772514345
2863,2017-06-21,1257.586876010895
2864,2017-06-22,1257.0857169151304
2865,2017-06-23,1259.0468463897707
2866,2017-06-26,1259.3517850875855
2867,2017-06-27,1249.4854742050172
2868,2017-06-28,1260.1670802116394
2869,2017-06-29,1249.5682991027832
2870,2017-06-30,1251.384596633911
2871,2017-07-03,1253.957260799408
2872,2017-07-05,1255.7606548309325
2873,2017-07-06,1244.3103796005248
2874,2017-07-07,1251.8843604087829
2875,2017-07-10,1253.0457851409913
2876,2017-07-11,1252.14743309021
2877,2017-07-12,1261.1226566314697
2878,2017-07-13,1263.3615959167482
2879,2017-07-14,1269.217343711853
2880,2017-07-17,1269.212080860138
2881,2017-07-18,1270.095311832428
2882,2017-07-19,1276.7209730148315
2883,2017-07-20,1276.552476501465
2884,2017-07-21,1276.2283023834227
2885,2017-07-24,1274.8965138435365
2886,2017-07-25,1278.3864956855773
2887,2017-07-26,1278.8959712982178
2888,2017-07-27,1277.6507867813111
2889,2017-07-28,1276.1414518356323
2890,2017-07-31,1275.2431180000306
2891,2017-08-01,1278.316501045227
2892,2017-08-02,1278.8845753669739
2893,2017-08-03,1276.2425796508787
2894,2017-08-04,1278.4423530578615
2895,2017-08-07,1280.468452167511
2896,2017-08-08,1277.484929561615
2897,2017-08-09,1277.2131180763245
2898,2017-08-10,1259.4048282623291
2899,2017-08-11,1261.0442241668702
2900,2017-08-14,1273.1936828613282
2901,2017-08-15,1272.439514827728
2902,2017-08-16,1274.3238305091859
2903,2017-08-17,1255.3783194541932
2904,2017-08-18,1253.1349816322327
2905,2017-08-21,1254.5948230743409
2906,2017-08-22,1266.588842868805
2907,2017-08-23,1262.4722355842591
2908,2017-08-24,1259.8641670227053
2909,2017-08-25,1261.9661033630368
2910,2017-08-28,1262.7667078971865
2911,2017-08-29,1263.8087794303897
2912,2017-08-30,1269.4333088874816
2913,2017-08-31,1276.6816484451294
2914,2017-09-01,1279.0963395118713
2915,2017-09-05,1269.999027442932
2916,2017-09-06,1273.7627592086792
2917,2017-09-07,1273.7399591445921
2918,2017-09-08,1271.8422348976137
2919,2017-09-11,1284.9335718154907
2920,2017-09-12,1289.1198645591735
2921,2017-09-13,1289.9491455078125
2922,2017-09-14,1288.6446910858156
2923,2017-09-15,1290.8878596305847
2924,2017-09-18,1292.5769488334656
2925,2017-09-19,1293.9755418777465
2926,2017-09-20,1294.6599440574644
2927,2017-09-21,1290.7358538627625
2928,2017-09-22,1291.6265959739685
2929,2017-09-25,1289.061887359619
2930,2017-09-26,1288.9909469604493
2931,2017-09-27,1293.8914247512819
2932,2017-09-28,1295.4268762588501
2933,2017-09-29,1299.9849052429201
2934,2017-10-02,1304.7889713287354
2935,2017-10-03,1307.5478788375856
2936,2017-10-04,1309.156219291687
2937,2017-10-05,1316.2588713645935
2938,2017-10-06,1314.8857022285463
2939,2017-10-09,1312.7222817420961
2940,2017-10-10,1315.7274146080017
2941,2017-10-11,1318.0739831924438
2942,2017-10-12,1315.9590685844423
2943,2017-10-13,1317.2513417243958
2944,2017-10-16,1319.377871990204
2945,2017-10-17,1320.142428302765
2946,2017-10-18,1321.0038286209106
2947,2017-10-19,1321.5093590736387
2948,2017-10-20,1327.9148671150206
2949,2017-10-23,1322.8482838630675
2950,2017-10-24,1324.8338549613952
2951,2017-10-25,1318.8304620742797
2952,2017-10-26,1320.3301729202271
2953,2017-10-27,1330.7880650520324
2954,2017-10-30,1326.768070411682
2955,2017-10-31,1327.9233841896057
2956,2017-11-01,1330.0300992012023
2957,2017-11-02,1330.3065665245056
2958,2017-11-03,1334.2778526306154
2959,2017-11-06,1336.077397441864
2960,2017-11-07,1335.787035369873
2961,2017-11-08,1337.679219532013
2962,2017-11-09,1332.832308959961
2963,2017-11-10,1331.4615887641905
2964,2017-11-13,1332.7452389717103
2965,2017-11-14,1329.7930520057678
2966,2017-11-15,1322.7028833389281
2967,2017-11-16,1333.177930545807
2968,2017-11-17,1329.9812251091005
2969,2017-11-20,1331.4450193405153
2970,2017-11-21,1339.9467134475708
2971,2017-11-22,1339.1382600784302
2972,2017-11-24,1341.7766398429872
2973,2017-11-27,1341.3250184059145
2974,2017-11-28,1354.1269594192504
2975,2017-11-29,1353.489063644409
2976,2017-11-30,1364.0997470855714
2977,2017-12-01,1361.5574701309204
2978,2017-12-04,1360.1065200805665
2979,2017-12-05,1355.1126441955569
2980,2017-12-06,1354.9410945892334
2981,2017-12-07,1358.6079884529115
2982,2017-12-08,1365.8641548156736
2983,2017-12-11,1370.055805683136
2984,2017-12-12,1372.1053135871884
2985,2017-12-13,1371.6474820137025
2986,2017-12-14,1366.2151845932008
2987,2017-12-15,1378.147595024109
2988,2017-12-18,1385.3491834640502
2989,2017-12-19,1380.944961643219
2990,2017-12-20,1379.8133131980894
2991,2017-12-21,1382.5148461341857
2992,2017-12-22,1381.981280708313
2993,2017-12-26,1380.6873698234558
2994,2017-12-27,1381.8806153297423
2995,2017-12-28,1384.3898784637452
2996,2017-12-29,1377.5363637924195
2997,2018-01-02,1388.7539467811584
2998,2018-01-03,1397.3571437835692
2999,2018-01-04,1402.867129135132
3000,2018-01-05,1412.4116003990173
3001,2018-01-08,1414.681383228302
3002,2018-01-09,1416.3491730690002
3003,2018-01-10,1414.854386806488
3004,2018-01-11,1424.5718591690063
3005,2018-01-12,1434.0685210227966
3006,2018-01-16,1429.179886341095
3007,2018-01-17,1442.1191677093504
3008,2018-01-18,1439.7670604705809
3009,2018-01-19,1445.8988251686096
3010,2018-01-22,1457.2504424095155
3011,2018-01-23,1460.4678917884828
3012,2018-01-24,1459.81661901474
3013,2018-01-25,1460.645779132843
3014,2018-01-26,1477.4279639244078
3015,2018-01-29,1467.6347801208497
3016,2018-01-30,1451.9773917198181
3017,2018-01-31,1452.7763425827025
3018,2018-02-01,1451.8347877502442
3019,2018-02-02,1421.6383003234862
3020,2018-02-05,1365.167447757721
3021,2018-02-06,1388.049203300476
3022,2018-02-07,1381.1743955612183
3023,2018-02-08,1330.804169178009
3024,2018-02-09,1350.0026719093323
3025,2018-02-12,1368.3037937164306
3026,2018-02-13,1371.854788017273
3027,2018-02-14,1389.8477855682372
3028,2018-02-15,1406.1825086593628
3029,2018-02-16,1406.704958343506
3030,2018-02-20,1398.5302063941956
3031,2018-02-21,1390.9216037750243
3032,2018-02-22,1392.3161298751832
3033,2018-02-23,1414.0463953018188
3034,2018-02-26,1430.2550164222716
3035,2018-02-27,1412.3914001464843
3036,2018-02-28,1397.2092250823973
3037,2018-03-01,1379.1272631645202
3038,2018-03-02,1385.9422678947449
3039,2018-03-05,1400.760143852234
3040,2018-03-06,1404.495421218872
3041,2018-03-07,1403.7337110519409
3042,2018-03-08,1409.8219600677492
3043,2018-03-09,1433.5985460281372
3044,2018-03-12,1431.8357451438906
3045,2018-03-13,1423.0349952697754
3046,2018-03-14,1415.156475830078
3047,2018-03-15,1414.003116130829
3048,2018-03-16,1416.3034979820252
3049,2018-03-19,1396.7486346244812
3050,2018-03-20,1398.6702246665955
3051,2018-03-21,1396.4059608459472
3052,2018-03-22,1362.2740639686583
3053,2018-03-23,1334.735206222534
3054,2018-03-26,1369.9381979942323
3055,2018-03-27,1346.964771938324
3056,2018-03-28,1342.9874306678773
3057,2018-03-29,1361.0182614326477
3058,2018-04-02,1331.6235242843627
3059,2018-04-03,1347.790687274933
3060,2018-04-04,1362.9294864654541
3061,2018-04-05,1371.9093673706057
3062,2018-04-06,1342.832298851013
3063,2018-04-09,1347.2609306335448
3064,2018-04-10,1369.1515458106996
3065,2018-04-11,1361.9441298484803
3066,2018-04-12,1372.629550933838
3067,2018-04-13,1368.8758964538574
3068,2018-04-16,1379.6636326789856
3069,2018-04-17,1393.9588385581972
3070,2018-04-18,1395.0474576950073
3071,2018-04-19,1387.196884727478
3072,2018-04-20,1375.5303921699522
3073,2018-04-23,1375.4912024497987
3074,2018-04-24,1357.6446602821352
3075,2018-04-25,1359.9504916191102
3076,2018-04-26,1373.7289942741395
3077,2018-04-27,1375.298332118988
3078,2018-04-30,1364.2893350601196
3079,2018-05-01,1367.5452391624451
3080,2018-05-02,1357.9741759300234
3081,2018-05-03,1355.1066366195678
3082,2018-05-04,1372.0054892539977
3083,2018-05-07,1376.6001743316651
3084,2018-05-08,1376.221748828888
3085,2018-05-09,1389.1149827957154
3086,2018-05-10,1401.9074840545654
3087,2018-05-11,1404.2172436714172
3088,2018-05-14,1405.3577058792116
3089,2018-05-15,1395.7017423629761
3090,2018-05-16,1401.1666744232177
3091,2018-05-17,1399.975611305237
3092,2018-05-18,1396.468595981598
3093,2018-05-21,1406.5103244781494
3094,2018-05-22,1402.2200380325316
3095,2018-05-23,1406.7388774871827
3096,2018-05-24,1404.1404140472414
3097,2018-05-25,1400.9209867477416
3098,2018-05-29,1385.3430228233337
3099,2018-05-30,1402.3890110969544
3100,2018-05-31,1392.9652775764466
3101,2018-06-01,1407.5362352371217
3102,2018-06-04,1413.5686215400694
3103,2018-06-05,1414.6041394233703
3104,2018-06-06,1426.3316415786744
3105,2018-06-07,1425.399028301239
3106,2018-06-08,1429.7057776451109
3107,2018-06-11,1431.184487438202
3108,2018-06-12,1433.575137138367
3109,2018-06-13,1427.9832584381102
3110,2018-06-14,1431.482056903839
3111,2018-06-15,1429.8353965759277
3112,2018-06-18,1426.8755184173583
3113,2018-06-19,1421.2762341499329
3114,2018-06-20,1423.5356810569765
3115,2018-06-21,1414.730759525299
3116,2018-06-22,1417.374300956726
3117,2018-06-25,1398.3919793128966
3118,2018-06-26,1401.381162548065
3119,2018-06-27,1389.6532336235048
3120,2018-06-28,1397.9539641380309
3121,2018-06-29,1399.0668743133547
3122,2018-07-02,1403.0602665901183
3123,2018-07-03,1396.4874214172364
3124,2018-07-05,1408.2561787605284
3125,2018-07-06,1419.8765934944154
3126,2018-07-09,1432.063434791565
3127,2018-07-10,1436.853063774109
3128,2018-07-11,1426.7707035064698
3129,2018-07-12,1438.9950222015382
3130,2018-07-13,1440.4805998802185
3131,2018-07-16,1438.9731271743774
3132,2018-07-17,1444.397953891754
3133,2018-07-18,1447.44161195755
3134,2018-07-19,1441.8647267341616
3135,2018-07-20,1440.5678573608398
3136,2018-07-23,1442.9997234344482
3137,2018-07-24,1449.7589875221252
3138,2018-07-25,1462.6806648254394
3139,2018-07-26,1458.259627532959
3140,2018-07-27,1448.9695441246033
3141,2018-07-30,1440.822845840454
3142,2018-07-31,1447.7155325889587
3143,2018-08-01,1446.1164508819581
3144,2018-08-02,1453.0031324386596
3145,2018-08-03,1459.670954799652
3146,2018-08-06,1464.656993675232
3147,2018-08-07,1468.6718551635743
3148,2018-08-08,1468.3105039596558
3149,2018-08-09,1466.2649636268616
3150,2018-08-10,1456.167464542389
3151,2018-08-13,1450.3265580177308
3152,2018-08-14,1459.3301823616027
3153,2018-08-15,1448.352449607849
3154,2018-08-16,1459.5297274589539
3155,2018-08-17,1464.3738251686098
3156,2018-08-20,1467.9450520515443
3157,2018-08-21,1470.9131094932557
3158,2018-08-22,1470.41165599823
3159,2018-08-23,1467.8669760704042
3160,2018-08-24,1476.9593401908874
3161,2018-08-27,1487.9975883483887
3162,2018-08-28,1488.2404571533202
3163,2018-08-29,1496.564078235626
3164,2018-08-30,1490.062876033783
3165,2018-08-31,1490.2442042350772
3166,2018-09-04,1487.7478580474854
3167,2018-09-05,1483.7082797050475
3168,2018-09-06,1478.4916173934935
3169,2018-09-07,1475.1838170051574
3170,2018-09-10,1477.9310961723327
3171,2018-09-11,1483.2878443717957
3172,2018-09-12,1483.9258893966676
3173,2018-09-13,1491.5158482551574
3174,2018-09-14,1491.782102203369
3175,2018-09-17,1483.749388885498
3176,2018-09-18,1491.443734741211
3177,2018-09-19,1493.2671613693237
3178,2018-09-20,1504.7412710189817
3179,2018-09-21,1504.146789073944
3180,2018-09-24,1498.9925344467163
3181,2018-09-25,1497.0964670181277
3182,2018-09-26,1492.2971020698546
3183,2018-09-27,1496.2366540908815
3184,2018-09-28,1496.2857983589172
3185,2018-10-01,1501.5945306777953
3186,2018-10-02,1501.1798446655273
3187,2018-10-03,1502.0641222000122
3188,2018-10-04,1490.027318382263
3189,2018-10-05,1481.9780011177063
3190,2018-10-08,1481.267510700226
3191,2018-10-09,1479.2776460647583
3192,2018-10-10,1431.9365682601926
3193,2018-10-11,1403.6259618759154
3194,2018-10-12,1422.9706117630005
3195,2018-10-15,1414.8635958671568
3196,2018-10-16,1444.430611896515
3197,2018-10-17,1444.0078757286071
3198,2018-10-18,1423.7708353042603
3199,2018-10-19,1423.2659658432008
3200,2018-10-22,1417.2826295852662
3201,2018-10-23,1409.7542384147646
3202,2018-10-24,1367.5436641693116
3203,2018-10-25,1392.236162185669
3204,2018-10-26,1368.9047461509704
3205,2018-10-29,1360.0954013824462
3206,2018-10-30,1380.688797569275
3207,2018-10-31,1395.1461833953856
3208,2018-11-01,1409.6651768684387
3209,2018-11-02,1400.9303793907166
3210,2018-11-05,1408.5441753387452
3211,2018-11-06,1417.0775331497193
3212,2018-11-07,1446.315727043152
3213,2018-11-08,1442.7041094779968
3214,2018-11-09,1429.681174182892
3215,2018-11-12,1402.2435814857483
3216,2018-11-13,1400.1983388900755
3217,2018-11-14,1390.0071713447571
3218,2018-11-15,1404.3603123664857
3219,2018-11-16,1407.532015132904
3220,2018-11-19,1384.7644728660584
3221,2018-11-20,1360.2914938926697
3222,2018-11-21,1364.359548473358
3223,2018-11-23,1355.6178525924684
3224,2018-11-26,1376.0508604049683
3225,2018-11-27,1380.3441805839539
3226,2018-11-28,1411.2433654785154
3227,2018-11-29,1408.3057230949403
3228,2018-11-30,1419.4569688796996
3229,2018-12-03,1434.7179370880126
3230,2018-12-04,1389.7056500434878
3231,2018-12-06,1387.707050418854
3232,2018-12-07,1356.4182699203488
3233,2018-12-10,1358.6930894851687
3234,2018-12-11,1358.2245712280276
3235,2018-12-12,1365.369976615906
3236,2018-12-13,1365.1040339469907
3237,2018-12-14,1339.7486108779908
3238,2018-12-17,1312.8544399261473
3239,2018-12-18,1313.0430746078491
3240,2018-12-19,1293.4017000198364
3241,2018-12-20,1273.775087928772
3242,2018-12-21,1248.2991477012636
3243,2018-12-24,1215.672625732422
3244,2018-12-26,1273.914172077179
3245,2018-12-27,1284.6009516716003
3246,2018-12-28,1283.1931777000427
3247,2018-12-31,1293.8392608642578
3248,2019-01-02,1295.4610513687132
3249,2019-01-03,1264.6231925010682
3250,2019-01-04,1306.4857696533204
3251,2019-01-07,1315.3668634414673
3252,2019-01-08,1327.6868346214294
3253,2019-01-09,1333.0892402648926
3254,2019-01-10,1338.8232351303102
3255,2019-01-11,1338.6879060745239
3256,2019-01-14,1331.8424081802368
3257,2019-01-15,1345.682062625885
3258,2019-01-16,1348.651006603241
3259,2019-01-17,1358.5455311775206
3260,2019-01-18,1375.8054112434388
3261,2019-01-22,1356.9564546585084
3262,2019-01-23,1359.8656140327453
3263,2019-01-24,1361.7108732223512
3264,2019-01-25,1373.0972254753112
3265,2019-01-28,1362.6514746665953
3266,2019-01-29,1360.8797015190125
3267,2019-01-30,1381.5463370323182
3268,2019-01-31,1393.1514430046082
3269,2019-02-01,1394.2973507881163
3270,2019-02-04,1403.3913987159729
3271,2019-02-05,1409.8905890464785
3272,2019-02-06,1406.7481876373292
3273,2019-02-07,1393.9975934982301
3274,2019-02-08,1395.0222964286806
3275,2019-02-11,1395.8854451179504
3276,2019-02-12,1413.389464092255
3277,2019-02-13,1417.4501504898074
3278,2019-02-14,1413.9133502960206
3279,2019-02-15,1428.9684267044067
3280,2019-02-19,1431.2571712493896
3281,2019-02-20,1433.7121048927306
3282,2019-02-21,1428.6024676322938
3283,2019-02-22,1437.6146856307982
3284,2019-02-25,1439.292904281616
3285,2019-02-26,1438.2455037117004
3286,2019-02-27,1437.3451149940493
3287,2019-02-28,1433.2783057212828
3288,2019-03-01,1442.6072642326353
3289,2019-03-04,1437.1728818893432
3290,2019-03-05,1435.6337251663208
3291,2019-03-06,1426.555560016632
3292,2019-03-07,1415.3584788322448
3293,2019-03-08,1412.5963395118715
3294,2019-03-11,1432.655654621124
3295,2019-03-12,1436.8994581222535
3296,2019-03-13,1446.6815167427062
3297,2019-03-14,1445.2715748786927
3298,2019-03-15,1452.3963856697083
3299,2019-03-18,1457.6353623390198
3300,2019-03-19,1457.4726702690125
3301,2019-03-20,1453.5054015159606
3302,2019-03-21,1468.7783657073976
3303,2019-03-22,1441.8476335525513
3304,2019-03-25,1440.823999118805
3305,2019-03-26,1450.819665527344
3306,2019-03-27,1444.2604043960573
3307,2019-03-28,1449.1184469223022
3308,2019-03-29,1458.6077560424806
3309,2019-04-01,1474.8408297538758
3310,2019-04-02,1474.9450429916383
3311,2019-04-03,1477.957687664032
3312,2019-04-04,1481.0050024032594
3313,2019-04-05,1487.6919146537782
3314,2019-04-08,1489.2524666786192
3315,2019-04-09,1480.5440936088562
3316,2019-04-10,1485.6531528472901
3317,2019-04-11,1485.5099021911622
3318,2019-04-12,1494.9936031341551
3319,2019-04-15,1494.04792842865
3320,2019-04-16,1494.6250730514525
3321,2019-04-17,1491.289144039154
3322,2019-04-18,1493.6283679008484
3323,2019-04-22,1495.0722259521483
3324,2019-04-23,1507.95251121521
3325,2019-04-24,1504.8311033248901
3326,2019-04-25,1504.2958539962767
3327,2019-04-26,1511.2702148437502
3328,2019-04-29,1512.7436411857605
3329,2019-04-30,1514.2029737472533
3330,2019-05-01,1503.0864298820495
3331,2019-05-02,1499.858051109314
3332,2019-05-03,1514.0359673500059
3333,2019-05-06,1507.5072796821596
3334,2019-05-07,1483.3529186248777
3335,2019-05-08,1481.00449924469
3336,2019-05-09,1476.6918103218077
3337,2019-05-10,1482.0625476837158
3338,2019-05-13,1447.460674381256
3339,2019-05-14,1458.751212787628
3340,2019-05-15,1467.080279445648
3341,2019-05-16,1479.6470232963563
3342,2019-05-17,1471.1603950500487
3343,2019-05-20,1461.4771515846253
3344,2019-05-21,1473.5125369071961
3345,2019-05-22,1469.4812312126157
3346,2019-05-23,1452.611970806122
3347,2019-05-24,1454.563824272156
3348,2019-05-28,1442.7342329025269
3349,2019-05-29,1433.0556685447693
3350,2019-05-30,1436.1178253173828
3351,2019-05-31,1417.9760990142822
3352,2019-06-03,1414.411363220215
3353,2019-06-04,1443.8077001571655
3354,2019-06-05,1455.2368042945861
3355,2019-06-06,1463.9657326698305
3356,2019-06-07,1479.0457876205446
3357,2019-06-10,1485.5367450714111
3358,2019-06-11,1485.0204608917236
3359,2019-06-12,1482.1628549575805
3360,2019-06-13,1488.2181915283204
3361,2019-06-14,1485.8818403244018
3362,2019-06-17,1487.2049289703368
3363,2019-06-18,1501.4019028663636
3364,2019-06-19,1505.9287813186645
3365,2019-06-20,1520.186981678009
3366,2019-06-21,1518.3431021690367
3367,2019-06-24,1516.0416947364808
3368,2019-06-25,1502.0921513557432
3369,2019-06-26,1500.1121353149415
3370,2019-06-27,1505.7486633300782
3371,2019-06-28,1514.1768087387084
3372,2019-07-01,1525.22405128479
3373,2019-07-02,1529.8714656829834
3374,2019-07-03,1541.3580903053285
3375,2019-07-05,1538.3857422828676
3376,2019-07-08,1531.0535572052001
3377,2019-07-09,1532.9362320899963
3378,2019-07-10,1539.9150111198426
3379,2019-07-11,1543.117321586609
3380,2019-07-12,1550.1647832870483
3381,2019-07-15,1550.455924797058
3382,2019-07-16,1545.1669895172117
3383,2019-07-17,1535.637165260315
3384,2019-07-18,1541.2088315963745
3385,2019-07-19,1531.7323414802552
3386,2019-07-22,1535.9718972206115
3387,2019-07-23,1546.0964150428772
3388,2019-07-24,1553.2444305419922
3389,2019-07-25,1545.15531167984
3390,2019-07-26,1556.2793249130248
3391,2019-07-29,1553.941426563263
3392,2019-07-30,1550.0968058586122
3393,2019-07-31,1533.5238024711607
3394,2019-08-01,1520.6201813697814
3395,2019-08-02,1509.8252645492555
3396,2019-08-05,1466.4750900268555
3397,2019-08-06,1485.1723857879638
3398,2019-08-07,1486.4560787200928
3399,2019-08-08,1513.6175810813904
3400,2019-08-09,1503.8233040809632
3401,2019-08-12,1486.0813304901124
3402,2019-08-13,1507.7961229324342
3403,2019-08-14,1465.1030252456667
3404,2019-08-15,1468.8215244293212
3405,2019-08-16,1489.2453294754027
3406,2019-08-19,1506.4921565055847
3407,2019-08-20,1495.1156979560851
3408,2019-08-21,1507.0196069717406
3409,2019-08-22,1506.1600556373596
3410,2019-08-23,1468.6260122299195
3411,2019-08-26,1484.2491290092466
3412,2019-08-27,1479.8788310050963
3413,2019-08-28,1489.2419422149658
3414,2019-08-29,1507.4434941291809
3415,2019-08-30,1508.3509874343872
3416,2019-09-03,1498.4419402122498
3417,2019-09-04,1514.3706311225892
3418,2019-09-05,1533.000186920166
3419,2019-09-06,1534.26772851944
3420,2019-09-09,1533.9630373954772
3421,2019-09-10,1534.1661041259765
3422,2019-09-11,1545.0165616989136
3423,2019-09-12,1549.313792324066
3424,2019-09-13,1547.9335173606873
3425,2019-09-16,1543.472407054901
3426,2019-09-17,1547.3877877235414
3427,2019-09-18,1547.8385567665098
3428,2019-09-19,1547.974026107788
3429,2019-09-20,1540.8887833595275
3430,2019-09-23,1540.8402232170106
3431,2019-09-24,1528.3904608726502
3432,2019-09-25,1537.128020572662
3433,2019-09-26,1533.5481171607971
3434,2019-09-27,1525.5909669876098
3435,2019-09-30,1532.8414113044741
3436,2019-10-01,1514.7246463775634
3437,2019-10-02,1488.576916027069
3438,2019-10-03,1500.2630255699157
3439,2019-10-04,1521.0103466033936
3440,2019-10-07,1514.1972907066345
3441,2019-10-08,1491.4647625923158
3442,2019-10-09,1504.6356826782228
3443,2019-10-10,1513.7844893455506
3444,2019-10-11,1529.696634197235
3445,2019-10-14,1527.7355997085572
3446,2019-10-15,1542.3032203674315
3447,2019-10-16,1539.4418079376221
3448,2019-10-17,1543.5893511772156
3449,2019-10-18,1537.719200992584
3450,2019-10-21,1547.8301265716552
3451,2019-10-22,1542.551944065094
3452,2019-10-23,1546.8900924682619
3453,2019-10-24,1549.8899683952332
3454,2019-10-25,1556.0194855690004
3455,2019-10-28,1564.2649188041687
3456,2019-10-29,1562.9608439445497
3457,2019-10-30,1568.0519587516785
3458,2019-10-31,1563.693999862671
3459,2019-11-01,1578.4147591590884
3460,2019-11-04,1583.9899744033814
3461,2019-11-05,1581.829505443573
3462,2019-11-06,1582.9985582351685
3463,2019-11-07,1586.8420143127441
3464,2019-11-08,1590.6920456886292
3465,2019-11-11,1587.6203591346741
3466,2019-11-12,1590.1044268608093
3467,2019-11-13,1591.313991832733
3468,2019-11-14,1592.7455648422242
3469,2019-11-15,1604.6171182632445
3470,2019-11-18,1605.4835253715514
3471,2019-11-19,1604.5738479614256
3472,2019-11-20,1598.8086731910705
3473,2019-11-21,1596.2435573577882
3474,2019-11-22,1599.6072640419009
3475,2019-11-25,1611.244741153717
3476,2019-11-26,1614.8003211021423
3477,2019-11-27,1621.238800430298
3478,2019-11-29,1614.9350655555725
3479,2019-12-02,1601.3391039848327
3480,2019-12-03,1591.269598865509
3481,2019-12-04,1601.0024444580079
3482,2019-12-05,1603.3142395019531
3483,2019-12-06,1617.3834481239319
3484,2019-12-09,1612.418310070038
3485,2019-12-10,1610.7331241607665
3486,2019-12-11,1615.45492811203
3487,2019-12-12,1628.763510608673
3488,2019-12-13,1629.0646775245666
3489,2019-12-16,1640.3385172843934
3490,2019-12-17,1640.8793551445008
3491,2019-12-18,1640.1339208602906
3492,2019-12-19,1647.3227743148805
3493,2019-12-20,1655.2651515007017
3494,2019-12-23,1656.6826721191408
3495,2019-12-24,1656.5423913955688
3496,2019-12-26,1664.9552709579468
3497,2019-12-27,1665.0471135139467
3498,2019-12-30,1655.709425163269
3499,2019-12-31,1660.4046646118165
3500,2020-01-02,1674.1273000717163
3501,2020-01-03,1662.9214124679563
3502,2020-01-06,1668.7686069488525
3503,2020-01-07,1664.244386768341
3504,2020-01-08,1672.012963962555
3505,2020-01-09,1682.7799071311952
3506,2020-01-10,1678.2425017356873
3507,2020-01-13,1689.4943551063536
3508,2020-01-14,1687.023734664917
3509,2020-01-15,1690.2159113883972
3510,2020-01-16,1703.9511226654054
3511,2020-01-17,1710.3537704467774
3512,2020-01-21,1706.0300369262695
3513,2020-01-22,1706.5117608070375
3514,2020-01-23,1708.4671993255615
3515,2020-01-24,1693.5522087097168
3516,2020-01-27,1667.7992164611817
3517,2020-01-28,1683.9514963150025
3518,2020-01-29,1682.6729263305663
3519,2020-01-30,1687.7948451042175
3520,2020-01-31,1658.8887243270872
3521,2020-02-03,1670.457725429535
3522,2020-02-04,1694.5023540496825
3523,2020-02-05,1713.045663547516
3524,2020-02-06,1718.693393230438
3525,2020-02-07,1709.7763560295105
3526,2020-02-10,1722.0266980171205
3527,2020-02-11,1724.7735719680786
3528,2020-02-12,1735.5981895446776
3529,2020-02-13,1732.9489775657655
3530,2020-02-14,1736.1514106750487
3531,2020-02-18,1731.4565549850463
3532,2020-02-19,1739.479231452942
3533,2020-02-20,1733.1438048362734
3534,2020-02-21,1715.6874897003174
3535,2020-02-24,1659.9679043769838
3536,2020-02-25,1610.8768856048584
3537,2020-02-26,1604.989914035797
3538,2020-02-27,1536.1616231918335
3539,2020-02-28,1523.5300377845765
3540,2020-03-02,1591.6341963768004
3541,2020-03-03,1548.8827443122864
3542,2020-03-04,1612.2620852470397
3543,2020-03-05,1559.5857416152955
3544,2020-03-06,1533.991460323334
3545,2020-03-09,1420.9796211242674
3546,2020-03-10,1488.1685371398924
3547,2020-03-11,1417.2332873344421
3548,2020-03-12,1285.0028974533082
3549,2020-03-13,1400.2064806938172
3550,2020-03-16,1238.0212274551393
3551,2020-03-17,1308.957531929016
3552,2020-03-18,1241.9887453079225
3553,2020-03-19,1248.0112882614137
3554,2020-03-20,1196.2551979064942
3555,2020-03-23,1163.8090428352357
3556,2020-03-24,1269.7491410255434
3557,2020-03-25,1283.9748512268065
3558,2020-03-26,1361.511873149872
3559,2020-03-27,1317.2374892234802
3560,2020-03-30,1359.920545387268
3561,2020-03-31,1338.3099103927611
3562,2020-04-01,1281.2735132217408
3563,2020-04-02,1309.781940460205
3564,2020-04-03,1290.7781126976015
3565,2020-04-06,1378.8684304237365
3566,2020-04-07,1376.6985850334167
3567,2020-04-08,1421.870762348175
3568,2020-04-09,1442.5752451896667
3569,2020-04-13,1428.6258653640746
3570,2020-04-14,1470.9747025489805
3571,2020-04-15,1439.6460593223574
3572,2020-04-16,1447.7636743545531
3573,2020-04-17,1484.922447681427
3574,2020-04-20,1459.2736959457397
3575,2020-04-21,1415.832833480835
3576,2020-04-22,1447.5333243370058
3577,2020-04-23,1447.0100739479064
3578,2020-04-24,1466.381715106964
3579,2020-04-27,1486.9840689659118
3580,2020-04-28,1479.488583946228
3581,2020-04-29,1517.6757245063782
3582,2020-04-30,1503.7924654960634
3583,2020-05-01,1463.0194808959961
3584,2020-05-04,1469.1284611701967
3585,2020-05-05,1482.0479641914367
3586,2020-05-06,1471.6876364707948
3587,2020-05-07,1488.4175644874572
3588,2020-05-08,1512.5648229598999
3589,2020-05-11,1512.5542742729187
3590,2020-05-12,1482.6521304130554
3591,2020-05-13,1457.7861140251161
3592,2020-05-14,1474.290815258026
3593,2020-05-15,1480.0110841751098
3594,2020-05-18,1524.9761762619019
3595,2020-05-19,1509.6796570777892
3596,2020-05-20,1534.150578212738
3597,2020-05-21,1522.3796855926514
3598,2020-05-22,1525.9533390045167
3599,2020-05-26,1543.842223453522
3600,2020-05-27,1566.0823499679566
3601,2020-05-28,1562.9207734107972
3602,2020-05-29,1570.4292831420898
3603,2020-06-01,1576.2031542778016
3604,2020-06-02,1588.6802167892458
3605,2020-06-03,1609.3288885116576
3606,2020-06-04,1604.1536993026734
3607,2020-06-05,1644.6566337585448
3608,2020-06-08,1664.0846510887145
3609,2020-06-09,1651.676777267456
3610,2020-06-10,1643.521349811554
3611,2020-06-11,1549.2948135375975
3612,2020-06-12,1568.9588810920716
3613,2020-06-15,1581.6824892044067
3614,2020-06-16,1610.6978609085081
3615,2020-06-17,1605.0721358299256
3616,2020-06-18,1606.003087711334
3617,2020-06-19,1597.4015563964845
3618,2020-06-22,1607.5714131355285
3619,2020-06-23,1614.4147203445434
3620,2020-06-24,1573.8435933113099
3621,2020-06-25,1590.5953104972841
3622,2020-06-26,1553.3376969337462
3623,2020-06-29,1575.4859923362733
3624,2020-06-30,1599.1167543411254
3625,2020-07-01,1606.8523950576782
3626,2020-07-02,1614.0047825813292
3627,2020-07-06,1638.966125202179
3628,2020-07-07,1621.9205501556396
3629,2020-07-08,1634.3393285751342
3630,2020-07-09,1625.416668987274
3631,2020-07-10,1641.837926864624
3632,2020-07-13,1626.934569454193
3633,2020-07-14,1648.2191142082215
3634,2020-07-15,1662.7702724456788
3635,2020-07-16,1657.126376914978
3636,2020-07-17,1661.8787883758546
3637,2020-07-20,1675.5492367744448
3638,2020-07-21,1678.5198796272277
3639,2020-07-22,1688.17644405365
3640,2020-07-23,1668.1856231689453
3641,2020-07-24,1658.3138608932493
3642,2020-07-27,1670.546568107605
3643,2020-07-28,1660.228387737274
3644,2020-07-29,1680.409623527527
3645,2020-07-30,1674.172885322571
3646,2020-07-31,1686.8094492912292
3647,2020-08-03,1698.5995476722717
3648,2020-08-04,1705.0115878105164
3649,2020-08-05,1715.7666939735414
3650,2020-08-06,1726.7695702552796
3651,2020-08-07,1727.4684425354005
3652,2020-08-10,1731.9746247291564
3653,2020-08-11,1717.457516860962
3654,2020-08-12,1740.6527618408202
3655,2020-08-13,1737.50568857193
3656,2020-08-14,1737.1077050209044
3657,2020-08-17,1742.135718345642
3658,2020-08-18,1746.2463741302493
3659,2020-08-19,1738.1362319946288
3660,2020-08-20,1743.645885658264
3661,2020-08-21,1749.3438580513
3662,2020-08-24,1766.2939993858336
3663,2020-08-25,1772.4298702239992
3664,2020-08-26,1790.1962107658385
3665,2020-08-27,1792.7814023971557
3666,2020-08-28,1804.8767561912534
3667,2020-08-31,1801.1385848045352
3668,2020-09-01,1814.3971731185914
3669,2020-09-02,1841.2966062545777
3670,2020-09-03,1778.2557456970214
3671,2020-09-04,1764.0887057304383
3672,2020-09-08,1716.4994038581847
3673,2020-09-09,1750.2434931755065
3674,2020-09-10,1720.2904326438904
3675,2020-09-11,1721.2246061325072
3676,2020-09-14,1742.6571905136109
3677,2020-09-15,1751.4520857810976
3678,2020-09-16,1743.654803085327
3679,2020-09-17,1729.3352492332458
3680,2020-09-18,1710.5575693130493
3681,2020-09-21,1690.9602201461792
3682,2020-09-22,1708.1466517448423
3683,2020-09-23,1668.3559173583983
3684,2020-09-24,1673.2640345573425
3685,2020-09-25,1699.1595477104186
3686,2020-09-28,1725.9419954299924
3687,2020-09-29,1718.017739677429
3688,2020-09-30,1731.638950538635
3689,2020-10-01,1740.725545310974
3690,2020-10-02,1724.4732646942139
3691,2020-10-05,1754.5792672157288
3692,2020-10-06,1730.5842281341552
3693,2020-10-07,1759.7944931030272
3694,2020-10-08,1773.6040249824523
3695,2020-10-09,1789.093483066559
3696,2020-10-12,1817.6299290657043
3697,2020-10-13,1806.2115595817565
3698,2020-10-14,1794.6632097244262
3699,2020-10-15,1792.0403784751893
3700,2020-10-16,1792.1893600463868
3701,2020-10-19,1763.7170614242555
3702,2020-10-20,1771.8901346206665
3703,2020-10-21,1768.1980966567994
3704,2020-10-22,1776.9339568138123
3705,2020-10-23,1782.9010009765623
3706,2020-10-26,1750.7073746681212
3707,2020-10-27,1745.689046573639
3708,2020-10-28,1685.4985419273376
3709,2020-10-29,1704.8954953193665
3710,2020-10-30,1684.815571308136
3711,2020-11-02,1705.2035804748537
3712,2020-11-03,1734.7584542274474
3713,2020-11-04,1772.108243370056
3714,2020-11-05,1806.0588532447816
3715,2020-11-06,1805.5062893867491
3716,2020-11-09,1825.0936393737793
3717,2020-11-10,1822.639572906494
3718,2020-11-11,1836.146196937561
3719,2020-11-12,1818.5475069999695
3720,2020-11-13,1842.7373642921448
3721,2020-11-16,1863.6245084762575
3722,2020-11-17,1854.9369021415712
3723,2020-11-18,1833.9889671325682
3724,2020-11-19,1841.0544326782226
3725,2020-11-20,1828.980570411682
3726,2020-11-23,1838.6552154541016
3727,2020-11-24,1867.2847098350526
3728,2020-11-25,1864.3968776702882
3729,2020-11-27,1868.625398159027
3730,2020-11-30,1860.188594532013
3731,2020-12-01,1880.846514892578
3732,2020-12-02,1884.2253558158875
3733,2020-12-03,1883.2703446388246
3734,2020-12-04,1899.3416759490967
3735,2020-12-07,1896.0664928436277
3736,2020-12-08,1901.2769640922547
3737,2020-12-09,1886.217679786682
3738,2020-12-10,1883.9207290649415
3739,2020-12-11,1881.6636569023133
3740,2020-12-14,1873.568643951416
3741,2020-12-15,1897.4022261619568
3742,2020-12-16,1900.767022705078
3743,2020-12-17,1911.6200066566466
3744,2020-12-18,1905.0434886932374
3745,2020-12-21,1897.7290024757385
3746,2020-12-22,1893.7909378051756
3747,2020-12-23,1895.2768241882322
3748,2020-12-24,1901.9047397613526
3749,2020-12-28,1917.987995624542
3750,2020-12-29,1913.900885105133
3751,2020-12-30,1916.562630558014
3752,2020-12-31,1928.6730128288268
3753,2021-01-04,1901.3127717971804
3754,2021-01-05,1914.4767959594726
3755,2021-01-06,1924.667003440857
3756,2021-01-07,1952.4244048118592
3757,2021-01-08,1962.2288571357726
3758,2021-01-11,1949.5994482994079
3759,2021-01-12,1950.554087638855
3760,2021-01-13,1954.8991013526916
3761,2021-01-14,1947.6914090156554
3762,2021-01-15,1933.8435798645019
3763,2021-01-19,1949.3656414031982
3764,2021-01-20,1976.1202929496767
3765,2021-01-21,1976.6731105804442
3766,2021-01-22,1970.711676311493
3767,2021-01-25,1977.7660320281982
3768,2021-01-26,1974.8450798988342
3769,2021-01-27,1925.3091053962705
3770,2021-01-28,1943.6024242401122
3771,2021-01-29,1906.9926499366761
3772,2021-02-01,1937.0206741333009
3773,2021-02-02,1962.9964285850524
3774,2021-02-03,1964.8729031562807
3775,2021-02-04,1985.2817808151244
3776,2021-02-05,1992.9600050926208
3777,2021-02-08,2007.5655145645142
3778,2021-02-09,2005.4602009773253
3779,2021-02-10,2004.8747991561888
3780,2021-02-11,2007.9347475051882
3781,2021-02-12,2017.0538041114808
3782,2021-02-16,2015.5618604660035
3783,2021-02-17,2014.8067131996154
3784,2021-02-18,2006.1042464256286
3785,2021-02-19,2002.4463134765626
3786,2021-02-22,1987.5285680770874
3787,2021-02-23,1989.9398214340208
3788,2021-02-24,2011.9704369544984
3789,2021-02-25,1963.3121425628663
3790,2021-02-26,1954.0317638397216
3791,2021-03-01,1999.3102219581604
3792,2021-03-02,1983.644859600067
3793,2021-03-03,1958.0775774002075
3794,2021-03-04,1932.2297831535338
3795,2021-03-05,1968.984876060486
3796,2021-03-08,1958.383114051819
3797,2021-03-09,1985.877940559387
3798,2021-03-10,1997.7056665420532
3799,2021-03-11,2017.9773882865904
3800,2021-03-12,2019.7935015678406
3801,2021-03-15,2032.6910903930664
3802,2021-03-16,2029.5741231918335
3803,2021-03-17,2035.3925176620482
3804,2021-03-18,2005.7761262893678
3805,2021-03-19,2004.7206256866457
3806,2021-03-22,2018.4976988792419
3807,2021-03-23,2003.3788886070251
3808,2021-03-24,1992.8209154129027
3809,2021-03-25,2002.9017611503602
3810,2021-03-26,2035.4420739173888
3811,2021-03-29,2033.4751349449157
3812,2021-03-30,2026.9308807373047
3813,2021-03-31,2034.3532416343692
3814,2021-04-01,2058.172780418396
3815,2021-04-05,2087.1026302337646
3816,2021-04-06,2085.360087585449
3817,2021-04-07,2088.2754183769225
3818,2021-04-08,2097.1434254646297
3819,2021-04-09,2112.7941857337955
3820,2021-04-12,2112.2832770347595
3821,2021-04-13,2119.302589225769
3822,2021-04-14,2110.777732086182
3823,2021-04-15,2134.050946521759
3824,2021-04-16,2141.5931076049806
3825,2021-04-19,2130.419588947296
3826,2021-04-20,2116.3641556739813
3827,2021-04-21,2135.7922760009765
3828,2021-04-22,2116.4839388847354
3829,2021-04-23,2139.022147941589
3830,2021-04-26,2142.775266647339
3831,2021-04-27,2142.221878051758
3832,2021-04-28,2140.5196086883548
3833,2021-04-29,2154.590369415283
3834,2021-04-30,2139.4028488159183
3835,2021-05-03,2145.400518608093
3836,2021-05-04,2131.3402303695675
3837,2021-05-05,2132.9044942855835
3838,2021-05-06,2150.21208114624
3839,2021-05-07,2165.8632225036617
3840,2021-05-10,2143.7703189849854
3841,2021-05-11,2125.5592630386354
3842,2021-05-12,2080.749221420288
3843,2021-05-13,2105.572122955322
3844,2021-05-14,2136.4863483428953
3845,2021-05-17,2131.401198577881
3846,2021-05-18,2113.659595489502
3847,2021-05-19,2107.5195930480954
3848,2021-05-20,2129.4069984436037
3849,2021-05-21,2127.813572883606
3850,2021-05-24,2148.4915060043336
3851,2021-05-25,2144.2612068176268
3852,2021-05-26,2148.1523488998414
3853,2021-05-27,2150.5927434921264
3854,2021-05-28,2152.269337081909
3855,2021-06-01,2151.201877593994
3856,2021-06-02,2154.378174591064
3857,2021-06-03,2146.3062917709353
3858,2021-06-04,2165.1603609085087
3859,2021-06-07,2163.5275192260747
3860,2021-06-08,2163.91585597992
3861,2021-06-09,2160.080520439148
3862,2021-06-10,2170.0424287796022
3863,2021-06-11,2173.9535022735595
3864,2021-06-14,2177.617737579346
3865,2021-06-15,2173.2779228210447
3866,2021-06-16,2161.429895019531
3867,2021-06-17,2160.036298751831
3868,2021-06-18,2132.339757728577
3869,2021-06-21,2161.6518301010133
3870,2021-06-22,2172.441699409485
3871,2021-06-23,2170.1253351211544
3872,2021-06-24,2182.4575649261474
3873,2021-06-25,2189.5486162185666
3874,2021-06-28,2194.590135383606
3875,2021-06-29,2195.0343006134035
3876,2021-06-30,2198.002063941956
3877,2021-07-01,2209.2681201934815
3878,2021-07-02,2225.660460281372
3879,2021-07-06,2221.395340156555
3880,2021-07-07,2228.7873373031616
3881,2021-07-08,2210.1706398010256
3882,2021-07-09,2234.509278106689
3883,2021-07-12,2242.012205123902
3884,2021-07-13,2234.271430778503
3885,2021-07-14,2237.0860954284667
3886,2021-07-15,2230.0122785568237
3887,2021-07-16,2213.384597587585
3888,2021-07-19,2179.1652442932127
3889,2021-07-20,2211.422867012024
3890,2021-07-21,2229.105950164795
3891,2021-07-22,2233.620037460327
3892,2021-07-23,2255.709553146363
3893,2021-07-26,2260.910150909424
3894,2021-07-27,2250.5809020996094
3895,2021-07-28,2250.293662452698
3896,2021-07-29,2259.716044235229
3897,2021-07-30,2247.6690967559816
3898,2021-08-02,2243.6458892822266
3899,2021-08-03,2261.631436920166
3900,2021-08-04,2251.35998249054
3901,2021-08-05,2264.4681520462036
3902,2021-08-06,2267.601751708984
3903,2021-08-09,2265.14397945404
3904,2021-08-10,2267.339129829407
3905,2021-08-11,2270.4371103286744
3906,2021-08-12,2279.6474731445314
3907,2021-08-13,2283.570597457886
3908,2021-08-16,2289.5202238082884
3909,2021-08-17,2273.6371719360354
3910,2021-08-18,2249.72804775238
3911,2021-08-19,2252.4743898391725
3912,2021-08-20,2270.382466697693
3913,2021-08-23,2289.5738609313967
3914,2021-08-24,2292.905270957947
3915,2021-08-25,2297.724327850342
3916,2021-08-26,2284.63755531311
3917,2021-08-27,2304.68233795166
3918,2021-08-30,2314.349582099914
3919,2021-08-31,2311.2748016357423
3920,2021-09-01,2311.982514953613
3921,2021-09-02,2318.419821739197
3922,2021-09-03,2317.7887042999273
3923,2021-09-07,2309.6501533508304
3924,2021-09-08,2306.691980171204
3925,2021-09-09,2296.458111572266
3926,2021-09-10,2278.983738899231
3927,2021-09-13,2284.168619346619
3928,2021-09-14,2271.5057155609134
3929,2021-09-15,2290.2310472488402
3930,2021-09-16,2286.3094444274902
3931,2021-09-17,2265.8622089385985
3932,2021-09-20,2228.387698364258
3933,2021-09-21,2226.7429578781125
3934,2021-09-22,2247.43662815094
3935,2021-09-23,2273.788884162903
3936,2021-09-24,2276.9720643997193
3937,2021-09-27,2270.8021595001223
3938,2021-09-28,2225.2593851089478
3939,2021-09-29,2228.6247816085815
3940,2021-09-30,2202.9611291885376
3941,2021-10-01,2227.866907119751
3942,2021-10-04,2199.661947631836
3943,2021-10-05,2222.165564918518
3944,2021-10-06,2231.1063772201537
3945,2021-10-07,2249.061351966858
3946,2021-10-08,2244.797184371948
3947,2021-10-11,2229.655236053467
3948,2021-10-12,2224.5726074218755
3949,2021-10-13,2231.5215467453004
3950,2021-10-14,2268.8717073440553
3951,2021-10-15,2285.100486946106
3952,2021-10-18,2292.5711162567136
3953,2021-10-19,2309.124475097656
3954,2021-10-20,2317.5494884490968
3955,2021-10-21,2324.2349290847783
3956,2021-10-22,2321.965383911133
3957,2021-10-25,2332.9110174179077
3958,2021-10-26,2337.000441360474
3959,2021-10-27,2325.5561203002926
3960,2021-10-28,2347.90760307312
3961,2021-10-29,2352.2265754699706
3962,2021-11-01,2356.454062843323
3963,2021-11-02,2364.9756433486937
3964,2021-11-03,2379.6849422454834
3965,2021-11-04,2389.70912437439
3966,2021-11-05,2398.8107542037965
3967,2021-11-08,2400.9118684768678
3968,2021-11-09,2392.8725915908813
3969,2021-11-10,2373.5533617019655
3970,2021-11-11,2374.8871015548707
3971,2021-11-12,2391.7020385742185
3972,2021-11-15,2391.537208557129
3973,2021-11-16,2400.4477518081667
3974,2021-11-17,2394.54667930603
3975,2021-11-18,2402.4590696334835
3976,2021-11-19,2399.064942932129
3977,2021-11-22,2391.032697868347
3978,2021-11-23,2394.6793239593503
3979,2021-11-24,2400.1063121795655
3980,2021-11-26,2346.7642023086546
3981,2021-11-29,2377.082370948792
3982,2021-11-30,2332.837277030945
3983,2021-12-01,2305.913964653015
3984,2021-12-02,2337.8618665695194
3985,2021-12-03,2318.79227104187
3986,2021-12-06,2345.2934106826783
3987,2021-12-07,2392.8706846237183
3988,2021-12-08,2400.0527120590214
3989,2021-12-09,2383.04565372467
3990,2021-12-10,2405.4293752670283
3991,2021-12-13,2384.0457992553706
3992,2021-12-14,2366.3738508224487
3993,2021-12-15,2404.3096067428587
3994,2021-12-16,2383.9738552093504
3995,2021-12-17,2359.9393297195434
3996,2021-12-20,2333.4995998382565
3997,2021-12-21,2374.1109649658206
3998,2021-12-22,2397.9816888809205
3999,2021-12-23,2412.6066247940066
4000,2021-12-27,2445.3862268447874
4001,2021-12-28,2442.8761510849
4002,2021-12-29,2446.1429639816283
4003,2021-12-30,2439.1577077865604
4004,2021-12-31,2432.978958129883
4005,2022-01-03,2447.70166015625
4006,2022-01-04,2446.3354267120358
4007,2022-01-05,2399.7014675140376
4008,2022-01-06,2397.212994766235
4009,2022-01-07,2387.6931327819825
4010,2022-01-10,2384.3390533447264
4011,2022-01-11,2406.025751876831
4012,2022-01-12,2412.726179885864
4013,2022-01-13,2379.041545295715
4014,2022-01-14,2380.7571138381963
4015,2022-01-18,2337.6899593353273
4016,2022-01-19,2315.859758758545
4017,2022-01-20,2290.8109273910522
4018,2022-01-21,2248.480993270874
4019,2022-01-24,2254.6302215576175
4020,2022-01-25,2227.8335433959965
4021,2022-01-26,2224.128258895874
4022,2022-01-27,2212.3092447280887
4023,2022-01-28,2264.9528963088987
4024,2022-01-31,2306.906234359741
4025,2022-02-01,2322.412865066528
4026,2022-02-02,2343.9344514846803
4027,2022-02-03,2287.8228155136107
4028,2022-02-04,2299.2199087142944
4029,2022-02-07,2291.046712684631
4030,2022-02-08,2309.8233959198
4031,2022-02-09,2342.741148376465
4032,2022-02-10,2300.838413619995
4033,2022-02-11,2258.669474220276
4034,2022-02-14,2250.1144279479977
4035,2022-02-15,2284.5653324127193
4036,2022-02-16,2286.7513038635257
4037,2022-02-17,2239.694815826416
4038,2022-02-18,2224.057531738281
4039,2022-02-22,2202.0364614486693
4040,2022-02-23,2162.3733497619633
4041,2022-02-24,2193.921730804443
4042,2022-02-25,2241.835065460205
4043,2022-02-28,2236.9135129928586
4044,2022-03-01,2203.652594184876
4045,2022-03-02,2243.315012550354
4046,2022-03-03,2232.022883796692
4047,2022-03-04,2215.218479728698
4048,2022-03-07,2151.480421066284
4049,2022-03-08,2136.7318391799927
4050,2022-03-09,2189.489595985413
4051,2022-03-10,2180.1739309310915
4052,2022-03-11,2152.4720962524416
4053,2022-03-14,2136.239183807373
4054,2022-03-15,2180.5778463363645
4055,2022-03-16,2228.397533416748
4056,2022-03-17,2255.544730567932
4057,2022-03-18,2281.186869239807
4058,2022-03-21,2280.152073478699
4059,2022-03-22,2305.1516826629636
4060,2022-03-23,2277.890845680237
4061,2022-03-24,2309.8932823181153
4062,2022-03-25,2321.055138397217
4063,2022-03-28,2336.9176580429075
4064,2022-03-29,2365.110629081726
4065,2022-03-30,2350.8007961273192
4066,2022-03-31,2314.7300971984864
4067,2022-04-01,2322.3035257339475
4068,2022-04-04,2340.850130271912
4069,2022-04-05,2311.663285255432
4070,2022-04-06,2289.6277797698976
4071,2022-04-07,2299.1712833404536
4072,2022-04-08,2293.204580497742
4073,2022-04-11,2255.2772653579714
4074,2022-04-12,2248.038382720947
4075,2022-04-13,2272.807336616516
4076,2022-04-14,2245.5338020324707
4077,2022-04-18,2245.0825069427488
4078,2022-04-19,2279.826326560974
4079,2022-04-20,2278.698789215088
4080,2022-04-21,2245.579977798462
4081,2022-04-22,2184.387892150879
4082,2022-04-25,2196.403939437866
4083,2022-04-26,2136.0913837432863
4084,2022-04-27,2140.240000534058
4085,2022-04-28,2192.114818572998
4086,2022-04-29,2114.140208053589
4087,2022-05-02,2125.422376823425
4088,2022-05-03,2135.5460744857787
4089,2022-05-04,2198.3194049835206
4090,2022-05-05,2121.3108192443847
4091,2022-05-06,2109.4601011276245
4092,2022-05-09,2043.177419090271
4093,2022-05-10,2048.0066104888915
4094,2022-05-11,2015.3745569229127
4095,2022-05-12,2012.6231384277341
4096,2022-05-13,2059.3042181015016
4097,2022-05-16,2051.629375267029
4098,2022-05-17,2091.7618028640745
4099,2022-05-18,2009.2426771163941
4100,2022-05-19,1998.1491300582888
4101,2022-05-20,1998.5343217849731
4102,2022-05-23,2034.7354181289675
4103,2022-05-24,2018.9440744400026
4104,2022-05-25,2037.5993440628051
4105,2022-05-26,2077.1284622192384
4106,2022-05-27,2127.4144769668583
4107,2022-05-31,2114.0003129959105
4108,2022-06-01,2098.5460929870605
4109,2022-06-02,2136.64790019989
4110,2022-06-03,2102.3097417831423
4111,2022-06-06,2108.5183612823485
4112,2022-06-07,2128.379911994934
4113,2022-06-08,2105.818356513977
4114,2022-06-09,2056.762816619873
4115,2022-06-10,1998.271001434326
4116,2022-06-13,1921.7107336044312
4117,2022-06-14,1914.308896636963
4118,2022-06-15,1942.0862586975097
4119,2022-06-16,1880.7455423355102
4120,2022-06-17,1884.5405008316038
4121,2022-06-21,1929.3358917236328
4122,2022-06-22,1927.1402002334596
4123,2022-06-23,1945.0133348464967
4124,2022-06-24,2002.9810176849364
4125,2022-06-27,1997.0187078475951
4126,2022-06-28,1957.7512935638426
4127,2022-06-29,1956.4936239242554
4128,2022-06-30,1939.7147609710694
4129,2022-07-01,1959.9191318511962
4130,2022-07-05,1962.4821508407592
4131,2022-07-06,1968.8440824508666
4132,2022-07-07,1997.6518865585329
4133,2022-07-08,1995.9752243041992
4134,2022-07-11,1973.537405204773
4135,2022-07-12,1955.5946542739866
4136,2022-07-13,1947.2755193710327
4137,2022-07-14,1941.2292139053343
4138,2022-07-15,1977.7255064010621
4139,2022-07-18,1961.5375448226928
4140,2022-07-19,2014.4661333084107
4141,2022-07-20,2025.9001554489137
4142,2022-07-21,2045.8421802520752
4143,2022-07-22,2027.4141613006593
4144,2022-07-25,2029.9117132186889
4145,2022-07-26,2006.9967088699339
4146,2022-07-27,2058.5904525756837
4147,2022-07-28,2083.4017330169677
4148,2022-07-29,2112.3913091659547
4149,2022-08-01,2106.7053003311157
4150,2022-08-02,2092.582172012329
4151,2022-08-03,2124.7185455322265
4152,2022-08-04,2123.4198255538945
4153,2022-08-05,2119.530591583252
4154,2022-08-08,2117.261539840698
4155,2022-08-09,2108.47341632843
4156,2022-08-10,2152.419218826294
4157,2022-08-11,2150.7842401504518
4158,2022-08-12,2187.4907514572146
4159,2022-08-15,2195.7767456054685
4160,2022-08-16,2199.710549163818
4161,2022-08-17,2183.8651651382443
4162,2022-08-18,2188.7676750183105
4163,2022-08-19,2160.819171714783
4164,2022-08-22,2115.366307640076
4165,2022-08-23,2110.87688369751
4166,2022-08-24,2116.896038818359
4167,2022-08-25,2146.2405029296874
4168,2022-08-26,2075.269183921814
4169,2022-08-29,2061.6549673080444
4170,2022-08-30,2039.2630605697632
4171,2022-08-31,2023.3615367889406
4172,2022-09-01,2028.9773014068603
4173,2022-09-02,2007.916244316101
4174,2022-09-06,1999.5163852691649
4175,2022-09-07,2035.65313167572
4176,2022-09-08,2048.6330959320067
4177,2022-09-09,2079.367391395569
4178,2022-09-12,2100.963673782349
4179,2022-09-13,2011.7289724349976
4180,2022-09-14,2018.3736240386963
4181,2022-09-15,1995.598775291443
4182,2022-09-16,1981.6474241256715
4183,2022-09-19,1994.9053037643432
4184,2022-09-20,1972.7127023696899
4185,2022-09-21,1939.8564086914062
4186,2022-09-22,1923.595171356201
4187,2022-09-23,1890.7881645202635
4188,2022-09-26,1871.121304321289
4189,2022-09-27,1867.1871183395385
4190,2022-09-28,1903.8596994400025
4191,2022-09-29,1864.4180158615113
4192,2022-09-30,1836.9038934707642
4193,2022-10-03,1883.948483467102
4194,2022-10-04,1940.556449317932
4195,2022-10-05,1936.5425050735473
4196,2022-10-06,1917.0542285919191
4197,2022-10-07,1864.3329990386965
4198,2022-10-10,1850.313472747803
4199,2022-10-11,1838.4898130416868
4200,2022-10-12,1832.6898275375365
4201,2022-10-13,1878.9706130981447
4202,2022-10-14,1835.1686061859132
4203,2022-10-17,1882.7022272109984
4204,2022-10-18,1903.7700265884398
4205,2022-10-19,1890.9272417068482
4206,2022-10-20,1876.0581085205079
4207,2022-10-21,1919.854351615906
4208,2022-10-24,1942.0698877334594
4209,2022-10-25,1973.2558780670167
4210,2022-10-26,1959.2568223953247
4211,2022-10-27,1947.7186035156249
4212,2022-10-28,1994.3475267410279
4213,2022-10-31,1979.5781648635864
4214,2022-11-01,1971.875981903076
4215,2022-11-02,1923.5404201507567
4216,2022-11-03,1903.4839763641357
4217,2022-11-04,1929.355546951294
4218,2022-11-07,1947.3150421142577
4219,2022-11-08,1958.4117130279542
4220,2022-11-09,1918.538095664978
4221,2022-11-10,2023.502194404602
4222,2022-11-11,2041.9148513793948
4223,2022-11-14,2024.0012702941895
4224,2022-11-15,2041.5222396850586
4225,2022-11-16,2025.1538223266602
4226,2022-11-17,2018.7669729232787
4227,2022-11-18,2027.9891439437868
4228,2022-11-21,2020.173415184021
4229,2022-11-22,2047.1739004135131
4230,2022-11-23,2059.243498039246
4231,2022-11-25,2058.6732849121095
4232,2022-11-28,2027.3965419769288
4233,2022-11-29,2024.2536653518675
4234,2022-11-30,2085.9619453430178
4235,2022-12-01,2084.709016036987
4236,2022-12-02,2082.305118179321
4237,2022-12-05,2045.313904953003
4238,2022-12-06,2016.6140293121339
4239,2022-12-07,2013.3256797790527
4240,2022-12-08,2028.0481103897093
4241,2022-12-09,2013.381504058838
4242,2022-12-12,2041.362508583069
4243,2022-12-13,2056.409018707275
4244,2022-12-14,2044.2810745239258
4245,2022-12-15,1994.2345375061036
4246,2022-12-16,1972.5836055755615
4247,2022-12-19,1955.0132684707642
4248,2022-12-20,1957.09352684021
4249,2022-12-21,1985.578363800049
4250,2022-12-22,1957.3129680633544
4251,2022-12-23,1968.5235816955565
4252,2022-12-27,1960.702565956116
4253,2022-12-28,1937.5390663146973
4254,2022-12-29,1970.7602148056033
4255,2022-12-30,1965.8415391922
4256,2023-01-03,1958.408166694641
4257,2023-01-04,1973.095050048828
4258,2023-01-05,1950.4120727539064
4259,2023-01-06,1994.5295600891116
4260,2023-01-09,1993.1682245254517
4261,2023-01-10,2006.7068056106566
4262,2023-01-11,2032.0829292297362
4263,2023-01-12,2039.2825986862183
4264,2023-01-13,2047.3737880706785
4265,2023-01-17,2043.162197303772
4266,2023-01-18,2012.306388092041
4267,2023-01-19,1997.5412174224853
4268,2023-01-20,2034.2610883712769
4269,2023-01-23,2057.8311725616454
4270,2023-01-24,2056.5754718780518
4271,2023-01-25,2056.320422744751
4272,2023-01-26,2078.224216079712
4273,2023-01-27,2083.19734210968
4274,2023-01-30,2056.652490234375
4275,2023-01-31,2086.2842334747315
4276,2023-02-01,2107.968623161316
4277,2023-02-02,2137.8808139801026
4278,2023-02-03,2115.472074317932
4279,2023-02-06,2102.6615617752077
4280,2023-02-07,2129.130978012085
4281,2023-02-08,2106.147356033325
4282,2023-02-09,2087.703812599182
4283,2023-02-10,2092.128015708923
4284,2023-02-13,2115.5339323043822
4285,2023-02-14,2114.876795768738
4286,2023-02-15,2120.363553237915
4287,2023-02-16,2091.6341480255123
4288,2023-02-17,2086.0728929519655
4289,2023-02-21,2044.8808504104613
4290,2023-02-22,2041.6840530395507
4291,2023-02-23,2052.4236528396605
4292,2023-02-24,2030.9987253189086
4293,2023-02-27,2037.219330596924
4294,2023-02-28,2031.254842567444
4295,2023-03-01,2021.854987716675
4296,2023-03-02,2036.761212539673
4297,2023-03-03,2069.335285949707
4298,2023-03-06,2070.5605573654175
4299,2023-03-07,2039.1541849136352
4300,2023-03-08,2041.9265037536622
4301,2023-03-09,2005.3188262939452
4302,2023-03-10,1977.658348274231
4303,2023-03-13,1975.346099090576
4304,2023-03-14,2006.8193454742432
4305,2023-03-15,1993.5015253067015
4306,2023-03-16,2027.6102258682251
4307,2023-03-17,2006.4765993118285
4308,2023-03-20,2023.845359992981
4309,2023-03-21,2049.072028541565
4310,2023-03-22,2016.6991121292117
4311,2023-03-23,2022.8655672073364
4312,2023-03-24,2033.848907661438
4313,2023-03-27,2036.6868705749512
4314,2023-03-28,2033.6740119934084
4315,2023-03-29,2061.872911834717
4316,2023-03-30,2073.5939575195316
4317,2023-03-31,2102.8916048049923
4318,2023-04-03,2110.7794384002686
4319,2023-04-04,2099.2692600250243
4320,2023-04-05,2094.2472852706906
4321,2023-04-06,2101.4018774032593
4322,2023-04-10,2103.116025352478
4323,2023-04-11,2103.176588249207
4324,2023-04-12,2094.8233169555665
4325,2023-04-13,2122.2002723693845
4326,2023-04-14,2117.44006023407
4327,2023-04-17,2124.0481620788573
4328,2023-04-18,2125.938946533203
4329,2023-04-19,2125.6022243499756
4330,2023-04-20,2113.4169452667234
4331,2023-04-21,2115.0459230422975
4332,2023-04-24,2116.9880771636967
4333,2023-04-25,2084.5194520950317
4334,2023-04-26,2076.4625570297244
4335,2023-04-27,2116.045747184753
4336,2023-04-28,2133.2780838012695
4337,2023-05-01,2132.086103630066
4338,2023-05-02,2108.5169855117797
4339,2023-05-03,2094.357942199707
4340,2023-05-04,2079.700464630127
4341,2023-05-05,2116.873997116089
4342,2023-05-08,2117.6879734039308
4343,2023-05-09,2108.3270053863525
4344,2023-05-10,2117.708018112183
4345,2023-05-11,2114.083844184875
4346,2023-05-12,2110.6086954116818
4347,2023-05-15,2116.702056503296
4348,2023-05-16,2103.191076087952
4349,2023-05-17,2127.5445568084715
4350,2023-05-18,2146.797609901428
4351,2023-05-19,2143.878372955322
4352,2023-05-22,2144.136925506592
4353,2023-05-23,2120.6729753494265
4354,2023-05-24,2105.2859460830687
4355,2023-05-25,2122.997317314148
4356,2023-05-26,2150.209498023987
4357,2023-05-30,2150.4905004501343
4358,2023-05-31,2137.7489307403566
4359,2023-06-01,2158.604156303406
4360,2023-06-02,2188.8884317398074
4361,2023-06-05,2184.6991546630857
4362,2023-06-06,2189.7855920791626
4363,2023-06-07,2181.26367893219
4364,2023-06-08,2194.8563941955567
4365,2023-06-09,2197.1949928283693
4366,2023-06-12,2217.2338333129887
4367,2023-06-13,2232.0375984191896
4368,2023-06-14,2233.8674379348754
4369,2023-06-15,2260.853818130493
4370,2023-06-16,2252.6400106430056
4371,2023-06-20,2242.0436109542848
4372,2023-06-21,2230.583300971985
4373,2023-06-22,2238.322373771668
4374,2023-06-23,2221.6501512527466
4375,2023-06-26,2211.962439346313
4376,2023-06-27,2236.5887741088864
4377,2023-06-28,2235.8477272033692
4378,2023-06-29,2245.406261444092
4379,2023-06-30,2272.576001930237
4380,2023-07-03,2275.168602180481
4381,2023-07-05,2270.609388923645
4382,2023-07-06,2252.7595027923585
4383,2023-07-07,2246.5955036163327
4384,2023-07-10,2251.9798343658445
4385,2023-07-11,2266.995377922058
4386,2023-07-12,2283.9263792037964
4387,2023-07-13,2303.080916595459
4388,2023-07-14,2300.566054534912
4389,2023-07-17,2309.277896118164
4390,2023-07-18,2325.631434822082
4391,2023-07-19,2331.1007745742795
4392,2023-07-20,2315.445478248596
4393,2023-07-21,2316.1558126449586
4394,2023-07-24,2325.216188812256
4395,2023-07-25,2331.70427570343
4396,2023-07-26,2331.5175270080567
4397,2023-07-27,2316.317687797546
4398,2023-07-28,2338.992152404785
4399,2023-07-31,2342.4489748001097
4400,2023-08-01,2335.9511365890503
4401,2023-08-02,2304.0968082427976
4402,2023-08-03,2298.1781217575076
4403,2023-08-04,2286.539586639404
4404,2023-08-07,2306.710213470459
4405,2023-08-08,2297.12839641571
4406,2023-08-09,2281.243583869934
4407,2023-08-10,2281.5950277328493
4408,2023-08-11,2279.1165807723996
4409,2023-08-14,2291.867169761658
4410,2023-08-15,2265.7903509140015
4411,2023-08-16,2248.8494791030885
4412,2023-08-17,2231.814567947388
4413,2023-08-18,2231.567281723022
4414,2023-08-21,2246.5043790817263
4415,2023-08-22,2240.452405166626
4416,2023-08-23,2265.1228107452393
4417,2023-08-24,2235.2086559295653
4418,2023-08-25,2249.8903829574583
4419,2023-08-28,2263.7971031188968
4420,2023-08-29,2296.3141838073734
4421,2023-08-30,2304.9707283020016
4422,2023-08-31,2301.3843193054195
4423,2023-09-01,2305.332953071594
4424,2023-09-05,2295.579646682739
4425,2023-09-06,2279.803552627563
4426,2023-09-07,2272.7330265045166
4427,2023-09-08,2275.932753372192
4428,2023-09-11,2290.9330501556396
4429,2023-09-12,2278.0776586532593
4430,2023-09-13,2280.8535474777223
4431,2023-09-14,2299.674822998047
4432,2023-09-15,2272.3339853286743
4433,2023-09-18,2274.0826919555666
4434,2023-09-19,2269.198449897766
4435,2023-09-20,2248.3032918930053
4436,2023-09-21,2211.881963920593
4437,2023-09-22,2207.0840276718136
4438,2023-09-25,2215.4588115692136
4439,2023-09-26,2183.3250532150264
4440,2023-09-27,2183.5162984848025
4441,2023-09-28,2196.101057243347
4442,2023-09-29,2190.047953987121
4443,2023-10-02,2189.8355791091917
4444,2023-10-03,2160.0994537353517
4445,2023-10-04,2177.3694177627563
4446,2023-10-05,2174.562747383118
4447,2023-10-06,2199.7107400894165
4448,2023-10-09,2213.920550537109
4449,2023-10-10,2225.1506139755247
4450,2023-10-11,2234.7409702301024
4451,2023-10-12,2220.7869922637938
4452,2023-10-13,2210.600394630432
4453,2023-10-16,2233.2836153030394
4454,2023-10-17,2232.9179307937625
4455,2023-10-18,2203.7737308502196
4456,2023-10-19,2185.6198644638057
4457,2023-10-20,2158.8264225006105
4458,2023-10-23,2155.2920734405516
4459,2023-10-24,2170.679380226135
4460,2023-10-25,2140.1217332839965
4461,2023-10-26,2115.5376962661744
4462,2023-10-27,2105.843101119995
4463,2023-10-30,2130.364322853088
4464,2023-10-31,2143.7281394958495
4465,2023-11-01,2165.9933187484744
4466,2023-11-02,2206.1972383499146
4467,2023-11-03,2226.6947771072387
4468,2023-11-06,2230.246090888977
4469,2023-11-07,2236.464430046082
4470,2023-11-08,2238.5490550994873
4471,2023-11-09,2220.6758714675902
4472,2023-11-10,2254.496432876587
4473,2023-11-13,2252.780040740967
4474,2023-11-14,2295.348555755615
4475,2023-11-15,2298.707952690125
4476,2023-11-16,2301.6886903762816
4477,2023-11-17,2304.6614414215087
4478,2023-11-20,2321.3812231063844
4479,2023-11-21,2317.0253875732424
4480,2023-11-22,2326.168098068237
4481,2023-11-24,2327.48421535492
4482,2023-11-27,2323.293641281128
4483,2023-11-28,2325.9184337615966
4484,2023-11-29,2323.9405912399293
4485,2023-11-30,2332.34325428009
4486,2023-12-01,2346.3153060913082
4487,2023-12-04,2333.355144500733
4488,2023-12-05,2332.148064994812
4489,2023-12-06,2323.316697311401
4490,2023-12-07,2341.484881019592
4491,2023-12-08,2350.493167495728
4492,2023-12-11,2359.318694496155
4493,2023-12-12,2369.9899505615235
4494,2023-12-13,2402.4706270217894
4495,2023-12-14,2409.0717624664308
4496,2023-12-15,2408.656592178345
4497,2023-12-18,2419.3844793319704
4498,2023-12-19,2433.4680112838746
4499,2023-12-20,2398.4333917617796
4500,2023-12-21,2422.767282485962
4501,2023-12-22,2426.7501977920533
4502,2023-12-26,2437.033409690857
4503,2023-12-27,2440.7063482284548
4504,2023-12-28,2441.398324012757
4505,2023-12-29,2434.5425191879267
4506,2024-01-02,2420.8458560943604
4507,2024-01-03,2401.717741775513
4508,2024-01-04,2393.5458810806276
4509,2024-01-05,2397.773494148254
4510,2024-01-08,2430.850964355469
4511,2024-01-09,2427.3464069366455
4512,2024-01-10,2440.7098627090454
4513,2024-01-11,2439.3174140930178
4514,2024-01-12,2441.3554666519167
4515,2024-01-16,2432.020502471924
4516,2024-01-17,2418.348332214355
4517,2024-01-18,2439.353842926025
4518,2024-01-19,2468.846830749512
4519,2024-01-22,2474.145971298218
4520,2024-01-23,2481.246608734131
4521,2024-01-24,2483.0214992523192
4522,2024-01-25,2496.0428043365478
4523,2024-01-26,2494.412827682495
4524,2024-01-29,2513.1184453964233
4525,2024-01-30,2511.733102607727
4526,2024-01-31,2472.1650094985966
4527,2024-02-01,2502.7670846939086
4528,2024-02-02,2528.511979675293
4529,2024-02-05,2520.2840091705325
4530,2024-02-06,2526.246021270752
4531,2024-02-07,2546.6081130981443
4532,2024-02-08,2547.9414051055905
4533,2024-02-09,2562.215342140198
4534,2024-02-12,2559.7880260467527
4535,2024-02-13,2524.9242588043217
4536,2024-02-14,2548.741907119751
4537,2024-02-15,2563.4916412353514
4538,2024-02-16,2551.395280838013
4539,2024-02-20,2536.4927055358885
4540,2024-02-21,2539.5639873504642
4541,2024-02-22,2592.2156488418577
4542,2024-02-23,2593.2796615600582
4543,2024-02-26,2583.5613327026367
4544,2024-02-27,2587.845335960388
4545,2024-02-28,2583.715147590637
4546,2024-02-29,2597.1103769302367
4547,2024-03-01,2618.018065261841
4548,2024-03-04,2615.2026439666747
4549,2024-03-05,2589.3070125579834
4550,2024-03-06,2602.5842351913448
4551,2024-03-07,2629.0634670257573
4552,2024-03-08,2612.416781997681
4553,2024-03-11,2609.565134620666
4554,2024-03-12,2637.9314706802365
4555,2024-03-13,2633.0690784454346
4556,2024-03-14,2625.3981067657473
4557,2024-03-15,2608.6437536239623
4558,2024-03-18,2624.831929588318
4559,2024-03-19,2639.4220272064213
4560,2024-03-20,2662.767117881775
4561,2024-03-21,2671.218262481689
4562,2024-03-22,2667.4555513381956
4563,2024-03-25,2659.49063167572
4564,2024-03-26,2652.2624073028564
4565,2024-03-27,2674.9537605285645
4566,2024-03-28,2678.136757469177
4567,2024-04-01,2672.862055969238
4568,2024-04-02,2654.1887910842893
4569,2024-04-03,2657.2577913284304
4570,2024-04-04,2625.0677947998047
4571,2024-04-05,2653.8674640655518
4572,2024-04-08,2652.9996622085573
4573,2024-04-09,2656.9616603851314
4574,2024-04-10,2631.796943664551
4575,2024-04-11,2651.427882194519
4576,2024-04-12,2613.366780471802
4577,2024-04-15,2582.8129093170164
4578,2024-04-16,2577.5532823562626
4579,2024-04-17,2562.8821689605716
4580,2024-04-18,2557.3332971572872
4581,2024-04-19,2535.4965587615966
4582,2024-04-22,2556.6529514312747
4583,2024-04-23,2586.6420734405515
4584,2024-04-24,2587.0670413970947
4585,2024-04-25,2575.524410438538
4586,2024-04-26,2601.426991271973
4587,2024-04-29,2609.5698503494264
4588,2024-04-30,2568.757713699341
4589,2024-05-01,2560.364607810974
4590,2024-05-02,2583.335838317871
4591,2024-05-03,2615.258597564697
4592,2024-05-06,2642.0026622772216
4593,2024-05-07,2645.439702606201
4594,2024-05-08,2645.2922159194945
4595,2024-05-09,2658.8950019836425
4596,2024-05-10,2663.3092948913577
4597,2024-05-13,2662.4628946304324
4598,2024-05-14,2675.341876411438
4599,2024-05-15,2706.54979057312
4600,2024-05-16,2700.912707710266
4601,2024-05-17,2704.2936166763307
4602,2024-05-20,2706.807409286499
4603,2024-05-21,2713.4572124481197
4604,2024-05-22,2705.7779666900637
4605,2024-05-23,2685.6643754959105
4606,2024-05-24,2704.1716217041017
4607,2024-05-28,2704.968009376526
4608,2024-05-29,2685.089137077331
4609,2024-05-30,2669.495995140075
4610,2024-05-31,2690.46328086853
4611,2024-06-03,2693.7382019042966
4612,2024-06-04,2697.593078804016
4613,2024-06-05,2729.2878507614137
4614,2024-06-06,2728.9511392593386
4615,2024-06-07,2724.901955986023
4616,2024-06-10,2732.0039278030395
4617,2024-06-11,2739.4229015350343
4618,2024-06-12,2762.476189994812
4619,2024-06-13,2768.800753211975
4620,2024-06-14,2768.0272062301638
4621,2024-06-17,2788.6360046386717
4622,2024-06-18,2795.7416820526123
4623,2024-06-20,2789.036083984375
4624,2024-06-21,2784.408050918579
4625,2024-06-24,2776.1593383789063
4626,2024-06-25,2786.7433919906616
4627,2024-06-26,2790.721336936951
4628,2024-06-27,2793.505347633362
4629,2024-06-28,2782.1632585525513
4630,2024-07-01,2789.4013345718386
4631,2024-07-02,2806.4564529418944
4632,2024-07-03,2820.868542289734
4633,2024-07-05,2836.3989276885986
4634,2024-07-08,2838.9333786010743
4635,2024-07-09,2840.9938844680787
4636,2024-07-10,2869.568134498596
4637,2024-07-11,2845.4254659652706
4638,2024-07-12,2860.8866846084593
4639,2024-07-15,2868.778460121155
4640,2024-07-16,2887.325389480591
4641,2024-07-17,2847.774711227417
4642,2024-07-18,2825.6947566986087
4643,2024-07-19,2805.4070888519286
4644,2024-07-22,2835.1131998062133
4645,2024-07-23,2830.833384895325
4646,2024-07-24,2766.3617834091187
4647,2024-07-25,2752.1434244155885
4648,2024-07-26,2782.393590164185
4649,2024-07-29,2784.619723129272
4650,2024-07-30,2771.3121906280517
4651,2024-07-31,2814.848078536987
4652,2024-08-01,2777.05572013855
4653,2024-08-02,2727.2384006500242
4654,2024-08-05,2646.8102169036865
4655,2024-08-06,2673.28948764801
4656,2024-08-07,2652.940835571289
4657,2024-08-08,2713.1669784545898
4658,2024-08-09,2725.7617404937746
4659,2024-08-12,2726.340884971619
4660,2024-08-13,2771.4229610443117
4661,2024-08-14,2781.666210556031
4662,2024-08-15,2825.636575889587
4663,2024-08-16,2831.7163806915282
4664,2024-08-19,2858.699162483216
4665,2024-08-20,2853.2984241485597
4666,2024-08-21,2865.17754535675
4667,2024-08-22,2839.672743988037
4668,2024-08-23,2872.094177436829
4669,2024-08-26,2863.2786725997926
4670,2024-08-27,2867.8199886322022
4671,2024-08-28,2850.794219017029
4672,2024-08-29,2850.7898225784297
4673,2024-08-30,2878.7498617172237
4674,2024-09-03,2818.9970443725583
4675,2024-09-04,2814.69477558136
4676,2024-09-05,2806.6379713058473
4677,2024-09-06,2758.9814670562746
4678,2024-09-09,2790.4431159973146
4679,2024-09-10,2802.8417488098144
4680,2024-09-11,2832.1189151763915
4681,2024-09-12,2853.3543727874758
4682,2024-09-13,2868.784906578064
4683,2024-09-16,2872.403433418274
4684,2024-09-17,2873.0014446258547
4685,2024-09-18,2864.551108169556
4686,2024-09-19,2912.6472496032716
4687,2024-09-20,2907.3796829223634
4688,2024-09-23,2915.425901222229
4689,2024-09-24,2923.021280670166
4690,2024-09-25,2917.519610214233
4691,2024-09-26,2929.186665725708
4692,2024-09-27,2925.4861005783077
4693,2024-09-30,2937.372896957397
4694,2024-10-01,2910.878510093689
4695,2024-10-02,2911.2347621917725
4696,2024-10-03,2906.3283813476564
4697,2024-10-04,2931.6587278366087
4698,2024-10-07,2903.9411018371584
4699,2024-10-08,2931.3538932800293
4700,2024-10-09,2951.5814704895024
4701,2024-10-10,2945.788414955139
4702,2024-10-11,2963.5541313171384
4703,2024-10-14,2985.8636310577394
4704,2024-10-15,2963.729403305054
4705,2024-10-16,2977.4901937484738
4706,2024-10-17,2976.9968381881713
4707,2024-10-18,2988.8698991775514
4708,2024-10-21,2983.323511695862
4709,2024-10-22,2982.247530937195
4710,2024-10-23,2954.965476799011
4711,2024-10-24,2961.433419418335
4712,2024-10-25,2960.5718742370605
4713,2024-10-28,2968.1678310394286
4714,2024-10-29,2973.172355079651
4715,2024-10-30,2963.685509109497
4716,2024-10-31,2909.18499584198
4717,2024-11-01,2920.617880821228
4718,2024-11-04,2912.756065177917
4719,2024-11-05,2947.929169464111
4720,2024-11-06,3020.0482458114625
4721,2024-11-07,3042.7135791778564
4722,2024-11-08,3053.781514167785
4723,2024-11-11,3056.005417251587
4724,2024-11-12,3046.9368158340453
4725,2024-11-13,3047.377089881897
4726,2024-11-14,3029.196403884888
4727,2024-11-15,2989.87200717926
4728,2024-11-18,3001.8960439682005
4729,2024-11-19,3013.8399526596068
4730,2024-11-20,3014.011423110962
4731,2024-11-21,3030.0158992767333
4732,2024-11-22,3040.671406364441
4733,2024-11-25,3049.1799617767338
4734,2024-11-26,3066.3125606536864
4735,2024-11-27,3054.9900537490844
4736,2024-11-29,3072.1369144439695
4737,2024-12-02,3079.295290374756
4738,2024-12-03,3080.6767419815064
4739,2024-12-04,3099.139297294617
4740,2024-12-05,3093.271187591553
4741,2024-12-06,3100.9270484924314
4742,2024-12-09,3082.392138099671
4743,2024-12-10,3073.714374923706
4744,2024-12-11,3098.5497365951537
4745,2024-12-12,3081.584756660461
4746,2024-12-13,3081.0951513290406
4747,2024-12-16,3092.664531135559
4748,2024-12-17,3080.8211837768554
4749,2024-12-18,2990.888291168213
4750,2024-12-19,2988.3079742431637
4751,2024-12-20,3020.5335245132446
4752,2024-12-23,3041.941856575012
4753,2024-12-24,3075.0196434020995
4754,2024-12-26,3073.972344589233
4755,2024-12-27,3040.3809186935423
4756,2024-12-30,3008.4858737945556
4757,2024-12-31,2995.956191444397
4758,2025-01-02,2989.769124984741
4759,2025-01-03,3026.495617294311
4760,2025-01-06,3042.894737625122
4761,2025-01-07,3009.765671348572
4762,2025-01-08,3014.5344610214233
4763,2025-01-10,2969.0620418548583
4764,2025-01-13,2973.3943847656246
4765,2025-01-14,2976.876269721985
4766,2025-01-15,3030.843874549866
4767,2025-01-16,3024.7831115722656
4768,2025-01-17,3054.3002676010133
4769,2025-01-21,3081.060384368897
4770,2025-01-22,3099.68498954773
4771,2025-01-23,3115.7633718490597
4772,2025-01-24,3107.235048294068
4773,2025-01-27,3062.615266418457
4774,2025-01-28,3090.5375553131103
4775,2025-01-29,3076.230659675598
4776,2025-01-30,3092.589185142517
4777,2025-01-31,3077.2566976547246
4778,2025-02-03,3054.4591423034667
4779,2025-02-04,3076.4298282623295
4780,2025-02-05,3088.5338899612425
4781,2025-02-06,3099.4799987792967
4782,2025-02-07,3070.645795249939
4783,2025-02-10,3091.3585912704466
4784,2025-02-11,3092.2420410156246
4785,2025-02-12,3083.828120422363
4786,2025-02-13,3115.825818634033
4787,2025-02-14,3115.312164878845
4788,2025-02-18,3123.1450023651123
4789,2025-02-19,3130.504648208618
4790,2025-02-20,3117.2514217376706
4791,2025-02-21,3065.1245540618893
4792,2025-02-24,3050.3742918014527
4793,2025-02-25,3036.1721319198605
4794,2025-02-26,3036.6468559265136
4795,2025-02-27,2988.9500238418577
4796,2025-02-28,3035.3632743835446
4797,2025-03-03,2983.370370483398
4798,2025-03-04,2947.749462127685
4799,2025-03-05,2979.937787437439
4800,2025-03-06,2927.704955101013
4801,2025-03-07,2943.5421604156495
4802,2025-03-10,2865.6136293411255
4803,2025-03-11,2844.5878578186034
4804,2025-03-12,2858.233129882812
4805,2025-03-13,2819.9049448013307
4806,2025-03-14,2878.5780996322633
4807,2025-03-17,2896.871063041687
4808,2025-03-18,2866.988981628418
4809,2025-03-19,2897.5196365356446
4810,2025-03-20,2891.305628967285
4811,2025-03-21,2893.3657049179074
4812,2025-03-24,2943.1409648895265
4813,2025-03-25,2947.832913589478
4814,2025-03-26,2915.5102977752686
4815,2025-03-27,2906.429279899597
4816,2025-03-28,2850.6166601181026
4817,2025-03-31,2866.5675506591797
4818,2025-04-01,2877.230912590027
4819,2025-04-02,2896.2211072921755
4820,2025-04-03,2758.8870119094845
4821,2025-04-04,2596.9450389862063
4822,2025-04-07,2590.017998313904
4823,2025-04-08,2550.228011703491
4824,2025-04-09,2788.449952697754
4825,2025-04-10,2694.4649026870725
4826,2025-04-11,2742.677931213379
4827,2025-04-14,2763.9851087570187
4828,2025-04-15,2759.5249404907227
4829,2025-04-16,2700.148098564148
4830,2025-04-17,2703.460098075867
4831,2025-04-21,2641.9620969772336
4832,2025-04-22,2706.357881164551
4833,2025-04-23,2749.7179300308226
4834,2025-04-24,2804.79600982666
4835,2025-04-25,2824.792981147766
4836,2025-04-28,2827.06600151062
4837,2025-04-29,2842.850038909912
4838,2025-04-30,2846.6700271606446
4839,2025-05-01,2863.412067604065
